{"type":"FeatureCollection", "features": [
{"type":"Feature","geometry":{"type":"Polygon","coordinates":[[[-98.62472732853723,18.826026673566812],[-98.62467845974392,18.826044420340114],[-98.62435172045184,18.82616306035509],[-98.62428422972059,18.82618756976702],[-98.62398245031741,18.826297150191316],[-98.6228847100368,18.826622969734547],[-98.62222522972398,18.826666169611702],[-98.62190931038059,18.826620020125908],[-98.62146783014448,18.826531379686575],[-98.62120274035492,18.826502850060677],[-98.62104782967147,18.826486169697002],[-98.62073182972192,18.8264354299791],[-98.62058114957014,18.82641124972702],[-98.6201946604531,18.82635429032964],[-98.62008051969303,18.82633747984585],[-98.61949437986138,18.826293379607417],[-98.61842857993538,18.826213199822952],[-98.61824642003694,18.826209060284498],[-98.61799535040859,18.826203350287436],[-98.61762507995499,18.826267940145307],[-98.61696707989722,18.826179979800077],[-98.61619050990768,18.826104399697815],[-98.61548557974973,18.82598062961093],[-98.61482475503156,18.826179450163693],[-98.6174283446566,18.82712654329353],[-98.61851169844684,18.82993603527972],[-98.62163262683549,18.830746756058605],[-98.62278341540333,18.83183811249383],[-98.62320431064445,18.832236615567034],[-98.6259741231436,18.829316335153436],[-98.62470715223066,18.826857845402746],[-98.62472732853723,18.826026673566812]]]},"properties":{"N_CS_G1":"Eutrico","N_CP_G1":"Epipétrico","N_G2":"LEPTOSOL","TEXTURA":"GRUESA","F_SUPERF":"N"}},
{"type":"Feature","geometry":{"type":"MultiPolygon","coordinates":[[[[-98.58046648989827,18.770614789999556],[-98.58035353981698,18.770414020230337],[-98.58020925998483,18.769754119774433],[-98.5802096793743,18.769583960456405],[-98.57889158289598,18.769867660728302],[-98.57784470781692,18.768764976322416],[-98.57690221552541,18.76766252244867],[-98.57658984231452,18.766662040035612],[-98.57543442241636,18.76675995232593],[-98.57438228285002,18.76775732452062],[-98.57364527017066,18.768655999544706],[-98.57280092057921,18.770253699801632],[-98.57216758382812,18.771651926978162],[-98.57195409466274,18.77305224668242],[-98.5708997742465,18.77464945556824],[-98.57005825730752,18.775347919487558],[-98.56932085256521,18.776146032224137],[-98.56984423777863,18.776947058773043],[-98.57057646092645,18.77794851968885],[-98.57046613420843,18.780048349670487],[-98.57025313061789,18.781248712129894],[-98.5684680438945,18.78124458378515],[-98.56699606911195,18.78194044100284],[-98.56720189456493,18.78354168207258],[-98.56615063319832,18.78413909706929],[-98.56457597793417,18.783935466688884],[-98.5639432972305,18.78503429835311],[-98.5642525204537,18.787234514714413],[-98.56530000943093,18.788337274819],[-98.5659277938126,18.789138555552057],[-98.5650858502328,18.789736452338843],[-98.5635125150102,18.789233449301435],[-98.56214724623457,18.789230243819578],[-98.56151479109742,18.790228523464304],[-98.56045869338867,18.792426653913367],[-98.55987426065433,18.79387691356114],[-98.56003784315749,18.79392022814268],[-98.5589981962583,18.796614318213322],[-98.55895400408853,18.796729440596152],[-98.56033510475768,18.800229071779867],[-98.55895424833275,18.802517926297675],[-98.5579851548141,18.80451854952259],[-98.55788716516014,18.805395405080596],[-98.55800916985508,18.805353519914064],[-98.55824084708905,18.80542760478634],[-98.55840257001942,18.805479319919474],[-98.5586364300229,18.805520349613246],[-98.55876329036803,18.805542620356384],[-98.55925552016471,18.805512570338202],[-98.55974718005488,18.805701029911667],[-98.55991051039048,18.80598237971186],[-98.56036919960256,18.80623322034536],[-98.56092655007855,18.80639063012928],[-98.5613858200162,18.80642292034249],[-98.56171376956199,18.806486120036627],[-98.56213868016829,18.80651091025581],[-98.56227145987484,18.806518659954953],[-98.56266474968416,18.80667567988858],[-98.56295151983133,18.806592450373234],[-98.56309161981267,18.806551800040722],[-98.56338700046129,18.80652126017475],[-98.56364938043258,18.806553110147476],[-98.56378031024907,18.80667829030038],[-98.56397656993377,18.806738550279853],[-98.56459991962438,18.806929950273844],[-98.5651904203858,18.806962539698553],[-98.56552631028197,18.806940510297864],[-98.56564984997235,18.80693239958543],[-98.56614191045331,18.806964750316162],[-98.56645815007606,18.806946289677477],[-98.56724087953796,18.806991939872823],[-98.56800101963893,18.806862250215545],[-98.56819299959534,18.806750449709032],[-98.5683007998368,18.806687680294175],[-98.56883114045982,18.806382199808723],[-98.56906172046676,18.806251279948427],[-98.5693156498754,18.805988970325327],[-98.56933922994358,18.805769950373033],[-98.5693627096877,18.8055947401883],[-98.56936308974983,18.8054413797172],[-98.56947833992177,18.805397830040786],[-98.5697548900686,18.805288939904386],[-98.57000816965267,18.805289520001693],[-98.57012295047915,18.80542122968938],[-98.57023768995998,18.80557484979175],[-98.57051402957961,18.805553580124254],[-98.57086002001574,18.80531340011667],[-98.57097569020637,18.805094580257155],[-98.57125225965783,18.804985679744856],[-98.57148261958082,18.80494237991652],[-98.57192025000329,18.804877680206626],[-98.57240385988652,18.804834950256033],[-98.57286458035838,18.804748380295614],[-98.57304909008575,18.80461734974584],[-98.57318774022285,18.804420510097714],[-98.57334907969619,18.804355149709224],[-98.57385550967648,18.8044001200003],[-98.5744308900149,18.80448908002024],[-98.5746148597724,18.80457712016494],[-98.57477554001885,18.80477465992703],[-98.57479644798784,18.804814687703697],[-98.5752257054101,18.804345205735892],[-98.5747932154441,18.79969105619225],[-98.57540315568862,18.79906285631937],[-98.5753995998773,18.799006799644385],[-98.5758637795398,18.798347680332952],[-98.57605100013811,18.797467860267968],[-98.57619119964602,18.7968960198908],[-98.5764238897539,18.796324380393685],[-98.57656409035091,18.79575253970701],[-98.57651936962462,18.79513626030136],[-98.5763354504583,18.794695719852186],[-98.57610463005798,18.794519140410493],[-98.57578151961008,18.79425433960944],[-98.57564398033266,18.793769890423274],[-98.57569178023195,18.79315383027235],[-98.57601676955298,18.79267042991957],[-98.57624956967653,18.7920547797738],[-98.57634391984467,18.791306800274352],[-98.57625330971464,18.790558369911558],[-98.57602326028302,18.790073720361068],[-98.57546957039084,18.789544309866052],[-98.57523974960432,18.78897162992634],[-98.57510309012785,18.788135090286527],[-98.57501268043852,18.787298650013312],[-98.57529206046702,18.78655107983709],[-98.57575611014947,18.78593594976857],[-98.57603494002134,18.785408429885372],[-98.57603747995911,18.78439615035293],[-98.57636494986433,18.783315919712734],[-98.57662675028547,18.782547110256775],[-98.57697574036762,18.781558650012688],[-98.57711072729253,18.781319155082716],[-98.57632430056826,18.779812111208955],[-98.57662448697208,18.778120525356005],[-98.57840512491084,18.77657350677993],[-98.5788528354765,18.775164671793593],[-98.57856432656382,18.772201982326962],[-98.5801425223227,18.771659696730335],[-98.58013192039901,18.771524400162516],[-98.58027869037787,18.771177569904868],[-98.58033022847253,18.77112875233377],[-98.58046648989827,18.770614789999556]]],[[[-98.55662665405944,18.814227480912308],[-98.55729896960126,18.813530380065853],[-98.5576279704554,18.813187750285834],[-98.55812031016477,18.813126489822693],[-98.55871041993443,18.813315200334454],[-98.55910262025368,18.813909279638935],[-98.55933114982787,18.814346880373233],[-98.55958177953885,18.815112740039172],[-98.5597554296248,18.81522199996723],[-98.56001702996024,18.815566020151458],[-98.56013404996146,18.815633199810165],[-98.56014902992247,18.815633419762417],[-98.56018084991317,18.815660060235864],[-98.56041067965513,18.815598169578536],[-98.56044463033027,18.81516118024005],[-98.56044552033245,18.81481777972596],[-98.56057825001814,18.81425615010509],[-98.56067748042693,18.813944219680604],[-98.56071110982774,18.813632110406836],[-98.56071215039854,18.813226259943015],[-98.56045030980488,18.81297588993992],[-98.56035284977018,18.812601050275543],[-98.56002621984467,18.812038339638132],[-98.5598957696136,18.81172584968418],[-98.55979831034286,18.811351000273056],[-98.55979920008997,18.81100759961594],[-98.5597674499869,18.810601679589904],[-98.5596371102745,18.8102579696254],[-98.55930972006176,18.809976219948418],[-98.55901507984203,18.809725779814574],[-98.55891738033633,18.8094445801124],[-98.55891908977314,18.80878899995398],[-98.55865741976308,18.808476180002046],[-98.55810102995022,18.807944150051902],[-98.55777425000167,18.807443879546536],[-98.55764293341616,18.807150367744438],[-98.55761777201059,18.807094128045033],[-98.5575785099785,18.80700637040597],[-98.55755321154422,18.806909051491097],[-98.55605455855596,18.808988614771582],[-98.55533715721515,18.811337763763067],[-98.55689378449489,18.813746565896253],[-98.55662665405944,18.814227480912308]]],[[[-98.57052057789511,18.832883902990936],[-98.56923714036029,18.833734859956053],[-98.56807491045069,18.834445169835035],[-98.56786923024198,18.83476702008274],[-98.56773357965649,18.835200510375877],[-98.5675964804574,18.835600600358493],[-98.56745725959524,18.835824919835307],[-98.56710084971398,18.836020289675112],[-98.56654549001726,18.83591771034415],[-98.56603359970305,18.83565313995252],[-98.56564934025691,18.83541992033785],[-98.56534530981244,18.835232999880287],[-98.56493233979913,18.835107890007038],[-98.56486205518212,18.83511067450736],[-98.56524037695112,18.837535830489426],[-98.56445444207982,18.839774138739543],[-98.564149035054,18.842925219467062],[-98.56607968193059,18.84447626718892],[-98.56994766736841,18.845934638892754],[-98.57004703989237,18.84350493490204],[-98.57113041393531,18.84046521883363],[-98.57107737605999,18.838004658639015],[-98.5700545647332,18.835936114093286],[-98.57052057789511,18.832883902990936]]]]},"properties":{"N_CS_G1":"Calcárico","N_CP_G1":"Lítico","N_G2":"REGOSOL","TEXTURA":"MEDIA","F_SUPERF":"N"}},
{"type":"Feature","geometry":{"type":"MultiPolygon","coordinates":[[[[-98.55755321154422,18.806909051491097],[-98.55744858014539,18.80650655032587],[-98.55748294001587,18.805913489752076],[-98.55753184979956,18.805784419593554],[-98.55764791991682,18.805477539729957],[-98.55776975083162,18.80543571422296],[-98.55788716516014,18.805395405080596],[-98.5579851548141,18.80451854952259],[-98.5546737770048,18.800448323629368],[-98.55330016513453,18.797298871345006],[-98.55179731744622,18.800157867949274],[-98.5497448054294,18.802048516125637],[-98.54865899472794,18.801751039348286],[-98.54721935087872,18.801357802685896],[-98.54180975579075,18.801468828027456],[-98.53885713264587,18.803867750649605],[-98.53795672185957,18.80128872130001],[-98.53789572721767,18.798877835850828],[-98.5384452823012,18.795729654221187],[-98.53976527246923,18.7934385434135],[-98.54325945434262,18.79137870467053],[-98.5461134522924,18.787839616840586],[-98.54435086643754,18.783880298858403],[-98.54255008858955,18.782440060165772],[-98.54067349495898,18.78141082029947],[-98.53761390738808,18.776881137981377],[-98.53581330247924,18.77521038062743],[-98.53472989523037,18.77303982003993],[-98.53118978474127,18.76890083319256],[-98.52914516878953,18.767810055335463],[-98.52577261146052,18.766381496722918],[-98.52330828162273,18.764429900943316],[-98.52205433476217,18.762882416727418],[-98.52179617851188,18.762955184658686],[-98.52144618322657,18.76300173270681],[-98.52109618767973,18.76304828084918],[-98.52089513585648,18.763475913456286],[-98.52059459549164,18.76385584369727],[-98.52039628727876,18.763943448168764],[-98.52020779880527,18.764122583063678],[-98.51999313795537,18.764122029704566],[-98.51933255524284,18.764118068737144],[-98.51926673349976,18.764117899626175],[-98.51924578597888,18.764185625887908],[-98.5187381767152,18.765850594682664],[-98.5180688892527,18.767852918946947],[-98.51747070947064,18.76676010071648],[-98.5166384080875,18.76583725558396],[-98.51453056521069,18.765539191746758],[-98.51387019410251,18.76587185605179],[-98.51383806477433,18.76590905146641],[-98.51268021487361,18.767250347579814],[-98.51263125257351,18.769008000452974],[-98.51192407447418,18.770344819752207],[-98.51162528199944,18.77092921170361],[-98.51000155314972,18.76911068606583],[-98.50898684920381,18.771169679477843],[-98.50855168795098,18.773979172528666],[-98.50868182781012,18.776329245871537],[-98.5086280294417,18.77850938237118],[-98.5077736567423,18.781080532303736],[-98.50873497007878,18.78291879483853],[-98.51167262973325,18.783038354905546],[-98.51174869728956,18.785440248175743],[-98.51005483524791,18.787909793418656],[-98.51047442851484,18.79168740541695],[-98.51323626711194,18.794209303672737],[-98.51600589001562,18.79363925734316],[-98.5190120965168,18.79266874602146],[-98.51882887370013,18.795766976657713],[-98.51798215320065,18.79920804025325],[-98.51624203855472,18.802068385312634],[-98.51467816580754,18.804468263830863],[-98.51245764174209,18.807277610930697],[-98.50979501158105,18.808707563305294],[-98.50985565324116,18.811917126477148],[-98.51045093823674,18.81546699775247],[-98.51015315574622,18.819136522680033],[-98.50960417219785,18.82228686318704],[-98.50915342722917,18.82377569351093],[-98.51054785969443,18.823993939650823],[-98.51061025034494,18.82399791024039],[-98.51266087970039,18.824242219594176],[-98.51314402021093,18.824307459992486],[-98.51417278005066,18.824474690405875],[-98.5142205803107,18.82448394016119],[-98.51548059997702,18.824700000333586],[-98.51636698025128,18.824864310424946],[-98.51688138009895,18.824988999906843],[-98.51890065977861,18.825362429700448],[-98.51894724958586,18.825368970264673],[-98.5201737504674,18.825648889578567],[-98.52159188964009,18.825944090298293],[-98.52193152043606,18.826005119836548],[-98.52318562962344,18.826240770104796],[-98.52413062015529,18.826431369811765],[-98.52417922964257,18.826415120360455],[-98.52460819990968,18.82653919981914],[-98.52583626026704,18.826806309908875],[-98.52607860013656,18.826860619894752],[-98.52612510988513,18.826871310428835],[-98.52732265988455,18.827156489659014],[-98.52735879960166,18.827166649968564],[-98.52876489012594,18.827501979710906],[-98.5294386496451,18.827705850329725],[-98.53159672043056,18.828388689716206],[-98.53204494953289,18.82843475007408],[-98.53240024996072,18.828236710255208],[-98.53345835037236,18.8283423700012],[-98.53534643016894,18.82857821985536],[-98.53587861959461,18.828541060156],[-98.53636237008753,18.828469580179966],[-98.53804162020177,18.828313719670184],[-98.5391034502677,18.828277459828062],[-98.53934268970231,18.82822942991949],[-98.53979776966803,18.828077310085053],[-98.5401469995889,18.82803948037634],[-98.54037640014188,18.82813656984625],[-98.54050045016858,18.828175480264722],[-98.54059634994056,18.828112050049516],[-98.54030387977878,18.827373030207834],[-98.54023617042742,18.827379200368537],[-98.54008303028252,18.826873799779037],[-98.54054177018686,18.826640940112345],[-98.54016642968857,18.826020939892366],[-98.53955251983217,18.825273550394744],[-98.53957152047245,18.82505290992237],[-98.53935637958725,18.82467523032198],[-98.53897254031129,18.82450320012445],[-98.53864656980501,18.824163030119394],[-98.53832367956767,18.82334922017275],[-98.53775687966424,18.822433290324163],[-98.53776556956741,18.822239780252552],[-98.53703310995795,18.82168931994842],[-98.53676458005833,18.821490889908425],[-98.53601957984154,18.820907060330452],[-98.53564438009656,18.82051165997909],[-98.53517466030513,18.819911219898618],[-98.534618250007,18.819049779720302],[-98.53395262983163,18.81800776982991],[-98.5335071198318,18.817457879771077],[-98.53318794976607,18.817321020118477],[-98.53314086003058,18.81706325996508],[-98.5332314602012,18.816749999810668],[-98.53330351029237,18.816740249860555],[-98.53339248000273,18.816853080113415],[-98.53300375041171,18.81581756966607],[-98.53290560012873,18.815698740250042],[-98.53284300044574,18.815329280150255],[-98.53271145970503,18.81502129037671],[-98.53257255030422,18.814708999581942],[-98.53250416986883,18.814293260183447],[-98.53245575009646,18.813904769979853],[-98.53267018028492,18.813512890221933],[-98.53343073991783,18.81353012018474],[-98.53511914026093,18.813174740374613],[-98.53580885996911,18.812971399838425],[-98.53638231004642,18.813007519595356],[-98.53739422953652,18.813163380107213],[-98.53879906046585,18.81330978005614],[-98.53952545961076,18.81348423020505],[-98.54046009036401,18.813876780372762],[-98.54138395023503,18.814123080094223],[-98.5445608796145,18.815086459835342],[-98.54545111986897,18.815798509945914],[-98.54664637966775,18.817050429677685],[-98.5467409503626,18.81718002970004],[-98.54701801956601,18.815602049994823],[-98.5475889197558,18.81520576966894],[-98.54756119973065,18.815016090194234],[-98.54751475039592,18.81330759991144],[-98.54746085962238,18.81256277033414],[-98.54742493961776,18.81163974011845],[-98.54733176964241,18.81035843012238],[-98.54730538039632,18.80992034019965],[-98.54796827987475,18.809510000400543],[-98.55011794128959,18.808179311491276],[-98.55111875775121,18.807559764401745],[-98.551222649958,18.807495450387236],[-98.5511665101343,18.807862749748676],[-98.55125646019279,18.808615340253443],[-98.55131042014922,18.809070400354216],[-98.55117041961459,18.809441169782897],[-98.55113136968549,18.809544550189933],[-98.5509447700919,18.810002710200504],[-98.55094159972734,18.81004622990365],[-98.55078757025173,18.810330770334435],[-98.55094215010507,18.810990479650606],[-98.55134914985044,18.811308940420588],[-98.55160972016267,18.811552769569865],[-98.55164306026741,18.812332689919113],[-98.55167778034327,18.81321471014762],[-98.55181385008387,18.813638770104305],[-98.55206862019661,18.8138692599916],[-98.55218022019864,18.81417427991837],[-98.55263045985356,18.814387260407845],[-98.5530967504058,18.81430854038158],[-98.55363933976693,18.814559949754262],[-98.55386134021602,18.81473685983792],[-98.55400845033691,18.81519582008032],[-98.55416353999968,18.815422310311533],[-98.5546357497373,18.815488030013757],[-98.55519161968566,18.815649180213722],[-98.55553803012631,18.81516607967826],[-98.5559171999381,18.81493194034367],[-98.55660805036764,18.8142467703052],[-98.55662665405944,18.814227480912308],[-98.55689378449489,18.813746565896253],[-98.55533715721515,18.811337763763067],[-98.55605455855596,18.808988614771582],[-98.55755321154422,18.806909051491097]]],[[[-98.55707479473226,18.839581224042377],[-98.55688637019594,18.839567880196057],[-98.55654934042441,18.839536400008015],[-98.55627945980811,18.839590739958293],[-98.55612409001964,18.839634679752475],[-98.55581334998521,18.839891779968177],[-98.5537850603635,18.84165541974937],[-98.55249386018103,18.842731580408262],[-98.55156256972035,18.843545720357135],[-98.55154184986989,18.843544419990213],[-98.55135075011462,18.843495940047706],[-98.55124116995668,18.84357992004014],[-98.55040460038471,18.844192369560478],[-98.549347999633,18.844862770415926],[-98.54871463018934,18.84515395007675],[-98.5482087801093,18.845458999964357],[-98.5456672197717,18.847686579869503],[-98.54494978013012,18.848371110155604],[-98.54416084981693,18.8491791100694],[-98.54359128960846,18.849812449597795],[-98.5435100000268,18.849867580259982],[-98.5435022601904,18.84988150973326],[-98.54320622034513,18.84995294962349],[-98.54310036959392,18.84993954014556],[-98.54322654999929,18.850129770015034],[-98.54207288952225,18.850817370338287],[-98.54213576994809,18.85088610928026],[-98.54217164905057,18.850949059806446],[-98.54219942999188,18.85103486022123],[-98.54225694980278,18.851171450558162],[-98.54228626022237,18.851321030371146],[-98.5423128296689,18.851585819710625],[-98.54238348976139,18.85193597983112],[-98.5423831627409,18.852254598612813],[-98.54308287172128,18.85241356225433],[-98.54422749750708,18.854762705012778],[-98.54482231336432,18.85814414380808],[-98.54675273537126,18.86043306441873],[-98.54925548322228,18.860183851634567],[-98.55319254844737,18.86073335302963],[-98.55403461760952,18.860684542382653],[-98.55523748768259,18.86061512894967],[-98.55638924511192,18.85878329541635],[-98.55433676952276,18.856834212023738],[-98.55283387216043,18.85528407471245],[-98.55168932891965,18.852413073369465],[-98.55235358401936,18.84961421427529],[-98.55428393215514,18.84858407533792],[-98.55626763653248,18.847784496874052],[-98.55837344041512,18.845895050693105],[-98.558320297676,18.843545199362037],[-98.55747336532009,18.841195717857467],[-98.55707479473226,18.839581224042377]]]]},"properties":{"N_CS_G1":"Eutrico","N_CP_G1":"Endoléptico","N_G2":"REGOSOL","TEXTURA":"MEDIA","F_SUPERF":"N"}},
{"type":"Feature","geometry":{"type":"Polygon","coordinates":[[[-98.62454464729875,18.833287765272672],[-98.62464965027127,18.833084340010423],[-98.62466515036417,18.83304332029801],[-98.62480945956312,18.832661519702977],[-98.62482945961936,18.83252114015481],[-98.62487402012792,18.832208290028944],[-98.62493831017717,18.83187594986461],[-98.62518068968181,18.831664029785426],[-98.62535216969162,18.831514090319438],[-98.62567018006183,18.831393849581037],[-98.62573869045328,18.83135391984067],[-98.62608378034508,18.831152880424035],[-98.6264342902137,18.830700219773142],[-98.62654602971429,18.830573230019827],[-98.62675282970484,18.830338169664703],[-98.6269444896376,18.829885180374514],[-98.62700877045707,18.82955285022169],[-98.62729500000867,18.829432520425502],[-98.62745419983436,18.829281719971917],[-98.62742283022186,18.829100320383077],[-98.6273441101046,18.829025119585534],[-98.62732770974533,18.8290094603251],[-98.62725923040819,18.82883463019787],[-98.62723290994272,18.82876748005357],[-98.6272018798976,18.828434940028192],[-98.6272029502206,18.82795134984346],[-98.62723544999717,18.827618949816927],[-98.627108689903,18.827467579976737],[-98.62697438002947,18.827410480304213],[-98.62682297980089,18.827346109717993],[-98.6269189098193,18.827074289871383],[-98.62707838029148,18.826802600077542],[-98.62720621956223,18.82647037986657],[-98.62721031998551,18.826116149844605],[-98.62681731997955,18.825964199573136],[-98.62655976975137,18.825864630395067],[-98.62637974965646,18.825793920302715],[-98.62582824988976,18.825577309635538],[-98.62543110967985,18.825746540365564],[-98.6251550804483,18.825864170336608],[-98.62504120023019,18.825912690127396],[-98.62472732853723,18.826026673566812],[-98.62470715223066,18.826857845402746],[-98.6259741231436,18.829316335153436],[-98.62320431064445,18.832236615567034],[-98.62454464729875,18.833287765272672]]]},"properties":{"N_CS_G1":"N","N_CP_G1":"Vértico","N_G2":"REGOSOL","TEXTURA":"MEDIA","F_SUPERF":"N"}},
{"type":"Feature","geometry":{"type":"Polygon","coordinates":[[[-98.55331777441104,18.871755324235455],[-98.55350262969553,18.871887859729938],[-98.55377394042502,18.871985349738814],[-98.55392965016433,18.872137829975742],[-98.5540219683136,18.872313736674716],[-98.55560341257015,18.873433269603847],[-98.55927339637218,18.87458299270296],[-98.55759451746948,18.87016423804019],[-98.56066940823173,18.868101983977088],[-98.56252383118135,18.86644348624848],[-98.56223347247888,18.862433589899588],[-98.56284407411299,18.86036433700959],[-98.56639972611548,18.85745472712558],[-98.5666971208311,18.855333892619406],[-98.56544600290606,18.850683484286435],[-98.56791068797692,18.85017523328929],[-98.5704362012018,18.85023418803922],[-98.57351110055659,18.850063917828052],[-98.5766316362631,18.851555454995843],[-98.57722672623501,18.85390540792931],[-98.58040796233811,18.854654824084495],[-98.58081390210636,18.85460942481915],[-98.58294151340007,18.85437472598619],[-98.58624495562373,18.854664538777698],[-98.58883167863313,18.857134113017896],[-98.59026565742789,18.858623940153336],[-98.5917688867582,18.860923887162087],[-98.59464522671924,18.86270378706278],[-98.59585057239661,18.865052756530222],[-98.5971095301321,18.86683473600199],[-98.59945168436595,18.869242631615137],[-98.60029124524748,18.871253008601343],[-98.60172565473319,18.87315282155205],[-98.60612003006496,18.87424443940361],[-98.60972896837251,18.87476268575859],[-98.61165176304824,18.872363900165155],[-98.61514615284482,18.870303875818834],[-98.61803045686702,18.86955408593878],[-98.62055610732304,18.868123449829366],[-98.62369187122655,18.86555530217743],[-98.62717124803665,18.867443248546405],[-98.62939891850105,18.8676239444656],[-98.63289365348326,18.86986314658426],[-98.63643390585982,18.871133106869586],[-98.63648670985194,18.873593652973632],[-98.6356398552253,18.876634216644113],[-98.63617401099077,18.879042612589018],[-98.63762365290094,18.88070382232225],[-98.64065491360346,18.87747773902176],[-98.64037655033624,18.877344710322987],[-98.64005273967445,18.877232030017737],[-98.63972951980898,18.876839180036356],[-98.6393771796448,18.87627820010859],[-98.63929237977798,18.876104459636114],[-98.63917186044722,18.87585756961012],[-98.6389852502946,18.87516242042194],[-98.63897842996627,18.875137030440392],[-98.63897510965506,18.87507887961709],[-98.63893208973181,18.874324649589436],[-98.63889034998633,18.873716310138796],[-98.6388398298272,18.873477479578593],[-98.63877154953717,18.873154740093575],[-98.63861936981372,18.87240091967406],[-98.63845441958247,18.87190552042136],[-98.63841609002132,18.871790450121157],[-98.63824393968069,18.871471080439065],[-98.63810043031638,18.87114333962712],[-98.63784128036413,18.8708118901333],[-98.63774803020047,18.87070334988836],[-98.63760837028796,18.870540749823533],[-98.63731356980075,18.870176599707268],[-98.63698351996227,18.869936630448784],[-98.63676870963812,18.869741859664597],[-98.63675682004741,18.869668600038057],[-98.63672205988449,18.869454690139477],[-98.63678245036884,18.869164770289416],[-98.63683697980191,18.868911170063917],[-98.63686512024024,18.86878035035322],[-98.63686091980428,18.868397970396693],[-98.63678571000911,18.86818313959817],[-98.63671791955227,18.867989519832793],[-98.63655200024729,18.867700859620026],[-98.6363384798966,18.867366150318347],[-98.63628851022422,18.867287830155988],[-98.63608557043156,18.86699150984628],[-98.6358599202327,18.8665553499474],[-98.6357790201369,18.866390940425973],[-98.63556233976149,18.865950620051375],[-98.6355713700695,18.865354020397405],[-98.63554862036155,18.864998799908182],[-98.6353646503661,18.864498980115286],[-98.6357030604097,18.864448950406445],[-98.63590054983497,18.864185090030798],[-98.63594374968899,18.863950259864744],[-98.63606085043754,18.863513249905388],[-98.63637321997452,18.862705879574808],[-98.63658142046442,18.862361689957748],[-98.6367582600754,18.862022119683676],[-98.63689927997189,18.861834419994878],[-98.63699816997922,18.861775690423304],[-98.63724907996523,18.861750799633974],[-98.6375535504471,18.86173782956924],[-98.63740478010224,18.86146682037082],[-98.63716519976333,18.86124185029223],[-98.63693444960133,18.861065550290853],[-98.6367268199264,18.860889289868275],[-98.63649621991308,18.860647059626938],[-98.63626551971525,18.860448770081916],[-98.63603486024537,18.860228510424456],[-98.63578091016652,18.86009612020173],[-98.63543459978985,18.859919599698085],[-98.63504217036176,18.85969901958151],[-98.6348345401193,18.859522770332575],[-98.63453454036369,18.859302370298813],[-98.6342806000727,18.859169979664244],[-98.63409440001944,18.8589617395698],[-98.63368745977657,18.858715980319207],[-98.63328875030248,18.8585589396177],[-98.63320203003963,18.85852476967519],[-98.63283057038694,18.858496859848994],[-98.63248802989722,18.858305919661394],[-98.63208018026151,18.857957169897723],[-98.63177468990125,18.857788089951637],[-98.63128903028466,18.857705580241905],[-98.63091780012057,18.857568949599955],[-98.63063243043923,18.857378120387875],[-98.63034717979174,18.857132939998515],[-98.63011885995414,18.856996580320754],[-98.6298904000424,18.85691458045246],[-98.62974781968192,18.85677839985219],[-98.62949103021995,18.85658763032585],[-98.62914867957363,18.856315140373635],[-98.62877570962299,18.856150430000895],[-98.62843524998874,18.855851659592112],[-98.62794965017068,18.855741969722803],[-98.62774977988275,18.855660029853155],[-98.62692116988401,18.855576830325006],[-98.62668180022331,18.855576339860317],[-98.6264353399688,18.85557584958751],[-98.62606405958746,18.85546638035692],[-98.62592153983356,18.855303019650282],[-98.62577961992241,18.854867859995263],[-98.62569454964478,18.85456871005791],[-98.62555214045118,18.854350980348347],[-98.62543842031847,18.854078939755848],[-98.62506768993744,18.853724860105483],[-98.62491511033275,18.8535556801629],[-98.6248077704647,18.853436679581634],[-98.62452623016999,18.853044259922267],[-98.62438362959492,18.852908079696224],[-98.62404118023042,18.85268993981604],[-98.6238594500432,18.852618799980704],[-98.62341303044582,18.852444049599],[-98.62312743041278,18.85236193959642],[-98.62305901987351,18.852318350214887],[-98.6228705802086,18.852198319698452],[-98.62269959974344,18.85198054034098],[-98.6226713399036,18.851844579674548],[-98.62267182981553,18.851627139652475],[-98.62264385012368,18.851355279742442],[-98.6227937799806,18.85117781983341],[-98.62287308007366,18.851083950264467],[-98.62287345037987,18.850920859830843],[-98.62286868015835,18.850368479672532],[-98.62305005001943,18.849888719831608],[-98.6230649104668,18.84969656974812],[-98.62308716993716,18.849408679998376],[-98.6230510295543,18.849278679666018],[-98.62294408996875,18.848893979971958],[-98.62284939966302,18.848682619664327],[-98.62272881996533,18.848413429836757],[-98.62251332028691,18.848035770447108],[-98.62244188987322,18.84772697958597],[-98.62233448956553,18.847383819768307],[-98.62224582984814,18.84710767973402],[-98.62219126038073,18.84693770958999],[-98.62211065016244,18.846860709715077],[-98.62201137000359,18.846765879578573],[-98.62183201956306,18.846353979559932],[-98.62176042952905,18.846113779828393],[-98.62165356962534,18.8455305696322],[-98.62158215031785,18.845221769579027],[-98.62157093956658,18.845178689538876],[-98.62150918009354,18.844941600381826],[-98.62143916996475,18.84467277984898],[-98.62134178041369,18.844486569691234],[-98.62115195002882,18.84412349039094],[-98.62097237023131,18.84381448993528],[-98.6206485504417,18.84350517985247],[-98.6202161203512,18.84340141955857],[-98.61991974007287,18.843221170224417],[-98.61982006032642,18.843160549686754],[-98.61967630953127,18.842954490338506],[-98.6195695102963,18.84283971967761],[-98.61946858006587,18.84273127964098],[-98.61938855006252,18.842645259945638],[-98.61920993963507,18.842160570100283],[-98.61917353965252,18.842061829596982],[-98.61910234986318,18.841650149543483],[-98.61906714988785,18.841272849684437],[-98.61907302953524,18.841212829808555],[-98.61910405952881,18.840895689949853],[-98.6192126897882,18.840690149630724],[-98.61923168966098,18.840495949638882],[-98.61924024965744,18.840408460220992],[-98.61924960006688,18.840312980210374],[-98.6190346603133,18.839695260052647],[-98.61899905954819,18.839489419999346],[-98.61897382027104,18.83915066034653],[-98.61896468016698,18.83902808966071],[-98.61900605006717,18.838899249576073],[-98.61906454957385,18.83873965005206],[-98.61923891953488,18.838618830017985],[-98.61953474038455,18.838570580445992],[-98.61983377981309,18.83841217961365],[-98.62004677978487,18.83819069039606],[-98.62029854981641,18.83818474981927],[-98.62031497041457,18.838184350365214],[-98.62052950970092,18.838218060148897],[-98.62071054988154,18.838246489889347],[-98.62090742028765,18.838257910409965],[-98.62132031032854,18.838281860402883],[-98.62171492009605,18.838282660199084],[-98.62196624995413,18.83818080000664],[-98.62218194971906,18.837976509883738],[-98.62229003008254,18.837772000114658],[-98.62218309034874,18.837464689761596],[-98.62213458008803,18.837387429917342],[-98.62196861966494,18.837123050170156],[-98.62189717958844,18.836986420359374],[-98.62185178027413,18.83675338025891],[-98.62179078024045,18.836440260419458],[-98.62193519998945,18.83603109018481],[-98.62225841996144,18.835861139580164],[-98.6223307702548,18.83558830956253],[-98.62272574962265,18.835418510404217],[-98.62292028995034,18.835352859575632],[-98.62322835000013,18.835248910144156],[-98.62347991993711,18.835044689842483],[-98.62362408993341,18.83473789032196],[-98.62391168030186,18.834465509667776],[-98.62409131995018,18.83432937965923],[-98.624235349707,18.83409082955283],[-98.62423579993649,18.833886090288413],[-98.62442594992687,18.83351772033336],[-98.62454464729875,18.833287765272672],[-98.62320431064445,18.832236615567034],[-98.62278341540333,18.83183811249383],[-98.62163262683549,18.830746756058605],[-98.61851169844684,18.82993603527972],[-98.6174283446566,18.82712654329353],[-98.61482475503156,18.826179450163693],[-98.61474893995724,18.82620226022172],[-98.61423098034508,18.82639518024386],[-98.61384510979168,18.826421170323254],[-98.61303980012549,18.828015650316058],[-98.61231255039651,18.82896435031498],[-98.6114443795676,18.829588140161],[-98.61124462953565,18.830174489743133],[-98.6112251497894,18.8302316595434],[-98.61010282985544,18.83039859969742],[-98.6100060497539,18.830412999994522],[-98.60973387955481,18.830419890056323],[-98.6092796897761,18.830431430443788],[-98.60918555032758,18.83043381978291],[-98.6088038795775,18.83044348962536],[-98.60835411980705,18.830454909640153],[-98.60825582977954,18.830455080372023],[-98.60718490984524,18.830456849600527],[-98.60715169011078,18.830450139569212],[-98.60670515024415,18.830360000286653],[-98.60637429022371,18.829959860218967],[-98.60607702035406,18.829600340383045],[-98.60604255038476,18.829539139844826],[-98.60571146045342,18.828951149700742],[-98.60568788994935,18.82891455007714],[-98.60536253973072,18.82840923005702],[-98.60503762017416,18.82798560006709],[-98.60465208033366,18.827627800200947],[-98.60427885030295,18.8274091500748],[-98.60409706014734,18.827306030441722],[-98.6038777102767,18.827181579757777],[-98.6033999496434,18.827399429793118],[-98.6020765797821,18.827383919611975],[-98.6009654895808,18.82736951992754],[-98.60017877970125,18.827853949546874],[-98.59940237975297,18.828509819819615],[-98.59855899954118,18.828507999730864],[-98.59791531986997,18.82852772011132],[-98.59700510961088,18.828631319715864],[-98.5965390496819,18.828630309545808],[-98.59645034965797,18.828587889545048],[-98.59627285039456,18.828566399561435],[-98.59613943008603,18.828671679591853],[-98.59609480014271,18.828777139937202],[-98.59593883039642,18.82903014033576],[-98.59571628986268,18.82928299961504],[-98.59542731021943,18.829472369774223],[-98.59504980001026,18.82955599976992],[-98.5947264601942,18.82970248022623],[-98.594423230291,18.829502000153532],[-98.5940329996629,18.82932888978208],[-98.59365364967555,18.82946112014977],[-98.59349097981426,18.82961024962068],[-98.59346662047028,18.829836399728194],[-98.59327947967643,18.830049230049664],[-98.59299401977809,18.830202879570358],[-98.59257619988531,18.830148950055804],[-98.59235362030904,18.83001594965066],[-98.59112204976286,18.830386110104186],[-98.59001829021393,18.83071782036614],[-98.58971319961138,18.83070125968201],[-98.58807791989223,18.830612520108946],[-98.58774813963633,18.8305946299038],[-98.58598690971532,18.83141344954432],[-98.58556665955714,18.83169422999856],[-98.584899429535,18.83204489035116],[-98.5846277203088,18.832138179719106],[-98.58415583035182,18.832176149691538],[-98.58405994979766,18.832183880405758],[-98.58388770996487,18.83220073989888],[-98.58359092002623,18.83222976966236],[-98.5832700802087,18.832229059947917],[-98.58320769028776,18.832240780279275],[-98.58287342985376,18.83230359986818],[-98.58277622987241,18.832321860151513],[-98.58230708978039,18.832414709699727],[-98.58213379991592,18.832625620240233],[-98.58209279964667,18.83270314999595],[-98.58205941969094,18.83276631040437],[-98.58196033996416,18.83290693985485],[-98.58173769033894,18.833117719606893],[-98.58156462973234,18.83311237038945],[-98.58104362046066,18.83248456970029],[-98.58089235034397,18.832823919893475],[-98.58127437013295,18.833089139808088],[-98.58095742013143,18.83307596989409],[-98.5801716602976,18.833100910198347],[-98.57866414039714,18.83296648978132],[-98.57803514953666,18.83285049013828],[-98.57758913987155,18.832618830410546],[-98.57685134962945,18.832190460310606],[-98.57647551952988,18.832177230283133],[-98.57574187997834,18.832158650275634],[-98.57512683031673,18.832122769689683],[-98.57402615045191,18.83178688965487],[-98.57340915021165,18.832234080407353],[-98.57275605035892,18.83222077967401],[-98.57200020046497,18.83225444958075],[-98.57171542993191,18.832342460347288],[-98.57071756971396,18.832753289777305],[-98.57052057789511,18.832883902990936],[-98.5700545647332,18.835936114093286],[-98.57107737605999,18.838004658639015],[-98.57113041393531,18.84046521883363],[-98.57004703989237,18.84350493490204],[-98.56994766736841,18.845934638892754],[-98.56607968193059,18.84447626718892],[-98.564149035054,18.842925219467062],[-98.56445444207982,18.839774138739543],[-98.56524037695112,18.837535830489426],[-98.56486205518212,18.83511067450736],[-98.56471753954007,18.83511639975135],[-98.56424977987328,18.835134909597986],[-98.5628167095562,18.83599915026656],[-98.5620542596412,18.836458939968626],[-98.56144021961157,18.83682859978866],[-98.56089287969924,18.837156649543168],[-98.56033671037338,18.837466550085487],[-98.55981546028104,18.837623419637055],[-98.55939453978529,18.837741650132713],[-98.55931939965642,18.83776273967363],[-98.55874382994645,18.83797488979847],[-98.55851797987795,18.838176260138788],[-98.55830537973371,18.8385142797042],[-98.55817132029232,18.838818550315366],[-98.55799520042144,18.839246619938688],[-98.55787552039708,18.839353109838253],[-98.55771534008427,18.839495680392247],[-98.5573451497186,18.83960036962233],[-98.55707479473226,18.839581224042377],[-98.55747336532009,18.841195717857467],[-98.558320297676,18.843545199362037],[-98.55837344041512,18.845895050693105],[-98.55626763653248,18.847784496874052],[-98.55428393215514,18.84858407533792],[-98.55235358401936,18.84961421427529],[-98.55168932891965,18.852413073369465],[-98.55283387216043,18.85528407471245],[-98.55433676952276,18.856834212023738],[-98.55638924511192,18.85878329541635],[-98.55523748768259,18.86061512894967],[-98.55403461760952,18.860684542382653],[-98.55319254844737,18.86073335302963],[-98.54925548322228,18.860183851634567],[-98.54924757151798,18.86511372276507],[-98.55104811942101,18.86809251289827],[-98.55284872021308,18.869072896150204],[-98.55331777441104,18.871755324235455]]]},"properties":{"N_CS_G1":"N","N_CP_G1":"Eutrico","N_G2":"PHAEOZEM","TEXTURA":"GRUESA","F_SUPERF":"PEDREGOSA"}},
{"type":"Feature","geometry":{"type":"Polygon","coordinates":[[[-98.58991448645118,18.8925111579201],[-98.59412612240519,18.89131167995173],[-98.59692568362624,18.89242261147658],[-98.59800473910232,18.89457472538247],[-98.59750988122109,18.898731978700276],[-98.59818096136561,18.902244459031024],[-98.59895324263869,18.903909010622435],[-98.59807319035933,18.906586686176116],[-98.59894238044814,18.908435584708734],[-98.60165774751367,18.909643417299126],[-98.60199018553537,18.90961250106549],[-98.60262894219682,18.909552870610742],[-98.60272013812207,18.90938926411178],[-98.6036017326677,18.909789928046848],[-98.60558554730204,18.906641248337717],[-98.60711144061128,18.90284991943905],[-98.60854594749738,18.89953171639007],[-98.60848527417538,18.896550377956896],[-98.61089633346143,18.895861838389255],[-98.61577165751663,18.8955816896162],[-98.61805291205826,18.89610266958401],[-98.61909556302142,18.896389495230448],[-98.61964832491698,18.896540878352557],[-98.62083273477819,18.896865265110076],[-98.62099820792297,18.89691079003475],[-98.62135694342179,18.893642242357434],[-98.61950289126587,18.891341811431282],[-98.61812163000384,18.88888192426219],[-98.6128418555889,18.88887209584277],[-98.61068276259137,18.883593114132836],[-98.6104388608395,18.88130274846462],[-98.60911890396851,18.878092817402077],[-98.60972896837251,18.87476268575859],[-98.60612003006496,18.87424443940361],[-98.60172565473319,18.87315282155205],[-98.60029124524748,18.871253008601343],[-98.59945168436595,18.869242631615137],[-98.5971095301321,18.86683473600199],[-98.59585057239661,18.865052756530222],[-98.59464522671924,18.86270378706278],[-98.5917688867582,18.860923887162087],[-98.59026565742789,18.858623940153336],[-98.58883167863313,18.857134113017896],[-98.58624495562373,18.854664538777698],[-98.58294151340007,18.85437472598619],[-98.58081390210636,18.85460942481915],[-98.58040796233811,18.854654824084495],[-98.57722672623501,18.85390540792931],[-98.5766316362631,18.851555454995843],[-98.57351110055659,18.850063917828052],[-98.5704362012018,18.85023418803922],[-98.56791068797692,18.85017523328929],[-98.56544600290606,18.850683484286435],[-98.5666971208311,18.855333892619406],[-98.56639972611548,18.85745472712558],[-98.56284407411299,18.86036433700959],[-98.56223347247888,18.862433589899588],[-98.56252383118135,18.86644348624848],[-98.56066940823173,18.868101983977088],[-98.55759451746948,18.87016423804019],[-98.55927339637218,18.87458299270296],[-98.55854813329782,18.877792925534383],[-98.56059308357455,18.878652942293073],[-98.56311851306845,18.880953270992393],[-98.56587293338474,18.881703063822194],[-98.57026741598237,18.882510847897912],[-98.57375464753736,18.88377170299942],[-98.5745568461321,18.885211618586606],[-98.57539863965017,18.886721661184364],[-98.57567687548526,18.88722161349948],[-98.58054475920306,18.88722252460535],[-98.583787649588,18.88849280915983],[-98.58348983487554,18.890841859008724],[-98.58590122994906,18.890502712563602],[-98.5881211155832,18.890331430560497],[-98.58991448645118,18.8925111579201]]]},"properties":{"N_CS_G1":"N","N_CP_G1":"Háplico","N_G2":"LEPTOSOL","TEXTURA":"GRUESA","F_SUPERF":"GRAVOSA"}},
{"type":"Feature","geometry":{"type":"Polygon","coordinates":[[[-98.58348983487554,18.890841859008724],[-98.5800564593918,18.89215243936467],[-98.57614991689643,18.893751069227626],[-98.5739143533422,18.89656221306176],[-98.57211359357144,18.894320185989553],[-98.56784860445543,18.895181266914157],[-98.56478922615634,18.89477081641658],[-98.5612335892414,18.894190820401892],[-98.55912778092882,18.89293189104987],[-98.5552293011416,18.892981321221065],[-98.5547487782347,18.8929180365879],[-98.55212840329504,18.891037603300614],[-98.54482492981624,18.890826645211845],[-98.54410448259688,18.89126770491518],[-98.54137007264733,18.892943037743645],[-98.5441987190373,18.8971975633633],[-98.54743350883453,18.901647342400164],[-98.55087136649816,18.905904385590507],[-98.55471681686599,18.909389653403277],[-98.55673626931147,18.913063655347905],[-98.55754410954776,18.914609842478274],[-98.55942094619628,18.91546608472151],[-98.56114905571485,18.918269503456507],[-98.56342298631921,18.919369525469342],[-98.56618517239049,18.920798268180242],[-98.56931299856332,18.921319569878396],[-98.5737077581503,18.9233597535465],[-98.57520340101796,18.919669177273796],[-98.57840013766986,18.918759193623146],[-98.57905670840914,18.9161206511467],[-98.57960601924142,18.91387950580818],[-98.58302387649088,18.913259136967614],[-98.58507684394068,18.911831327489715],[-98.58754123068587,18.91394931654436],[-98.5891661641791,18.91545087153706],[-98.59163075656669,18.915099348735765],[-98.59314129885853,18.91241066916421],[-98.59350007532649,18.908630446751125],[-98.59344640790219,18.906050159611414],[-98.59208099012004,18.901340943461232],[-98.58990648995136,18.89916152338055],[-98.58810602356094,18.896461001266047],[-98.58883077885481,18.894231507348657],[-98.58991448645118,18.8925111579201],[-98.5881211155832,18.890331430560497],[-98.58590122994906,18.890502712563602],[-98.58348983487554,18.890841859008724]]]},"properties":{"N_CS_G1":"Eutrico","N_CP_G1":"Epipétrico","N_G2":"PHAEOZEM","TEXTURA":"GRUESA","F_SUPERF":"N"}},
{"type":"Feature","geometry":{"type":"MultiPolygon","coordinates":[[[[-98.65246627629604,18.88186257556122],[-98.65238022045558,18.88187265027152],[-98.65208888978104,18.88182170985367],[-98.6518235397986,18.882022769639477],[-98.65172941966806,18.882245260059676],[-98.65166379954081,18.882400369923655],[-98.65150023012177,18.882605179603104],[-98.65147802963968,18.882632979805475],[-98.65139396953124,18.882878599761103],[-98.65145137019883,18.883265230129204],[-98.65127396971845,18.883470490411394],[-98.65121662958188,18.883088079771458],[-98.65099587962972,18.882812620172395],[-98.65068915046665,18.88283557971092],[-98.6506076198586,18.882841689661117],[-98.65054002968007,18.88284675013591],[-98.64915791971191,18.88337908958378],[-98.64914319999608,18.8833847503834],[-98.64901875043492,18.883403620108297],[-98.648885779745,18.883423770059878],[-98.64838568032539,18.883198999879824],[-98.64817157022887,18.88310276977064],[-98.64763614021001,18.882893399681652],[-98.64744218045651,18.882910940357327],[-98.64725177046131,18.88292817035684],[-98.64709299970805,18.8829425197342],[-98.64644124967361,18.883154909617417],[-98.64602044976823,18.88335368005602],[-98.64591491998546,18.88337708016638],[-98.645606220406,18.88344551038929],[-98.64525044961373,18.88356017990412],[-98.64497987990084,18.88363565998196],[-98.6448846503066,18.883662220413708],[-98.64442997020598,18.883752250050065],[-98.64388268983507,18.88384474998518],[-98.64348931033257,18.883962029954336],[-98.64322011044928,18.884017830274985],[-98.64289578044395,18.884129279814285],[-98.64302068957826,18.883474449983137],[-98.64323396993913,18.882875889620372],[-98.64345899967725,18.88255244992611],[-98.64366604964295,18.882113649578912],[-98.64384604997548,18.881752829690285],[-98.6441632303349,18.88107428983945],[-98.6432876597348,18.880296910296398],[-98.64288734038881,18.880557179724416],[-98.64252104994908,18.88023442968943],[-98.64231618006856,18.87958967977088],[-98.6422290001552,18.87902920017046],[-98.64217113983896,18.87852481959815],[-98.64193625010512,18.878160169704906],[-98.6414949203923,18.877879170375348],[-98.64065491360346,18.87747773902176],[-98.63762365290094,18.88070382232225],[-98.63617401099077,18.879042612589018],[-98.6356398552253,18.876634216644113],[-98.63648670985194,18.873593652973632],[-98.63643390585982,18.871133106869586],[-98.63289365348326,18.86986314658426],[-98.62939891850105,18.8676239444656],[-98.62717124803665,18.867443248546405],[-98.62369187122655,18.86555530217743],[-98.62055610732304,18.868123449829366],[-98.61803045686702,18.86955408593878],[-98.61514615284482,18.870303875818834],[-98.61165176304824,18.872363900165155],[-98.60972896837251,18.87476268575859],[-98.60911890396851,18.878092817402077],[-98.6104388608395,18.88130274846462],[-98.61068276259137,18.883593114132836],[-98.6128418555889,18.88887209584277],[-98.61812163000384,18.88888192426219],[-98.61950289126587,18.891341811431282],[-98.62135694342179,18.893642242357434],[-98.62099820792297,18.89691079003475],[-98.62083273477819,18.896865265110076],[-98.61964832491698,18.896540878352557],[-98.61909556302142,18.896389495230448],[-98.6190862123905,18.900492456521356],[-98.61907747663903,18.904324295373947],[-98.61745709959106,18.908536897443433],[-98.61623875724082,18.913133276872262],[-98.6170309766826,18.91888382257251],[-98.61722076139712,18.923867200016844],[-98.61801656822814,18.92808477979995],[-98.61982147602554,18.93153738563382],[-98.62021912694976,18.933646169101003],[-98.61940968912147,18.935369512508885],[-98.61980968509279,18.936711254829223],[-98.62101287426417,18.938821690488066],[-98.62000218294382,18.940544622653086],[-98.61967392765894,18.941318900841516],[-98.61959693379424,18.94150174902929],[-98.62113704007155,18.94191272306638],[-98.6215997735733,18.94151828563413],[-98.62412513048359,18.942267890769006],[-98.62629206131123,18.943237023122446],[-98.62790952960474,18.94490768016435],[-98.62994669522516,18.945258579723525],[-98.63283839631234,18.946288958666123],[-98.63482213247006,18.94502765773222],[-98.63705049876965,18.94072912965988],[-98.63952243527781,18.939308320956417],[-98.64342869097979,18.94056870586751],[-98.64560331928854,18.938799302659994],[-98.64858650461801,18.940637328961355],[-98.65017354792838,18.938798973111655],[-98.64944893754878,18.93645013961091],[-98.64739634800188,18.934439934776076],[-98.64470319660865,18.93053966379699],[-98.64567245026319,18.927499312690244],[-98.64951757628728,18.928648741816357],[-98.65240186235317,18.928889160604324],[-98.65462980283212,18.929919080594726],[-98.65648381975649,18.933249426850757],[-98.65846716136727,18.934627916557307],[-98.65986369407307,18.931529535890316],[-98.65787226635334,18.928029516909014],[-98.65739938927007,18.92562017315011],[-98.65735350193451,18.922820752672553],[-98.65945167787899,18.920810417439586],[-98.66209949313887,18.91818086964755],[-98.66656887643974,18.91609456269813],[-98.66741010360602,18.915701820180914],[-98.66673872299329,18.913670581381187],[-98.66673842430787,18.909661355110753],[-98.66356451141812,18.906330966463713],[-98.66079492208691,18.90386095110566],[-98.6617029765262,18.90151175333177],[-98.66314492704618,18.89985262621428],[-98.66097829991043,18.89802197890586],[-98.66219161107108,18.8958416574198],[-98.66074929307207,18.893313056349623],[-98.65888778281499,18.89091358514656],[-98.66016209989898,18.88615319849469],[-98.66542439899257,18.887361018842096],[-98.66549681575651,18.88732404156171],[-98.66565019965941,18.887245719626367],[-98.6660417404116,18.8871139100068],[-98.66607427803436,18.887101479433195],[-98.66779935294001,18.885644019009003],[-98.66496876321071,18.8829525365918],[-98.66221478739112,18.879393556569678],[-98.65993361183791,18.87887311710407],[-98.65571376299538,18.884712545660264],[-98.65299742644514,18.88511303021004],[-98.65228832158036,18.882243443253255],[-98.65246627629604,18.88186257556122]]],[[[-98.65522417238802,18.875779226263944],[-98.65321670987507,18.875339249682654],[-98.65345498009425,18.875823220322562],[-98.65348811034315,18.87588654043241],[-98.65360395010619,18.876107920029217],[-98.6536037796853,18.876189420299465],[-98.6536035800434,18.876282939730302],[-98.6536031500299,18.87649602990913],[-98.65360242981778,18.876847430256667],[-98.65351223041857,18.877074799978104],[-98.653441570228,18.8771305796999],[-98.65333248006537,18.877216679960448],[-98.65309808972657,18.877463369582888],[-98.65306270975894,18.877500600066522],[-98.65303214982792,18.877813420014483],[-98.65309892040945,18.87801842011528],[-98.65314371964838,18.87815597983855],[-98.65321711021514,18.87838132041094],[-98.65322028992217,18.878692980331902],[-98.65322487955638,18.879142199850854],[-98.65306816962503,18.879273510268483],[-98.65292456954244,18.87939385002783],[-98.65287216963974,18.879437740241542],[-98.65294774970681,18.879823709876405],[-98.65288137954931,18.880145850336227],[-98.65277636963313,18.88031037957643],[-98.65277789026194,18.880547229740632],[-98.6527790498562,18.880727569861758],[-98.65277975016862,18.8808404302169],[-98.65267301961302,18.881218140105727],[-98.65267259417946,18.881421000891386],[-98.6551797428686,18.876054810806696],[-98.65522417238802,18.875779226263944]]],[[[-98.66742338177055,18.85733699569035],[-98.66739874047465,18.857267859677194],[-98.66729517005463,18.856977259939395],[-98.66713951970145,18.857013980328723],[-98.66714134034476,18.857041880408097],[-98.66716277005155,18.857371089901147],[-98.66709705039631,18.85749976974472],[-98.66698721979503,18.857714800396934],[-98.66678503028562,18.857881179916514],[-98.66661637005808,18.857942260392957],[-98.66637991955493,18.857990049938692],[-98.66614994009184,18.858026200133228],[-98.66587389028305,18.858157110294957],[-98.66580784990202,18.858326509653807],[-98.66575271985784,18.858555049913623],[-98.66567262990071,18.85876039967132],[-98.66550180029638,18.858909800448718],[-98.66518562969563,18.85892637044044],[-98.66480235016488,18.85882228022465],[-98.66433547971302,18.858895419641193],[-98.66398529023873,18.85896877016058],[-98.66355687960112,18.859263910165044],[-98.66336183001302,18.85955947971016],[-98.6630888495497,18.859928880298344],[-98.66301382043477,18.86004424998509],[-98.6629420195173,18.860154650434914],[-98.66264188032073,18.860616170096602],[-98.66263318034358,18.86062954006497],[-98.66242147961232,18.861033970134557],[-98.66232806002753,18.861265679926117],[-98.66235416991249,18.861633630140773],[-98.66230667999903,18.86207286032878],[-98.66203352011594,18.8625162303777],[-98.66172149017025,18.862959540231326],[-98.66140967974391,18.863291879917863],[-98.66136642984206,18.86333285034982],[-98.66101998022451,18.863661059912356],[-98.66074713957573,18.86395648025156],[-98.6606297700523,18.86428917990278],[-98.66066748022227,18.8648810804556],[-98.66066650988363,18.86536194043988],[-98.66058811953675,18.865657709870682],[-98.66039306004828,18.865953279945884],[-98.66019822034853,18.866137879659494],[-98.65988683018195,18.866248280453508],[-98.65926451964721,18.86624714030287],[-98.65895328026463,18.866283550056814],[-98.65887534999098,18.866357379798437],[-98.65869565973524,18.86628147981372],[-98.65847835037705,18.866255229896367],[-98.65815222976813,18.866306309777347],[-98.65788038017317,18.866383319808303],[-98.65763568024417,18.866486229934353],[-98.65736351016275,18.866718260194713],[-98.6572269201443,18.86707973986989],[-98.65719985786504,18.8677171192634],[-98.65820163242317,18.866894173355732],[-98.66168855836949,18.866434013728004],[-98.66488524911342,18.86541407180917],[-98.66609101085459,18.863005504475407],[-98.66699875126213,18.858874754366223],[-98.66742338177055,18.85733699569035]]]]},"properties":{"N_CS_G1":"N","N_CP_G1":"Háplico","N_G2":"REGOSOL","TEXTURA":"GRUESA","F_SUPERF":"N"}},
{"type":"Feature","geometry":{"type":"MultiPolygon","coordinates":[[[[-98.65267259417946,18.881421000891386],[-98.65267227989882,18.88157085993257],[-98.65259222992648,18.881847829854575],[-98.65246627629604,18.88186257556122],[-98.65228832158036,18.882243443253255],[-98.65299742644514,18.88511303021004],[-98.65571376299538,18.884712545660264],[-98.65993361183791,18.87887311710407],[-98.66221478739112,18.879393556569678],[-98.66496876321071,18.8829525365918],[-98.66779935294001,18.885644019009003],[-98.66607427803436,18.887101479433195],[-98.66642589018753,18.88696715002412],[-98.66670467866916,18.88670790948086],[-98.66676760009304,18.886649400384027],[-98.66702143146715,18.886497081955934],[-98.66735813887247,18.88629502918327],[-98.667407379682,18.886265480010266],[-98.66749678958473,18.886159755872825],[-98.66764117032598,18.88598903035071],[-98.66784661954479,18.885744720331132],[-98.6679974001758,18.88548608971217],[-98.66838306001445,18.88518683016082],[-98.66872187963989,18.884842969966325],[-98.66940811967413,18.885443569937937],[-98.67021005037705,18.885499490352537],[-98.67078365018956,18.885119080257386],[-98.67135737035956,18.884684170189768],[-98.67193055014818,18.884521709856877],[-98.6723315504168,18.88452242021795],[-98.67253242037765,18.88418684981992],[-98.67248542970954,18.88402848014406],[-98.67248557009401,18.883762249922338],[-98.6724038497001,18.883463920050655],[-98.67237620016238,18.883033690321792],[-98.67227862001474,18.882963430332122],[-98.67214593992969,18.882592489655533],[-98.67211657041007,18.88221157964666],[-98.67202339993997,18.881804749679745],[-98.6720305701241,18.881510509648177],[-98.67200359962514,18.881031540016522],[-98.67197980037182,18.880282150194766],[-98.6720785700246,18.880002280252594],[-98.67201815013813,18.879740080366915],[-98.67167234959005,18.879534200299055],[-98.67136791992482,18.879437249863432],[-98.67116316974825,18.879227690278167],[-98.67115151037521,18.879215749715385],[-98.67093082994565,18.878984800441685],[-98.67071253977421,18.87888847992023],[-98.67065565010326,18.87885188042337],[-98.67055657046578,18.878788139763113],[-98.67037168046721,18.87871405986211],[-98.67024339973848,18.878629649596647],[-98.67004153962067,18.87847868023174],[-98.67000882993874,18.87843452030933],[-98.66983887999321,18.878205059642447],[-98.66966753955114,18.8779668303793],[-98.66954183026233,18.87778386013386],[-98.66934285991331,18.87767031010942],[-98.66949370992731,18.877425979966215],[-98.66953800036659,18.877135000314063],[-98.66953856971489,18.8768439398458],[-98.6696265100067,18.876594619895325],[-98.66977614000741,18.87638611026284],[-98.6698710595982,18.876253830355505],[-98.67005220028634,18.87608931984387],[-98.67018439997189,18.87589808026184],[-98.67019965047618,18.875876049678215],[-98.67041530989613,18.87570203000918],[-98.67062722961357,18.87521617003707],[-98.6707339495559,18.875074910318993],[-98.67076636954889,18.874831309549585],[-98.67072905957258,18.874666350041416],[-98.67071619960215,18.874609490065403],[-98.67068127956257,18.87454938029725],[-98.67058391979366,18.874381749588117],[-98.67062977982194,18.87411580044504],[-98.67081344968068,18.87388340028308],[-98.67086394974194,18.873840310013897],[-98.67100150954073,18.873722969933898],[-98.67105208973216,18.873625680314113],[-98.67107254960942,18.87350884958582],[-98.67102352014803,18.873352770298762],[-98.67083125041299,18.873294079966872],[-98.67068265963965,18.87324888983516],[-98.67051648038161,18.87302321967861],[-98.67053394974181,18.872847679797797],[-98.67059464995317,18.87276500028979],[-98.67072748019612,18.872584059570173],[-98.6708404899637,18.872594279707926],[-98.67124920009458,18.87252926038506],[-98.67152126047398,18.872421339564443],[-98.67151456967203,18.872204720200383],[-98.6711312901382,18.871962690363038],[-98.67051341986753,18.871766740225002],[-98.67027619966777,18.87169462028716],[-98.67010929000764,18.87164387973703],[-98.67001004997603,18.871294179757722],[-98.67032301958344,18.871227060148996],[-98.67052271011845,18.87114032032604],[-98.67063449022594,18.870980370387237],[-98.6704872503172,18.8706353102037],[-98.67018733958122,18.87041221959221],[-98.67012445999379,18.870354800224614],[-98.66983419957738,18.870089879701457],[-98.669281030248,18.86993488007835],[-98.66884955045322,18.869844950206033],[-98.66854833953067,18.869787109949506],[-98.66843328955093,18.869541419709165],[-98.66846999961541,18.86913911008938],[-98.66865615014825,18.868951280294926],[-98.66919668039807,18.86884805001821],[-98.66942737021532,18.86876356964151],[-98.6696246301044,18.868671949640266],[-98.6697476198483,18.868490079580283],[-98.66982339980372,18.868214340414255],[-98.66986691982697,18.86805594992524],[-98.66996825965217,18.867862799646588],[-98.66987804955276,18.867765770254508],[-98.66970160044373,18.867682460026234],[-98.66949560020306,18.867575849795955],[-98.66940155023194,18.86752272029197],[-98.6694338203057,18.867421370182868],[-98.66955390998947,18.867384340407142],[-98.66975541971465,18.867376579612152],[-98.66995394986404,18.867434139764146],[-98.67007982998399,18.867456509804622],[-98.67019840000476,18.867417150128276],[-98.67021261984407,18.86733254005785],[-98.6702504800809,18.867227059608073],[-98.67019695009704,18.867010460312372],[-98.6701711097052,18.866744119729333],[-98.6701930498306,18.866568349590707],[-98.67022865003409,18.866328999634526],[-98.66989534966297,18.866121309785495],[-98.66978874000387,18.86586853968912],[-98.66990180038594,18.865558320364336],[-98.66977671965796,18.865391690070997],[-98.66970777957872,18.86529989022887],[-98.6696272799176,18.865251309826785],[-98.66951957043612,18.86518633979772],[-98.66954192023898,18.8650650803051],[-98.66955375043814,18.865000829832923],[-98.66961621987224,18.864872380073308],[-98.66959856971337,18.864711949562537],[-98.66959193998898,18.864651709550063],[-98.66955040019731,18.864537939878332],[-98.66951647993278,18.864445049653117],[-98.66939299976104,18.864378549927782],[-98.66935471005232,18.864357919665082],[-98.66927919968558,18.8643339803767],[-98.66903446035664,18.864232320151658],[-98.66866079958686,18.86418651963645],[-98.66853222001362,18.86411908954768],[-98.66843035020533,18.864065689752305],[-98.66800464999612,18.86379688960652],[-98.66796148980727,18.86362540027317],[-98.6679522301339,18.863588599661078],[-98.66792928992797,18.86349743005511],[-98.66797990975621,18.863294509616747],[-98.66799169035409,18.86324732044404],[-98.66801237030316,18.86316442972528],[-98.66806039958081,18.86292526021769],[-98.66814862006035,18.862907380165204],[-98.66853511978924,18.86282902014184],[-98.66874865967897,18.862708320113523],[-98.66872751024006,18.86253537003789],[-98.66864912017148,18.862455309917202],[-98.66863180039009,18.862437600284675],[-98.66849742029336,18.86227319997571],[-98.66828975027406,18.862019169996938],[-98.66804614034712,18.861721149738973],[-98.66803962991953,18.86170532017347],[-98.66790395026287,18.861375620170087],[-98.66792619992383,18.86109024982002],[-98.66794051037441,18.860906629992865],[-98.6679911403239,18.86070917957885],[-98.66802373969003,18.860582000315787],[-98.66808467986374,18.86038020007559],[-98.6681694197602,18.86009950981977],[-98.66801488033173,18.859874350433728],[-98.66797613983624,18.859760939939772],[-98.66785553974935,18.85940786036104],[-98.66784175032441,18.859367480296314],[-98.66783893977794,18.859033860440487],[-98.66783817962477,18.85894379966632],[-98.66781180025195,18.858850419918028],[-98.66777238022787,18.85866096968248],[-98.66774543031377,18.85853142012105],[-98.66772342017154,18.85831505043188],[-98.66770594027857,18.858143289917123],[-98.66770402021223,18.85812428992969],[-98.66764264993301,18.85795211989544],[-98.6675099501885,18.857579879914184],[-98.66742338177055,18.85733699569035],[-98.66699875126213,18.858874754366223],[-98.66609101085459,18.863005504475407],[-98.66488524911342,18.86541407180917],[-98.66168855836949,18.866434013728004],[-98.65820163242317,18.866894173355732],[-98.65719985786504,18.8677171192634],[-98.65719839981057,18.86775145967095],[-98.65719751010853,18.868190690242553],[-98.65727758000779,18.868888449974484],[-98.65740535040065,18.869526940317243],[-98.65741205990504,18.869560480253185],[-98.65743797997679,18.870180630310085],[-98.6573824898561,18.870748950146314],[-98.65738130999036,18.871333780081557],[-98.65737939966402,18.872273350143526],[-98.6575687402444,18.872687110155468],[-98.65773096964583,18.873074970238207],[-98.65775714036435,18.873565919845912],[-98.65768881972629,18.873823689893058],[-98.65767500021903,18.873875830219834],[-98.65759511951764,18.87406466039666],[-98.65756579959498,18.874134000097307],[-98.65748377041442,18.87439221957058],[-98.65751014960534,18.874779830199603],[-98.65756081961993,18.875140549706376],[-98.65769568010559,18.875285400271324],[-98.65772892006366,18.87555859973543],[-98.65764378031999,18.87587980030515],[-98.65752525958887,18.876008110257235],[-98.65740688955846,18.8760560895862],[-98.65730538015772,18.876120179558505],[-98.65722304972489,18.876263089994918],[-98.65720365987441,18.87629672032002],[-98.65720340043866,18.876425259899822],[-98.65709924982971,18.8763474300283],[-98.65680146008786,18.876124910440254],[-98.65619531994489,18.875992060061353],[-98.65549478035422,18.87583854007184],[-98.65547457974381,18.875834110321446],[-98.6553487995306,18.875806539891133],[-98.65522417238802,18.875779226263944],[-98.6551797428686,18.876054810806696],[-98.65267259417946,18.881421000891386]]],[[[-98.67413890375057,18.949961717571522],[-98.67419897995717,18.94967284967584],[-98.6743608599418,18.948986179737474],[-98.67444253964067,18.94826121958286],[-98.67460441960156,18.947574549765815],[-98.67492705020697,18.946773679795935],[-98.67512052039811,18.94593545034152],[-98.67518489045275,18.94546705034819],[-98.67585351987096,18.945019770060675],[-98.67629900045169,18.944661050247994],[-98.6763084202258,18.944296309991547],[-98.67621914010908,18.943975539739046],[-98.67604613972196,18.94346833969921],[-98.67582568997015,18.942372830364047],[-98.67575321980154,18.941725249575434],[-98.67553645971996,18.941203200236696],[-98.67540038020314,18.94062970974079],[-98.67537305978887,18.940301920334118],[-98.67563784981691,18.939577879997778],[-98.67592853972724,18.93890823004012],[-98.67565888986896,18.938021379575897],[-98.67584384953958,18.937312350247197],[-98.67579031977783,18.93661074960559],[-98.67588135042158,18.936134549842702],[-98.67599904987331,18.93565056978691],[-98.67612334007768,18.93525604979172],[-98.67624739973704,18.934872879777437],[-98.6763416499525,18.934466799859244],[-98.67635587990527,18.93440545989054],[-98.6765716198514,18.933881680267184],[-98.67672294993875,18.93349403007492],[-98.67687347993783,18.933111449687942],[-98.67709456973546,18.93273039998054],[-98.6771386301076,18.932370629829432],[-98.67721981966544,18.931936170268973],[-98.67746086037141,18.93185368012918],[-98.67733381981098,18.931271999698545],[-98.67726687997781,18.930758769783708],[-98.67737126027679,18.930459059557858],[-98.67741058011961,18.9299313795835],[-98.67754741963648,18.92977178031126],[-98.67778442963869,18.928736719692154],[-98.67764757037438,18.928202230049642],[-98.67785402972012,18.92764009007214],[-98.67768436996735,18.927041950446196],[-98.6777352004155,18.926766230322542],[-98.67766109020408,18.926185719961065],[-98.677946340075,18.924259579678242],[-98.67809190975554,18.923717479894083],[-98.67851699968946,18.923327679969915],[-98.67915206005208,18.923341680358035],[-98.67950686047536,18.92290485984142],[-98.67885024957769,18.922689050334316],[-98.67923047975422,18.922294739783883],[-98.67973935005386,18.92205425976801],[-98.6799795404471,18.92197566003539],[-98.68050211956576,18.92153414986661],[-98.6810845704801,18.9212454297384],[-98.6816350801341,18.920733429550058],[-98.68192907961124,18.920292769951633],[-98.68288077960199,18.919699850170776],[-98.68348415002852,18.91920138006302],[-98.68410657024513,18.918644600061956],[-98.6843770203486,18.918046519888076],[-98.68444115026183,18.917586520387488],[-98.68467646039657,18.917024480124685],[-98.68528007988986,18.91687834955118],[-98.68599484982515,18.916615220389545],[-98.68661386002564,18.916561709617483],[-98.6871536896101,18.91540748037126],[-98.68756531005201,18.91517324976777],[-98.68813749020694,18.915326380240298],[-98.68843714999362,18.91534136970262],[-98.68896877972239,18.915252380339783],[-98.68943392013364,18.91499413994626],[-98.68983234992689,18.914575050182773],[-98.69013664953661,18.91452222957461],[-98.69050489010604,18.914497539759928],[-98.69098066032426,18.914164030163906],[-98.69192127994886,18.914435580198894],[-98.6928559504491,18.914464489932044],[-98.69318005041858,18.91456388958754],[-98.69373644984942,18.914632289974097],[-98.69385923024986,18.914299419897027],[-98.69384049046886,18.913980219718677],[-98.69369128973305,18.91358264961937],[-98.69374948967021,18.913365799873237],[-98.6945108196565,18.913265060218134],[-98.69481462957603,18.91347308040469],[-98.69512656988714,18.91334568012708],[-98.69546048970572,18.913403339589262],[-98.69603112019155,18.912892850004543],[-98.6968065396541,18.912574280409018],[-98.69709748976234,18.912219920203924],[-98.69745116980931,18.911995909767892],[-98.69754556971958,18.911936119664812],[-98.6976968198711,18.911519980041522],[-98.69813768983556,18.911192000127414],[-98.69817233986731,18.91091362014864],[-98.69910822994751,18.91016232019079],[-98.69962554041373,18.90964209009723],[-98.69965311970299,18.908501769898866],[-98.69964014985621,18.908308540285105],[-98.69947045029086,18.908027969654043],[-98.6993777196046,18.90783981984644],[-98.69971048009909,18.906898429910914],[-98.70018734985061,18.906503539936836],[-98.70092420044641,18.905588480389277],[-98.70115746037658,18.905129310293002],[-98.70324756954385,18.903583860027318],[-98.70489382982186,18.902975859935758],[-98.70621801955225,18.90297794976183],[-98.70734322988356,18.902855510031788],[-98.70722431018766,18.90201570994171],[-98.70722507276813,18.90157522362629],[-98.70722507433922,18.90157429081787],[-98.70722583040072,18.90113793990737],[-98.7071980346031,18.900920825173532],[-98.70710434955083,18.900189049986786],[-98.70705121375386,18.899991254759424],[-98.70699099972344,18.89976711013649],[-98.70711765226939,18.899561372251117],[-98.7074006874868,18.899101597370816],[-98.70740494001105,18.899094690388452],[-98.7072861464373,18.898799869860323],[-98.70712188999948,18.8983922200331],[-98.70758559958855,18.897823510138135],[-98.70766196993755,18.897594970063107],[-98.7074970001179,18.896752460417073],[-98.70756394969979,18.895805969754328],[-98.70742398010394,18.895380430390123],[-98.70686010973235,18.894982199960786],[-98.70607422029695,18.894277119564823],[-98.70597409029476,18.89362308041523],[-98.70580679985561,18.892512060222625],[-98.70572786045791,18.89175148993908],[-98.70568061988324,18.89078962043972],[-98.70609965994802,18.889872110367474],[-98.70621017965973,18.889280199977247],[-98.70637170984836,18.888848939594293],[-98.70651228010458,18.888508060327514],[-98.70701036995989,18.887243850287767],[-98.70721954022032,18.886619249876524],[-98.70769514010725,18.885984140148857],[-98.70798834001491,18.885909979772315],[-98.70877445021128,18.884408769753946],[-98.70932281993,18.88367028003634],[-98.70970502002038,18.88355278003149],[-98.71004705983734,18.882456219670672],[-98.71010325046761,18.882275279892003],[-98.71049308041925,18.880937090253212],[-98.710904969653,18.879587089571523],[-98.71096177043853,18.879088549779922],[-98.71096960996437,18.87906616130713],[-98.71107545038618,18.878763879970936],[-98.71134503038773,18.878560049771114],[-98.71147512034979,18.87828605036552],[-98.71148123128923,18.878279290907766],[-98.71162320610303,18.87812223963538],[-98.7118088504196,18.87791687988825],[-98.7121034596198,18.87797539048627],[-98.71231256958575,18.87801692019171],[-98.71252539954055,18.877971230283],[-98.71280773665016,18.878005742883996],[-98.7128596599392,18.878012089735723],[-98.71299453990773,18.877905979800627],[-98.7135036495564,18.87727954013],[-98.71379691000725,18.876824549940938],[-98.71402908992185,18.87601151003862],[-98.71415408003745,18.875217290143954],[-98.7141402002409,18.874327779730237],[-98.7140708601518,18.873866569873826],[-98.71413908011857,18.87356842001682],[-98.71414345000001,18.8728513998455],[-98.71398974973027,18.87188077972845],[-98.71376643029214,18.871516179819043],[-98.71377205025851,18.87131502015559],[-98.71365770953915,18.87099971972009],[-98.71346062982308,18.870849579848752],[-98.71344099954146,18.870376619789862],[-98.71355953984407,18.8698507100683],[-98.7138775997747,18.86946337028212],[-98.71391645996263,18.86895609033211],[-98.71396546013062,18.868386719832195],[-98.71357951954698,18.86801571975493],[-98.71355351992176,18.86757074959312],[-98.7134715097954,18.86724362009898],[-98.7129311703191,18.86754843032252],[-98.71278894892744,18.867790430610807],[-98.71278890724938,18.867790502151863],[-98.71259994970623,18.86811203120357],[-98.71259988022794,18.868112151042023],[-98.71259979726992,18.868112040555495],[-98.71250522906385,18.86798648088867],[-98.71249526840892,18.86784049647159],[-98.71249525858524,18.86784035135596],[-98.71249511407132,18.86784050578194],[-98.7124405487832,18.867899110170963],[-98.7116514298573,18.868066430392567],[-98.7110783389148,18.868053920020067],[-98.7106821999134,18.868350859585206],[-98.71051858043229,18.86891772080678],[-98.71024895039612,18.86949065052002],[-98.70975957976803,18.86966452122639],[-98.70936731893418,18.870112311241098],[-98.70884314011369,18.870998449890017],[-98.70864585001841,18.871497459679386],[-98.70837742940401,18.872020090154038],[-98.70791603014347,18.872398849987043],[-98.70731587901986,18.87244442956797],[-98.70635019935037,18.872285460319222],[-98.70611837005454,18.87219552003947],[-98.70519037946933,18.8723895713249],[-98.7044689491115,18.8724296312849],[-98.7040060792769,18.87269502113035],[-98.70395265002061,18.87277151062705],[-98.70323850997313,18.873793920243518],[-98.70244990929818,18.8752989813271],[-98.70180292043088,18.875788149596126],[-98.70087964890403,18.876027979819995],[-98.69986767985586,18.876252110061987],[-98.69888906000935,18.876591380016645],[-98.69775995004163,18.876952520032958],[-98.6975064601326,18.877807781096422],[-98.69972166932536,18.879751256607488],[-98.7000728557348,18.88005935561853],[-98.70008764838887,18.880072333392306],[-98.7001053338093,18.880087848766138],[-98.70042182361156,18.880365506157737],[-98.7005012289602,18.880435170908097],[-98.70108665981002,18.880948749683842],[-98.70218553991359,18.88191278094864],[-98.70220433869592,18.882091219857923],[-98.70275288038478,18.887789020010146],[-98.70294050964452,18.889744939992774],[-98.70282469038784,18.890453139901805],[-98.702200720431,18.89079799959146],[-98.70224189019723,18.89132796995432],[-98.70146763008702,18.891950570447236],[-98.7007263504568,18.892549459633482],[-98.70066890961564,18.892838030205926],[-98.70037465975145,18.893651860015872],[-98.70031366012601,18.893795710138743],[-98.69997314024387,18.893951819903023],[-98.69872333352971,18.894499538755834],[-98.6984762497418,18.894607819608222],[-98.6984127227505,18.894614533117053],[-98.69829011983198,18.89462749065834],[-98.69804910887692,18.89463017105463],[-98.69792585010529,18.894720340064215],[-98.69733082043034,18.895047540144216],[-98.6967881695984,18.8950741699946],[-98.69625836957046,18.895088890340904],[-98.69528259983034,18.894929549602768],[-98.6949500295699,18.89518231981381],[-98.69470290957425,18.89518528018491],[-98.6945826203694,18.89468768959427],[-98.69255928995123,18.896321419668467],[-98.68968160011278,18.898135909616464],[-98.68867669019396,18.89848562002164],[-98.68796226007552,18.898459970367814],[-98.68752071016466,18.89885449032448],[-98.68717000024702,18.89985345968287],[-98.68687645985024,18.90026192009813],[-98.68639577017412,18.900435910322035],[-98.6854364603753,18.901125749970827],[-98.68462915032289,18.901605080160632],[-98.684059490085,18.902443570268122],[-98.68321468001548,18.903368769787466],[-98.6827455496208,18.904155400342614],[-98.68185974018526,18.905385879938862],[-98.68162878004755,18.906310060178342],[-98.68141454970284,18.90716732020172],[-98.67291474975288,18.909440859867228],[-98.66592891001858,18.906039720000006],[-98.66580191046327,18.905603599698736],[-98.66568023017336,18.905334569848193],[-98.66545316961827,18.905085420436492],[-98.66530575040879,18.90491569037335],[-98.66518545019102,18.90459121964275],[-98.6651364000251,18.904212850343285],[-98.66519358029525,18.903781319784606],[-98.66528054979108,18.903561310347857],[-98.66523177980932,18.903171829641455],[-98.66525613606588,18.902959551051367],[-98.66527623031426,18.90278441974654],[-98.6652943246899,18.90270122145051],[-98.66530423418561,18.902655661380848],[-98.66536904995314,18.902357660147775],[-98.66536536917579,18.90231244956956],[-98.66533837970647,18.90198091965796],[-98.66521677970772,18.901717030280015],[-98.66513429005659,18.901349520285805],[-98.66502735042867,18.901233969557335],[-98.66499439978136,18.90108521971638],[-98.66501368732396,18.90099248227608],[-98.6650248061291,18.90093902078891],[-98.66503585998885,18.900885880288488],[-98.66497249031559,18.90048396960854],[-98.66496653990397,18.900112490266874],[-98.664711319863,18.89963298024217],[-98.66445888997397,18.89933204964141],[-98.66421993969935,18.899180659902882],[-98.6637804197588,18.898931849880285],[-98.66360171988296,18.898900570089157],[-98.66350331047276,18.898816419783394],[-98.66341457027396,18.89863000002483],[-98.66334650963856,18.898478200334736],[-98.66327795014473,18.898346889551267],[-98.66320640031172,18.89833847967155],[-98.66301990978963,18.89833433999773],[-98.66288330978377,18.898344970042167],[-98.66259465977048,18.898365949995508],[-98.66232508954161,18.898359979871795],[-98.6620319396667,18.898345939833746],[-98.66182056309371,18.898258448626756],[-98.66181988955584,18.898258170151102],[-98.661685849992,18.898225000322647],[-98.6615270902525,18.898229030228592],[-98.66143195011364,18.898226920105238],[-98.66134824996922,18.898081599938923],[-98.66133624133975,18.89798238064757],[-98.66131525981233,18.897809019587594],[-98.66144525007068,18.89768351995532],[-98.66160125028556,18.897468000163233],[-98.6617225499452,18.897372520172542],[-98.66180682998846,18.897170489604207],[-98.66188777975633,18.897104339599597],[-98.66214278043519,18.89717956978478],[-98.66226348972938,18.89734336992544],[-98.66247737990089,18.89725848932692],[-98.66250638041448,18.897246980359196],[-98.66274885036125,18.897167549808774],[-98.6628246497053,18.89698267998419],[-98.66283665983183,18.89685573962354],[-98.66285111419212,18.896837616667298],[-98.6631567703114,18.896454379595404],[-98.66339058004561,18.896442459903064],[-98.66352837235085,18.896317273751446],[-98.6636294295797,18.896225460396465],[-98.6637409101574,18.89607403006346],[-98.66394257001583,18.89590749030204],[-98.66421565011058,18.895759649846717],[-98.6642150300085,18.895581369968724],[-98.66421990237292,18.89538201540595],[-98.6642272777158,18.89508024955597],[-98.66424165044401,18.89449213974932],[-98.66420616966138,18.893861679583466],[-98.66417189020358,18.89318282037933],[-98.66438535046765,18.89277582976265],[-98.66492937970224,18.892376170243605],[-98.66564665958673,18.892174079633598],[-98.66583671979895,18.892030304585166],[-98.66611322041209,18.89182114034375],[-98.6663804896383,18.89129425003195],[-98.66644789032908,18.890617630217246],[-98.6669637979608,18.889771842230502],[-98.66703092008896,18.88966180009979],[-98.66714688245109,18.889535425274946],[-98.66729227966867,18.88937696995171],[-98.66729389301761,18.889310856831003],[-98.6672984558327,18.88912391005678],[-98.66730054986768,18.88903811030714],[-98.66742445210777,18.888709890086783],[-98.66747897751863,18.88856544930117],[-98.66751815025027,18.888461680050927],[-98.6674343395704,18.88838595017745],[-98.66712098014317,18.888247089820187],[-98.66678690975797,18.888145479656043],[-98.66662722962924,18.888198479756554],[-98.66649723042364,18.888252140101798],[-98.66635828031063,18.888267910376438],[-98.66630097031943,18.88818183042483],[-98.66622078578179,18.888074966454948],[-98.6660996495888,18.887913520250695],[-98.66593657829048,18.88777909191128],[-98.66587647997929,18.88772954976699],[-98.66569126015969,18.887612370195782],[-98.66556985973764,18.887629799703628],[-98.66529985693796,18.88764582982632],[-98.66510262998203,18.887678119647415],[-98.66499205972609,18.887678306439064],[-98.66494857037347,18.887678379736766],[-98.664860310359,18.887665430120812],[-98.66517834022027,18.887486660406193],[-98.66542439899257,18.887361018842096],[-98.66016209989898,18.88615319849469],[-98.65888778281499,18.89091358514656],[-98.66074929307207,18.893313056349623],[-98.66219161107108,18.8958416574198],[-98.66097829991043,18.89802197890586],[-98.66314492704618,18.89985262621428],[-98.6617029765262,18.90151175333177],[-98.66079492208691,18.90386095110566],[-98.66356451141812,18.906330966463713],[-98.66673842430787,18.909661355110753],[-98.66673872299329,18.913670581381187],[-98.66741010360602,18.915701820180914],[-98.66656887643974,18.91609456269813],[-98.66717318740976,18.917831965712473],[-98.67139912601885,18.919372497142696],[-98.67239975122045,18.92244021641817],[-98.67219250589858,18.925505791575475],[-98.67379819097714,18.928191614470787],[-98.674398705716,18.930108603862237],[-98.67318303106039,18.933747403311788],[-98.672171767843,18.93604563067701],[-98.67337170022911,18.94045461818867],[-98.67276287678658,18.942753558459984],[-98.67315895967975,18.94601224049451],[-98.67275044585281,18.949077451290435],[-98.67413890375057,18.949961717571522]]]]},"properties":{"N_CS_G1":"N","N_CP_G1":"Dístrico","N_G2":"LEPTOSOL","TEXTURA":"MEDIA","F_SUPERF":"PEDREGOSA"}},
{"type":"Feature","geometry":{"type":"MultiPolygon","coordinates":[[[[-98.5138904806626,18.721839693683023],[-98.51279912477892,18.721392388898153],[-98.51278766020101,18.721387689967923],[-98.51288664967298,18.72105621976013],[-98.51328358035502,18.72066380016805],[-98.51335188002594,18.720466550171157],[-98.51375094108305,18.71983808425651],[-98.51375342029839,18.719834180185405],[-98.51265683574638,18.71926371708148],[-98.51264451976377,18.719257309687983],[-98.51311922983385,18.718526340107505],[-98.51318049037448,18.71845906035836],[-98.51317871040331,18.718360570253772],[-98.51354976185105,18.717879980739063],[-98.51355380012825,18.717874750047713],[-98.51211975657968,18.717350333807545],[-98.51210766004334,18.717345909950428],[-98.51223948959355,18.717010050013386],[-98.51264597979936,18.716055259719838],[-98.51268086788644,18.715920890575035],[-98.51268299988615,18.71591268017299],[-98.51248028972681,18.71587734010871],[-98.5122732547039,18.715924242272184],[-98.51225970980867,18.715927310327874],[-98.5124841512083,18.71512793164622],[-98.51248568994322,18.71512245020938],[-98.51237005615059,18.71507339070747],[-98.51236137992478,18.715069709865507],[-98.51216340209825,18.713899294513656],[-98.51205908317735,18.713282567728825],[-98.51202729263986,18.713094625831424],[-98.5120242194362,18.713076461322288],[-98.51167321637175,18.713487725068333],[-98.51165407832485,18.713510150223136],[-98.51150482872919,18.713685021006672],[-98.51142342907657,18.71404823072134],[-98.51150537912226,18.714373600618067],[-98.51128990881884,18.714598979713735],[-98.51125265617377,18.714576116522544],[-98.511238767836,18.714567592701325],[-98.51122559992378,18.714559511156654],[-98.51033836961831,18.715043920922252],[-98.50979130387397,18.715282439861262],[-98.50973279686207,18.715307948552713],[-98.5097008189531,18.715321890172657],[-98.50961359445398,18.715408246676397],[-98.50948931021955,18.715531290275138],[-98.50894926014794,18.71605951984395],[-98.50865188037838,18.716501800258612],[-98.50809634025713,18.717012690414375],[-98.50786226044933,18.71766479984768],[-98.50761509036239,18.718015339820926],[-98.50699016976837,18.71862824993632],[-98.50686830982431,18.71881928965905],[-98.50673486019326,18.71906244996849],[-98.5067123202858,18.71929390980372],[-98.50642283032991,18.71973468970542],[-98.50603290970115,18.72025974038925],[-98.50555171972266,18.72099754020139],[-98.50513741984942,18.72205802039448],[-98.50498708038161,18.722719150435232],[-98.50525020041438,18.723092889559382],[-98.50506284973459,18.72319822014075],[-98.50495269029904,18.72319311017356],[-98.50508097996308,18.72333145967611],[-98.50491511036222,18.724342750216262],[-98.50441208974084,18.724733980276717],[-98.50390074993147,18.725005649759],[-98.50328198042918,18.726227939743147],[-98.50311740682764,18.72656370682327],[-98.50281708009389,18.727176430365393],[-98.50250046961953,18.727749883400474],[-98.50236072032935,18.728003000254517],[-98.50224724164708,18.72796888145704],[-98.50220563039878,18.727956370158132],[-98.50024889044114,18.72716955042866],[-98.50019134016001,18.7271648599563],[-98.49969306019392,18.727998259901167],[-98.49786320024853,18.727255339878784],[-98.49754640025358,18.727808739942933],[-98.49755711360574,18.727817423990178],[-98.49755902035048,18.727818969681625],[-98.49755794832984,18.727820452388674],[-98.49751719998903,18.727876800416258],[-98.49749146005264,18.72791764968421],[-98.49684926031108,18.727251889859406],[-98.49637582864084,18.72694829526897],[-98.49636503040132,18.72694137036162],[-98.49632174959275,18.727110429778193],[-98.49628083003581,18.72744036977435],[-98.49625987984967,18.72760064969509],[-98.49624607991787,18.727733890399335],[-98.49622694969429,18.7278719700712],[-98.49619202043742,18.728019569995165],[-98.49611634018463,18.728135879710265],[-98.49600365029818,18.728277379857868],[-98.49588781998538,18.728464980079846],[-98.49573883036716,18.728681820072204],[-98.49564300011791,18.72884382017728],[-98.49541031979709,18.72913920026402],[-98.49520082039162,18.729411349656612],[-98.49499489000046,18.729700939552345],[-98.49481308964519,18.730031109951955],[-98.49452246013036,18.730303370375843],[-98.49439319993972,18.73068623040206],[-98.49446385967363,18.731010519636317],[-98.49452203006646,18.73140634985233],[-98.49450394999022,18.731819619930434],[-98.49448127989822,18.732096120056063],[-98.49441088002521,18.73241110988124],[-98.49432477012175,18.732670150347023],[-98.49445211041551,18.732979479692],[-98.49446447965558,18.73320258013645],[-98.49455547988936,18.733635059546398],[-98.49446835011922,18.7341460602839],[-98.49450162035991,18.7342118497046],[-98.49339123044486,18.734866249644572],[-98.49211824977884,18.735616449647328],[-98.49207505036932,18.735613800178665],[-98.4920191995995,18.735600719550384],[-98.49123504994198,18.73604947955175],[-98.49103902978264,18.7361616596425],[-98.49092381972132,18.736140649627743],[-98.490678449734,18.73637929038179],[-98.49061646024424,18.736413480412192],[-98.4899678901875,18.73677104972414],[-98.48897036963457,18.73734809040035],[-98.48879300042564,18.737443319828433],[-98.48811311987136,18.737875999836955],[-98.4880377397151,18.737937599617243],[-98.48787049015243,18.738056979693283],[-98.48750544996098,18.738301000277094],[-98.4873513103515,18.738422399947613],[-98.48680593996718,18.738750340223998],[-98.48661695038228,18.73943549027202],[-98.48662630982248,18.739491579903948],[-98.48635354044819,18.73931271992637],[-98.48616725036236,18.73913236962989],[-98.48596545039649,18.738957520215113],[-98.48553471974792,18.738583719846645],[-98.48508550969815,18.738209780198126],[-98.48420774774925,18.73743189213709],[-98.48417310714235,18.737401191970516],[-98.48415898439578,18.737388675676154],[-98.48397638218975,18.737226848094462],[-98.48390044776025,18.737159552186537],[-98.48325591031197,18.73658833956109],[-98.48284202045544,18.736135739778636],[-98.48098190957778,18.734594719758636],[-98.48097751485581,18.73461054672646],[-98.4809206283019,18.73481542289744],[-98.48089579866682,18.73490484819678],[-98.48082361968568,18.73516480036981],[-98.4807660001108,18.735156120240628],[-98.47938008036078,18.73494665971229],[-98.47906017011631,18.735838149845485],[-98.4790081204448,18.735962720383924],[-98.47845336959244,18.73750854018654],[-98.47959568008919,18.73769860017465],[-98.47965528032408,18.737706879761685],[-98.47958697038794,18.737937260075064],[-98.47954724983704,18.738084579904694],[-98.4795345699835,18.738205180300383],[-98.47948816986634,18.73851885987246],[-98.47946223022683,18.73868932021239],[-98.47949617033777,18.73885889028955],[-98.4795702200057,18.739119000206184],[-98.47962318001565,18.7394096199235],[-98.47976722986341,18.73987252032551],[-98.47974268040656,18.7400818004171],[-98.47956753955526,18.740482850151086],[-98.47955719966745,18.740524849753633],[-98.47954256974474,18.740584279820315],[-98.47940281774538,18.74094570975882],[-98.47921663027638,18.741427229936036],[-98.47917842954428,18.7414273495984],[-98.47775828963215,18.74135563026147],[-98.4777126500234,18.741353630412743],[-98.4780086803326,18.741979489791113],[-98.47802175029778,18.74240777022328],[-98.4779431400453,18.742650079595645],[-98.47786444977937,18.742895260353617],[-98.47783092033981,18.743105799664516],[-98.4777790898126,18.743295080160415],[-98.47770652043886,18.743650540083323],[-98.47764990979222,18.743811020095023],[-98.47756749021342,18.743967080251085],[-98.47746982984758,18.74446374976114],[-98.47742099977525,18.744603350428516],[-98.47739308999735,18.744866950354837],[-98.47738357045557,18.745119489694858],[-98.477333110413,18.74532224966552],[-98.47723422024123,18.745532490419517],[-98.47719670987063,18.74578797974006],[-98.47706850967953,18.746093629617402],[-98.47688394983449,18.746665429606423],[-98.47683201966815,18.746650059802587],[-98.47644765031879,18.74648482024268],[-98.47640607959188,18.746566449917104],[-98.47644608021626,18.747555020031037],[-98.47604032022342,18.74852522961298],[-98.47654782047168,18.74965039977544],[-98.47662394010887,18.7496950602168],[-98.47661880019385,18.749840309807915],[-98.47620019271949,18.750165775927503],[-98.4771707577884,18.752681891256174],[-98.4771175065951,18.754751309331983],[-98.47807135834438,18.756930866263495],[-98.48048232897386,18.757901208822993],[-98.48065738630314,18.760941654848292],[-98.48155005535786,18.76318089699215],[-98.48312172253029,18.764840233609828],[-98.48480038055213,18.766621858925177],[-98.48781409534494,18.767371228073074],[-98.48913388896364,18.769600310285856],[-98.49040070420142,18.77229918466874],[-98.4897370447533,18.7744787733493],[-98.48799691205429,18.775909819621965],[-98.48624238685852,18.778940428414007],[-98.48491469138737,18.781228873667274],[-98.48284416184738,18.782452225072234],[-98.4823270928119,18.785711027597102],[-98.48116408024792,18.78918266718507],[-98.48230743002595,18.79211170020432],[-98.48479867975867,18.793764539517515],[-98.48420990979838,18.797969810422188],[-98.4813173818161,18.8018026610551],[-98.479192823549,18.805637612789482],[-98.47976200101535,18.80801603052286],[-98.48109026096006,18.813141661561904],[-98.48088736014462,18.816615960517144],[-98.47877055856137,18.81807296574203],[-98.47588780985701,18.818613888711745],[-98.47243249303231,18.817872100876006],[-98.46840183459328,18.81712860796307],[-98.46668087460304,18.81474686391593],[-98.46496053544938,18.811997964254992],[-98.46302999930882,18.815101251378415],[-98.4637882446228,18.8183964161386],[-98.46627388544579,18.821878416853544],[-98.46684117610519,18.82462287361782],[-98.46682494517172,18.829743605304465],[-98.46508934369488,18.831933563293063],[-98.46219871827859,18.83485106131264],[-98.45893122714861,18.83557360778816],[-98.45661529014173,18.838858696669462],[-98.45775675347245,18.84233687325561],[-98.46023790855484,18.84728185103062],[-98.46215073036487,18.84984834053533],[-98.46598178166735,18.853334230963917],[-98.46923746889671,18.85663539550041],[-98.46903135705057,18.861024677312937],[-98.4717116807688,18.863958144080144],[-98.4732363591489,18.86780332711646],[-98.47054441086495,18.86852769429239],[-98.4688096041213,18.870351662288336],[-98.46592186022977,18.872172301805108],[-98.4661030523564,18.875647659518556],[-98.46398478356598,18.877104466618064],[-98.46206401235956,18.876915907184383],[-98.45918197959523,18.876907535072707],[-98.45744992414042,18.877816376691218],[-98.45552796558087,18.87799375572624],[-98.45303340742669,18.87707253044288],[-98.45111325048006,18.876700855087062],[-98.44803355922376,18.878337638905638],[-98.44591389646666,18.880160241039196],[-98.44436975600206,18.88235055024119],[-98.44359585036563,18.88399414157406],[-98.44124482610259,18.884513500914835],[-98.44176822720601,18.885043754872797],[-98.4420724625066,18.885277377860046],[-98.44241476002681,18.88620020604377],[-98.44267154492395,18.886606523876818],[-98.4444448167745,18.887099850627354],[-98.44491022146401,18.88722889399489],[-98.44638114146602,18.887637704012665],[-98.44862813617594,18.888265702638808],[-98.44956119716421,18.88766184641057],[-98.45118240406806,18.887666647324203],[-98.45204285381874,18.88694281937446],[-98.45299972279737,18.885947024775554],[-98.45503511304311,18.88595301128369],[-98.45577106041989,18.886100896538398],[-98.45810315399122,18.88739440025985],[-98.45945554478725,18.887398343456077],[-98.46056000071425,18.888104204539925],[-98.46104479352942,18.890329909789713],[-98.46116183231226,18.892319577157554],[-98.46041945844476,18.89360522980439],[-98.46029171753128,18.89512650754865],[-98.46213200044073,18.896419660615006],[-98.4636030306305,18.897945567917386],[-98.4635189436233,18.898815161739414],[-98.46627482555253,18.900724324882447],[-98.46819769681395,18.9023949629202],[-98.47125704133403,18.90371411311851],[-98.47348497548076,18.90446376621403],[-98.47534656610486,18.905272229356516],[-98.4749800421575,18.907843423354425],[-98.47503342184417,18.910883483304048],[-98.47594878558526,18.912721766610687],[-98.4786724942221,18.91631384943637],[-98.48326552942078,18.9208125814229],[-98.48488273696059,18.923572318453747],[-98.4856535028414,18.926551107095808],[-98.48625637847125,18.93028177711295],[-98.48787364466993,18.934811660064337],[-98.48823956550233,18.937050520337124],[-98.48942954428497,18.94158033650494],[-98.49014702511023,18.94359084148812],[-98.49055863522945,18.946630747878743],[-98.49074941094146,18.949090532029427],[-98.49097836771894,18.95110081856075],[-98.49163439608593,18.95362062246396],[-98.49226746178299,18.956279307666936],[-98.49577693310243,18.958730088083268],[-98.49758531933942,18.95575158938402],[-98.49950840850885,18.956670692716685],[-98.50383424305245,18.95954037289513],[-98.50383442757331,18.95708111400785],[-98.5055129167964,18.953809604444764],[-98.50842008662772,18.951580631232353],[-98.50986935889304,18.948891372991863],[-98.51046503956404,18.945561589100784],[-98.51082373322203,18.94247179295702],[-98.51696545312737,18.940982086587645],[-98.51909850883852,18.93946711873667],[-98.5194649182347,18.93920711878574],[-98.52011382394963,18.942067971450324],[-98.52357984913478,18.939606358518954],[-98.52581550535828,18.937888237969723],[-98.5263572002677,18.935258644600022],[-98.52906558539502,18.93405907510446],[-98.53182001727836,18.936537761828212],[-98.5324305559959,18.933029445223685],[-98.53310186748465,18.930279282701097],[-98.53485656616508,18.92832825266031],[-98.53689404256092,18.927988812577283],[-98.54091497127743,18.93097887792242],[-98.54337169765081,18.934707194358484],[-98.54595824691727,18.93613806295468],[-98.5459048132368,18.93264727166502],[-98.54596550682786,18.93040842665374],[-98.54879625466181,18.929098159338757],[-98.55186395419658,18.927948834144328],[-98.55282498064203,18.930818246828267],[-98.55455700164566,18.935286857068363],[-98.55671574578865,18.9395971913918],[-98.5580357783326,18.942347691783937],[-98.56025636792643,18.94510710328823],[-98.56440669296451,18.947056555999144],[-98.56849652934405,18.944427246502496],[-98.57005285933649,18.94287758147054],[-98.5730132007863,18.941507376804967],[-98.57421859308965,18.939276805582626],[-98.57181534707084,18.937777840648074],[-98.56916771056538,18.93760902226152],[-98.56784812802086,18.934168372499705],[-98.56490306814929,18.932669183425627],[-98.56286594615032,18.930828676195055],[-98.56208741497322,18.927338427879082],[-98.56377410761527,18.924469669483816],[-98.56702396161758,18.924879459564732],[-98.57122830477331,18.925278981155927],[-98.5737077581503,18.9233597535465],[-98.56931299856332,18.921319569878396],[-98.56618517239049,18.920798268180242],[-98.56342298631921,18.919369525469342],[-98.56114905571485,18.918269503456507],[-98.55942094619628,18.91546608472151],[-98.55754410954776,18.914609842478274],[-98.55673626931147,18.913063655347905],[-98.55471681686599,18.909389653403277],[-98.55087136649816,18.905904385590507],[-98.54743350883453,18.901647342400164],[-98.5441987190373,18.8971975633633],[-98.54137007264733,18.892943037743645],[-98.54410448259688,18.89126770491518],[-98.54482492981624,18.890826645211845],[-98.55212840329504,18.891037603300614],[-98.5547487782347,18.8929180365879],[-98.5552293011416,18.892981321221065],[-98.55912778092882,18.89293189104987],[-98.5612335892414,18.894190820401892],[-98.56478922615634,18.89477081641658],[-98.56784860445543,18.895181266914157],[-98.57211359357144,18.894320185989553],[-98.5739143533422,18.89656221306176],[-98.57614991689643,18.893751069227626],[-98.5800564593918,18.89215243936467],[-98.58348983487554,18.890841859008724],[-98.583787649588,18.88849280915983],[-98.58054475920306,18.88722252460535],[-98.57567687548526,18.88722161349948],[-98.57539863965017,18.886721661184364],[-98.5745568461321,18.885211618586606],[-98.57375464753736,18.88377170299942],[-98.57026741598237,18.882510847897912],[-98.56587293338474,18.881703063822194],[-98.56311851306845,18.880953270992393],[-98.56059308357455,18.878652942293073],[-98.55854813329782,18.877792925534383],[-98.55927339637218,18.87458299270296],[-98.55560341257015,18.873433269603847],[-98.5540219683136,18.872313736674716],[-98.5540734803751,18.87241188961542],[-98.55436619993439,18.872862510397315],[-98.55400645961457,18.87308507990676],[-98.55435682994798,18.873721939993423],[-98.55477151014365,18.874211059830134],[-98.55526282008361,18.874718879796667],[-98.55596544999854,18.875014689655526],[-98.55633934980858,18.875186199607853],[-98.55663666010253,18.875381710448146],[-98.55670684973134,18.875594479695994],[-98.55675531979065,18.87591909027935],[-98.55672965036767,18.876113580187365],[-98.5565343104483,18.8761911400615],[-98.5563236601893,18.87632154033034],[-98.55617882989405,18.876761139748027],[-98.55613837006301,18.876988769606978],[-98.55632125041936,18.877250399916548],[-98.55653583013084,18.877748509847798],[-98.55658609036603,18.87817611045696],[-98.55651466004453,18.878289819827497],[-98.55588931987404,18.877153879689658],[-98.55582835043873,18.87719149001462],[-98.55541796999906,18.87743495040796],[-98.55524688012154,18.877512119628378],[-98.55493176970708,18.87766745970924],[-98.55445642022649,18.87788233967463],[-98.55399842037546,18.878151289556527],[-98.55351620028136,18.878579030088684],[-98.5532068903255,18.878940939611326],[-98.55285401993356,18.87933591954627],[-98.55280848990029,18.879568350264393],[-98.55322531011285,18.87986768009814],[-98.55324922024232,18.879996619551907],[-98.55283560042803,18.880376829624044],[-98.55249471971221,18.880635380078512],[-98.55247005042817,18.880650319677777],[-98.55189805016725,18.880877600061464],[-98.55119430999407,18.88108956960175],[-98.55097576998342,18.881089050005027],[-98.55088561973669,18.881088819865088],[-98.5507132303461,18.881088400192553],[-98.55019137966937,18.88108268009499],[-98.54988687968573,18.88106649018537],[-98.5496634597772,18.881025169594356],[-98.54960262970486,18.88101391984329],[-98.5495545400179,18.880995379607533],[-98.54934857982602,18.88091601993815],[-98.54905202974565,18.88077062975755],[-98.54900328007318,18.880746739820637],[-98.54894342986806,18.880722179854846],[-98.54868232041923,18.880615060388006],[-98.54820354968999,18.880350110022224],[-98.54808927979963,18.88028465964452],[-98.54799174952925,18.880228799848],[-98.54789588029105,18.880173890067166],[-98.54783261986807,18.88013765982803],[-98.54753377985772,18.880040049997547],[-98.54733026017954,18.879832150003082],[-98.54694897028398,18.879735379801666],[-98.54686742011133,18.87975416965723],[-98.54664274017247,18.879805940432682],[-98.54643091037823,18.8800131497171],[-98.54625804976979,18.880228659740087],[-98.54598458028266,18.88014948018381],[-98.54631417016724,18.880494719620714],[-98.54648116999167,18.880718319688235],[-98.5464999195471,18.880814599563102],[-98.54658134982319,18.881232319584942],[-98.54657717985828,18.881341479842188],[-98.54656542012364,18.881650290239207],[-98.54725931015682,18.88225725979651],[-98.54728413978515,18.882278970055168],[-98.54759844990159,18.882732180399646],[-98.54777314027834,18.882984109625593],[-98.54816611030354,18.883096679703556],[-98.54820280037802,18.883565749920873],[-98.54812288994788,18.884235339711175],[-98.54814462011385,18.884602690004723],[-98.54815503003948,18.884778649739495],[-98.5482544902779,18.885290170152626],[-98.54829893994736,18.885536979557234],[-98.54838694022413,18.88602545996322],[-98.54837666023309,18.88607826003043],[-98.54832411991944,18.88634821991267],[-98.5483035798245,18.88645381963743],[-98.5482511395671,18.886922489734037],[-98.5482436199401,18.886999020317052],[-98.54822021953125,18.887237280106106],[-98.54803083016034,18.887308780188576],[-98.54779571037018,18.887334620095814],[-98.54678731992769,18.88718448003947],[-98.54623131009933,18.88709925013434],[-98.54575779960071,18.88710557039289],[-98.5435319101164,18.887049719556916],[-98.54029873961339,18.88709215017327],[-98.54024618010149,18.887144019578173],[-98.54002873987234,18.887119799762832],[-98.53986615028757,18.887090110307696],[-98.53828237964393,18.887690629969054],[-98.53751571986903,18.887907890028714],[-98.53712028002731,18.88797562041947],[-98.53391450968728,18.888145740392766],[-98.53218331997907,18.88830681958771],[-98.53010230969448,18.88864294014238],[-98.53005097028803,18.88823914040013],[-98.52717716987168,18.88848667981873],[-98.5270382604292,18.888521660188573],[-98.52694517987473,18.888267540245213],[-98.52660300039112,18.887715690057334],[-98.52628198023122,18.88763379997057],[-98.52584985041338,18.8874378798366],[-98.52584441997118,18.88707297988584],[-98.52560662026083,18.886586200377113],[-98.52542764984372,18.88638927993921],[-98.52523673994405,18.88620712005694],[-98.52508860036664,18.88591022038003],[-98.52494154038821,18.88557225027377],[-98.52490490980335,18.885317080047667],[-98.52478916959764,18.88497670974453],[-98.5246050604753,18.884753679803577],[-98.52430917030074,18.8845075198377],[-98.52398079958381,18.884292019740936],[-98.52387383007603,18.883975080361665],[-98.52393004981674,18.883619339860328],[-98.52380386006739,18.88325606009094],[-98.52363538041187,18.882852340403613],[-98.52348788990527,18.882529340022536],[-98.52329794032583,18.882226380447893],[-98.52272548983508,18.88195714040149],[-98.52254336997972,18.88176548011468],[-98.52232568966826,18.881155200045004],[-98.52219893975695,18.880993550369993],[-98.52211464966275,18.88081186018639],[-98.52207587963613,18.880563880351705],[-98.52207194047479,18.880221629674388],[-98.521932120013,18.879955879633652],[-98.52196355016116,18.87940608001473],[-98.52193659977067,18.879174739920437],[-98.52146794009482,18.878352449797152],[-98.521288630339,18.877893880237604],[-98.52113915029872,18.877521290415203],[-98.52096007962678,18.876976829786575],[-98.52083068970032,18.876608749691044],[-98.52063546040576,18.8760899504548],[-98.52069557976256,18.87541719967809],[-98.52060771998028,18.87449625983254],[-98.52066445965707,18.87409641985875],[-98.52057310990351,18.87372729041809],[-98.52048808028403,18.87354090963323],[-98.52032960023256,18.87327767978989],[-98.5202795995287,18.872794889920996],[-98.52026694977707,18.872485249960977],[-98.52024802011171,18.872100369913184],[-98.52023527978376,18.871755139990512],[-98.52022337033091,18.87139179980243],[-98.52010376986036,18.871105180436533],[-98.51982922989079,18.87061725029116],[-98.51986571995798,18.87031255027251],[-98.51992897035558,18.86966417968754],[-98.52009944998072,18.869020449702777],[-98.52005637024757,18.86870945973112],[-98.51998023010516,18.868359219943724],[-98.519986780286,18.86810265963068],[-98.52024617956114,18.868043970171318],[-98.52033305956148,18.867721370120798],[-98.52041362006028,18.867493540146725],[-98.52076065004705,18.867241060425123],[-98.52100104991788,18.86701365016838],[-98.52116159989262,18.86676067979458],[-98.52106305977385,18.866606750216516],[-98.52102385972263,18.866476480386048],[-98.52105643045265,18.866268979902724],[-98.52111499998153,18.866100120356307],[-98.5209711398315,18.865869630248458],[-98.52120818036254,18.865520460067025],[-98.52111175007556,18.86524697010198],[-98.52119826021804,18.864930259904177],[-98.52117972028489,18.864528050324278],[-98.52099701982394,18.864283089607152],[-98.52081100046311,18.864027879730894],[-98.52066071034761,18.863762000448737],[-98.52077259971868,18.863035089976393],[-98.52096814986393,18.862749349795205],[-98.52092779985264,18.861954999887146],[-98.52098022988274,18.86171547989789],[-98.52100275016261,18.861453400295407],[-98.52086034015204,18.861276660055786],[-98.52065097961176,18.86072169026601],[-98.52068125970051,18.860131770228993],[-98.52085430978154,18.859710199973097],[-98.52096462016179,18.85915303011088],[-98.52094430965718,18.85875745992919],[-98.52079297008028,18.858334780204377],[-98.52085300014019,18.857972030411947],[-98.52074905026858,18.857280620263307],[-98.52095326003965,18.85721788017197],[-98.52114471982205,18.85675075041658],[-98.52116973997686,18.8564760502601],[-98.52119527972289,18.85588134989049],[-98.52132435031425,18.855388050138345],[-98.5213186004366,18.855034769584993],[-98.52127792008106,18.854643540059442],[-98.521238169961,18.854400000393962],[-98.52123083034391,18.85409145956046],[-98.52151332025127,18.853938970061606],[-98.52160895011306,18.853784829965463],[-98.52176721965645,18.85353794038379],[-98.52185630967735,18.853221999877235],[-98.52198818006565,18.852626079654716],[-98.52204850974512,18.852246830148562],[-98.52231314959441,18.85203878012999],[-98.52235930981954,18.851818219904057],[-98.52245841956523,18.85150732011843],[-98.52252526022545,18.851068370226358],[-98.52263742016207,18.850642139735893],[-98.52260988965426,18.85032071983474],[-98.52254568965213,18.849867289545735],[-98.52271925995709,18.8496159202442],[-98.52274476954739,18.849220250325143],[-98.52274765953923,18.848698820317583],[-98.52280535020046,18.848085460333277],[-98.52273466007439,18.847781879584765],[-98.52272646028194,18.84734244987881],[-98.5226882203922,18.847232339917372],[-98.5223903402464,18.846890449721034],[-98.52224172045958,18.846605779780113],[-98.52197339967623,18.846377680043947],[-98.52173521968695,18.846064370107836],[-98.52146716989297,18.845750970430196],[-98.52142944996162,18.8457181701275],[-98.5211521401864,18.84547706034553],[-98.52113924994873,18.845465849688686],[-98.52087077045957,18.84529460031765],[-98.5206320203108,18.845180260030634],[-98.52059231045871,18.845156880161248],[-98.52024417993675,18.844951849592356],[-98.51997031033426,18.844976580231826],[-98.51991357042648,18.845001940063103],[-98.51967328974038,18.84498974022071],[-98.51937885030392,18.84497478045504],[-98.51904222011454,18.844957690265943],[-98.51867861975335,18.844939229646847],[-98.5184339401395,18.84492680025571],[-98.51829724981991,18.844794199714684],[-98.51793853977809,18.844446180386605],[-98.51775699967142,18.844446770121706],[-98.51750285044787,18.844447599709486],[-98.51714854035983,18.844448769716042],[-98.51705435000413,18.84443941972435],[-98.51674771037113,18.84436603000777],[-98.51645761954873,18.84429659970645],[-98.51621570968862,18.844238709952894],[-98.51601136994496,18.844189799806248],[-98.51580550976311,18.844140539951823],[-98.51540339970175,18.844044290302442],[-98.51502287984532,18.843953230365774],[-98.5146593999801,18.84386622982415],[-98.51415926010336,18.843731490036678],[-98.51220668047131,18.84331890993017],[-98.5118036298263,18.84344755030694],[-98.51101561972976,18.843416480124034],[-98.51088321995621,18.842926179943916],[-98.51079471002042,18.84259844997894],[-98.51067054035171,18.84241206014249],[-98.51050488037123,18.842301089975056],[-98.50984406005884,18.84216751044879],[-98.50972672045725,18.84198781956947],[-98.5096330895454,18.84176335030465],[-98.50935117026395,18.841448690219448],[-98.50881009026416,18.841088520263646],[-98.50826830968258,18.840974980071675],[-98.50791483038275,18.840951620184672],[-98.50767932026588,18.840883740185255],[-98.50760894041431,18.840771429957577],[-98.50753908001295,18.84047974973532],[-98.50748082040708,18.84027610965097],[-98.50739072031654,18.840147380325394],[-98.50726917974058,18.84004408999281],[-98.50712719955695,18.8399333802323],[-98.50699925971583,18.839693549710386],[-98.50671674997926,18.839580690385006],[-98.50643454990978,18.839355719801066],[-98.50624754973654,18.83911441997954],[-98.50624771003318,18.838772259618388],[-98.50620134986971,18.838503059868327],[-98.50603689011582,18.83832324987866],[-98.50582489018107,18.838277849582674],[-98.50556628006746,18.83805293957283],[-98.50556719993264,18.83773903023096],[-98.50561491960177,18.837537350143783],[-98.50552137963999,18.837290459967832],[-98.50528601986161,18.83717771959356],[-98.50493271956093,18.837087090335366],[-98.50485522994535,18.83679289016732],[-98.50496029029391,18.83665377981605],[-98.5050027504174,18.83645475025482],[-98.5048992495435,18.83605621984223],[-98.50475320037823,18.835896519982136],[-98.50464894011473,18.83575684974808],[-98.50460801999225,18.835438120360763],[-98.50462992010694,18.83509965030884],[-98.50471464957931,18.834761349977914],[-98.50471558046681,18.83444274018999],[-98.50465388954285,18.834064219934273],[-98.50463414034895,18.833665890172078],[-98.50472968018973,18.833207550186962],[-98.50469383045795,18.832349690292588],[-98.50471011979934,18.830360229884153],[-98.50474580011425,18.829105689845235],[-98.50457280005006,18.82789794008496],[-98.50323722986398,18.826731149810282],[-98.50303531986502,18.82655056976348],[-98.50309279983134,18.82613523006243],[-98.50315246000844,18.825788339552926],[-98.50319718040173,18.825350849661213],[-98.50308014960076,18.825013249560772],[-98.50288755012588,18.824681880255426],[-98.50274377982463,18.824407449645086],[-98.50248214971708,18.823827309798066],[-98.5024360302153,18.822920819605425],[-98.50265926009806,18.822988600193728],[-98.50303528982501,18.82302354963994],[-98.50309072012698,18.82303443001331],[-98.50410650731911,18.823165470632027],[-98.50401111174922,18.82182581374395],[-98.50492693964812,18.817816787268747],[-98.5040116375081,18.81460720952259],[-98.50305766967593,18.81144609937019],[-98.5028213890955,18.807098485687114],[-98.50168461667495,18.803597976967076],[-98.4997542063553,18.801526627437696],[-98.49843412169604,18.79946707014612],[-98.49922808327076,18.796947774226933],[-98.4994647903737,18.791739481183416],[-98.4995256904131,18.78880813860642],[-98.49778629294163,18.78400007812711],[-98.49628304990789,18.782159168312806],[-98.49719109995539,18.778949951834303],[-98.49773267541701,18.776319266830527],[-98.49858738178368,18.773279348292586],[-98.49876279123701,18.769730373867514],[-98.50291367823087,18.76939128705002],[-98.50405830290858,18.765721751138855],[-98.50340181193967,18.762110680848707],[-98.50327223694914,18.757581452506844],[-98.50231846587418,18.755061983617136],[-98.50189127004334,18.752941564769408],[-98.5027458568426,18.749672290972438],[-98.50371489251634,18.745781991098053],[-98.5053330378823,18.74131274925338],[-98.5055845180998,18.738852968627235],[-98.5050431303118,18.73604314414585],[-98.50877373328932,18.733351926349833],[-98.51034571946815,18.729173967350675],[-98.51286375602552,18.72625354106927],[-98.51317643780493,18.723904613114556],[-98.5138904806626,18.721839693683023]],[[-98.50577091272903,18.84610147041793],[-98.50712654766315,18.84428404381226],[-98.50971653945967,18.843754300657256],[-98.51196396187089,18.844939591900424],[-98.51297416104588,18.84601316903821],[-98.51454308085708,18.84837489545215],[-98.51431050284276,18.85083922719245],[-98.51520895304989,18.851591674199074],[-98.51452944936011,18.853088971888642],[-98.51339899138401,18.854800851754447],[-98.51170514506694,18.856618563099303],[-98.51147778794436,18.85747425344475],[-98.51259614598445,18.859942128526185],[-98.51450527091872,18.86144732843912],[-98.51573676876154,18.863593524785944],[-98.51471774574034,18.865733844625094],[-98.5140356907411,18.868089677750973],[-98.51425374609136,18.870446734143933],[-98.51492588934411,18.871520545794304],[-98.51514640911347,18.87323595715557],[-98.51401799406634,18.874196612177794],[-98.51311663162414,18.874408886242527],[-98.51310823021963,18.877301940726817],[-98.51389158288173,18.87891150910835],[-98.51388412617489,18.88148260966183],[-98.51264445592257,18.88190863046467],[-98.51174177422713,18.882762544003157],[-98.51173802586621,18.884049223026857],[-98.51195793707716,18.88576350372337],[-98.51195418983593,18.8870501831586],[-98.51150159890499,18.887799089392487],[-98.5104880071957,18.888009923870957],[-98.51015504893394,18.886401532356803],[-98.51016193650936,18.884045069209655],[-98.50994364868316,18.8815795629842],[-98.5099517924108,18.878793829536708],[-98.50973441938227,18.876221005725345],[-98.50962856900365,18.873864242336012],[-98.5096360902543,18.87129201209704],[-98.50772784188356,18.86946593892448],[-98.50638083451703,18.868282990508845],[-98.50424936061603,18.865920827916128],[-98.50245782316905,18.86259368718405],[-98.50178897455596,18.860448916394112],[-98.50292244144298,18.857773512214155],[-98.50472820987225,18.856063499561227],[-98.5059702278736,18.85478124411212],[-98.50496598854737,18.851885491379523],[-98.50407074741278,18.850062078290296],[-98.50486558425506,18.84770657966736],[-98.50577091272903,18.84610147041793]]],[[[-98.53528395622439,18.731834128886856],[-98.53442956990962,18.731283310355664],[-98.53417373973892,18.731189170318626],[-98.53392137958468,18.731088820182517],[-98.53360268992576,18.73099322968896],[-98.53308384992624,18.73112722038782],[-98.53236283018946,18.73116106009011],[-98.53171471971353,18.73070757992135],[-98.5312942297336,18.730443719790912],[-98.53062600009235,18.730123309586816],[-98.5304618015441,18.73004620856183],[-98.52959574819367,18.730623137850458],[-98.5285660507671,18.732913802807747],[-98.52729941266767,18.734693242944722],[-98.527123501749,18.73738257703438],[-98.52708621824496,18.737781261240922],[-98.52714926270416,18.737922631235065],[-98.52728472004314,18.73803594331221],[-98.52818058435156,18.739737255692052],[-98.527850257792,18.74230871199193],[-98.52711885766527,18.74285136696206],[-98.52710508398819,18.74289990878633],[-98.52695780453962,18.74298426180349],[-98.52483660218921,18.74457624524605],[-98.5244935906271,18.745735556354784],[-98.52361315850574,18.74634220991916],[-98.5228572100193,18.746118859775528],[-98.5222894908483,18.747267424866177],[-98.52142560307607,18.74977084738956],[-98.52101188158522,18.750970637598314],[-98.51982141140148,18.754038053180928],[-98.51940146185757,18.75554283741212],[-98.51927865699936,18.75598083729355],[-98.52098286543692,18.758685161049634],[-98.5207825925371,18.760301220203996],[-98.52186642192834,18.762650350439735],[-98.52205433476217,18.762882416727418],[-98.52330828162273,18.764429900943316],[-98.52577261146052,18.766381496722918],[-98.52914516878953,18.767810055335463],[-98.53118978474127,18.76890083319256],[-98.53472989523037,18.77303982003993],[-98.53581330247924,18.77521038062743],[-98.53761390738808,18.776881137981377],[-98.54067349495898,18.78141082029947],[-98.54255008858955,18.782440060165772],[-98.54435086643754,18.783880298858403],[-98.5461134522924,18.787839616840586],[-98.54849362581197,18.791098884763308],[-98.55035523182077,18.793799938068737],[-98.55330016513453,18.797298871345006],[-98.5546737770048,18.800448323629368],[-98.5579851548141,18.80451854952259],[-98.55895424833275,18.802517926297675],[-98.56033510475768,18.800229071779867],[-98.55895400408853,18.796729440596152],[-98.5589981962583,18.796614318213322],[-98.55824059945849,18.795785594596786],[-98.55666100803744,18.794717678607004],[-98.55563953440027,18.793652212672153],[-98.55517736149766,18.79258694894855],[-98.55424949841556,18.791343209968865],[-98.55294860668988,18.79054253556141],[-98.55248622156167,18.789566509314017],[-98.55276779635687,18.78850302616595],[-98.55416295742916,18.78886109243865],[-98.55518556065503,18.789484863562613],[-98.55565193960678,18.788953896630318],[-98.55602673202269,18.788067990420725],[-98.55481943780772,18.78709019232544],[-98.55305348720546,18.78611104653193],[-98.5520331563241,18.784867073959344],[-98.55185542844825,18.781675294797964],[-98.55195702810967,18.778484186265405],[-98.55261207491706,18.777245368387007],[-98.55391826466904,18.77600697977361],[-98.55466486144066,18.775123094121778],[-98.5555067894251,18.77361810689344],[-98.55634881067667,18.771846510605382],[-98.55746686130277,18.771317088417252],[-98.55932949812365,18.77087866756059],[-98.56081694247518,18.771502377157592],[-98.56212026220146,18.77132808425039],[-98.56345395719185,18.771331214333],[-98.56354775917059,18.77129076535246],[-98.56463119488171,18.76877184344098],[-98.56547799467148,18.766020776566396],[-98.567889502965,18.76241138930775],[-98.56962911318581,18.760640677943666],[-98.57197915044085,18.75852227848975],[-98.57216236873982,18.75502292673593],[-98.57367272299763,18.751241932867693],[-98.5727118312271,18.748322877425252],[-98.57493944056723,18.745292494964893],[-98.57783139972267,18.740933943773907],[-98.58106703352253,18.74209013644653],[-98.58161216521933,18.741754712031227],[-98.5820429756138,18.74116826855435],[-98.58195047999035,18.74105035030517],[-98.58125885963825,18.74052137044155],[-98.58112245006043,18.73983384995798],[-98.58028623030192,18.739566349815693],[-98.58104456964894,18.739420920347136],[-98.5823620201572,18.738997739577034],[-98.58305750673725,18.738768336331297],[-98.58240201277022,18.73693270374528],[-98.58041833473828,18.735433670809947],[-98.57884615622609,18.734172781064753],[-98.57657239677052,18.73583392721454],[-98.5747566898122,18.73852297852125],[-98.57301689504564,18.740244039211166],[-98.57254979030533,18.739498503958092],[-98.57150634779168,18.73783320657533],[-98.56940814516364,18.736173379802437],[-98.56922899981105,18.7362629157282],[-98.56901197041722,18.736592419922697],[-98.56793024965835,18.738329320404905],[-98.56816571998473,18.738809279952235],[-98.56723302974012,18.739816090047306],[-98.56649391997182,18.741086260086625],[-98.56538671038943,18.742576820121368],[-98.56492549013343,18.743303199555594],[-98.56432150974034,18.744428970334354],[-98.56402214971465,18.74502503004781],[-98.56322351982055,18.74590995044022],[-98.56288419988957,18.746154710216665],[-98.56255217982132,18.746357830408606],[-98.5621465397749,18.74682768019943],[-98.56166036962699,18.74688292010352],[-98.56114487974062,18.74703614956069],[-98.56108184334684,18.747049255376723],[-98.5600769018893,18.747852916911672],[-98.55815851725396,18.749977841373784],[-98.55790994415901,18.750252895302715],[-98.55573539964782,18.748531733496947],[-98.55570344496942,18.748499158864263],[-98.55445403024413,18.747884690231174],[-98.55414019985562,18.74830286044315],[-98.55376782003417,18.74875993990291],[-98.5536543402525,18.748727310222367],[-98.55359226026147,18.74873240034661],[-98.5534018297904,18.74880929001612],[-98.5521841203837,18.74827854991087],[-98.55212716997588,18.74821911039794],[-98.5520566902561,18.748241419617585],[-98.55197342966633,18.74820025009181],[-98.5504492901972,18.747531689954865],[-98.55033073964924,18.74779334970296],[-98.54999129009047,18.747774110230626],[-98.54986340417913,18.747759739187952],[-98.54978596761475,18.74781593065127],[-98.5492239451855,18.749338519821443],[-98.54807011470514,18.750431522332182],[-98.54667545749751,18.7508901786093],[-98.54527939630755,18.751867346262593],[-98.54271536560807,18.751907393258907],[-98.54266364194483,18.751958102424634],[-98.54191738403576,18.7518591186044],[-98.53991796658863,18.751854196689898],[-98.53894893136017,18.751910546989873],[-98.53808122526192,18.75155706817453],[-98.5379669914251,18.75148222547424],[-98.53775805599382,18.751345016236417],[-98.53593678235296,18.750601679740896],[-98.53392071583993,18.750189966788056],[-98.53318410031824,18.75004013643232],[-98.53264229738605,18.749558664111202],[-98.53261562713413,18.749554078119154],[-98.53264434307594,18.748819855647582],[-98.53265120097309,18.746343605281485],[-98.53347088881418,18.744534771871226],[-98.53397721725015,18.743686514938048],[-98.53385662912767,18.743338270616906],[-98.53388456818256,18.74331235807548],[-98.5338281557445,18.741625597195508],[-98.53328586957913,18.740469703086397],[-98.53329336801491,18.737757347461798],[-98.533902333111,18.73666307511296],[-98.53395221527911,18.73568738344215],[-98.53388614034175,18.73514420043348],[-98.53400322021065,18.734082830271255],[-98.53404063257103,18.73395791630872],[-98.53409410983323,18.732911866652593],[-98.53528395622439,18.731834128886856]],[[-98.53735996411275,18.77044584102243],[-98.53862864707168,18.76798176059763],[-98.54122914162689,18.764219557146497],[-98.54466600440303,18.766903075536604],[-98.55111182990156,18.772738842840834],[-98.54800993644012,18.77950943836385],[-98.53735996411275,18.77044584102243]]],[[[-98.5423831627409,18.852254598612813],[-98.54238305026995,18.8523641796823],[-98.5423547801444,18.852536019763203],[-98.54236650913741,18.85260782101176],[-98.54237711024027,18.852680250244667],[-98.54236823024324,18.852777419919384],[-98.54234211921447,18.85298362981312],[-98.54234546033149,18.853102109972866],[-98.5423500597781,18.85320317005659],[-98.54232793984146,18.85326467962005],[-98.54228268023843,18.85329939979794],[-98.5422325203161,18.85334224970103],[-98.54221523031754,18.853415379939445],[-98.54218207964625,18.853537580473166],[-98.54213344988874,18.85361348969981],[-98.54206661955537,18.8537066501149],[-98.54204760015973,18.85384436996602],[-98.54207814995782,18.853942179697764],[-98.5421857099431,18.85404506035544],[-98.54240358007048,18.85423217041846],[-98.54251533923045,18.854457649864802],[-98.54266681981656,18.854974919940236],[-98.54294784913593,18.856064949540624],[-98.54302391989356,18.856161819903036],[-98.54394226020513,18.857091909778084],[-98.54398730971762,18.85718876889885],[-98.54417814035257,18.85771774001223],[-98.54438411886312,18.858154220038305],[-98.5445411999669,18.85849287958105],[-98.54455522017156,18.85858268999695],[-98.54453881981532,18.85866572018989],[-98.54449172048353,18.8587440603342],[-98.54440433980218,18.85877614957659],[-98.54427172015703,18.85879428991836],[-98.54405180038032,18.85881374986351],[-98.54399834976888,18.85885361987155],[-98.54397388954057,18.8589320002606],[-98.54397188024922,18.859079679730506],[-98.54400563027004,18.859147450324986],[-98.54408474956811,18.85918148958365],[-98.54419628039628,18.85919560015223],[-98.54440978029353,18.859156120060028],[-98.54456996995683,18.859105749767085],[-98.54462976956682,18.859110519654447],[-98.54469270999367,18.859153750153485],[-98.54500419923674,18.85980064980154],[-98.54503697979433,18.859957119805443],[-98.54501251963171,18.86009460036725],[-98.54501473860522,18.86027695017601],[-98.54506551039964,18.860415630324475],[-98.54517214985565,18.860529349873612],[-98.54535797033587,18.860722350200803],[-98.5454237200798,18.860859779891825],[-98.54548062000194,18.861242199456754],[-98.5454442199244,18.861474689896912],[-98.54531625987407,18.86175992021068],[-98.54513707953689,18.861964060147905],[-98.54495739996473,18.862072400512936],[-98.54478353965133,18.862222029676005],[-98.54470931962226,18.86237973976048],[-98.54468145982507,18.862737830068927],[-98.5447608496984,18.86322411980933],[-98.54508185979348,18.86389008027113],[-98.54535005011154,18.864197719983935],[-98.54599434978176,18.864685380413995],[-98.5463166199339,18.864890850289125],[-98.54669254037572,18.865147599617284],[-98.5469610001583,18.86535291039391],[-98.54722959987916,18.865507059891033],[-98.54760545962344,18.865789400383388],[-98.54772620025621,18.866034290093395],[-98.54790028005118,18.866199450255596],[-98.54808831021931,18.866302250452325],[-98.54822212037608,18.8665583996585],[-98.54838312012264,18.86671229029425],[-98.54859814003294,18.866789570245334],[-98.54892073977071,18.86686708958382],[-98.54947881986128,18.867216060090733],[-98.54974077005657,18.867441060079702],[-98.5499918501439,18.867684880188293],[-98.55028678030098,18.867820740128995],[-98.55052111961284,18.867970280239422],[-98.55073777994083,18.868105689930893],[-98.5509528897115,18.868302860427445],[-98.55129088010075,18.868517570148036],[-98.551646349838,18.869038260000558],[-98.55184487998417,18.86932086003653],[-98.55190321980942,18.869512749675188],[-98.55279266008947,18.870820939589674],[-98.5530332599596,18.870949479551463],[-98.55323159998831,18.871693539694583],[-98.55331777441104,18.871755324235455],[-98.55284872021308,18.869072896150204],[-98.55104811942101,18.86809251289827],[-98.54924757151798,18.86511372276507],[-98.54925548322228,18.860183851634567],[-98.54675273537126,18.86043306441873],[-98.54482231336432,18.85814414380808],[-98.54422749750708,18.854762705012778],[-98.54308287172128,18.85241356225433],[-98.5423831627409,18.852254598612813]]]]},"properties":{"N_CS_G1":"Arénico","N_CP_G1":"Endoléptico","N_G2":"ARENOSOL","TEXTURA":"GRUESA","F_SUPERF":"N"}},
{"type":"Feature","geometry":{"type":"Polygon","coordinates":[[[-98.56882904878519,18.96483652312214],[-98.57159886188606,18.964989820560817],[-98.57562212135637,18.966489127588055],[-98.57696502575527,18.96627870049299],[-98.57763919988896,18.96521609998563],[-98.57764459160508,18.963087827226328],[-98.57965839241365,18.963092418473877],[-98.58144724610372,18.963308854987808],[-98.5825695526585,18.962034873492033],[-98.58145365771882,18.960754699130188],[-98.58056272533007,18.959262652682327],[-98.5816833488889,18.958414555002918],[-98.58324893321674,18.95863046819688],[-98.58459282557257,18.957995233672452],[-98.58526850706411,18.95629321600212],[-98.58348444463013,18.95394853854922],[-98.58371197300225,18.952459022904137],[-98.5896267995682,18.949235753624016],[-98.58730355852157,18.94743780225741],[-98.58533540002259,18.944907465236405],[-98.58311488967523,18.9412378352892],[-98.58095573565808,18.937047541191856],[-98.57879665068472,18.93451896280565],[-98.57656905564636,18.931879495642075],[-98.57398241383606,18.929008723213556],[-98.57122830477331,18.925278981155927],[-98.56702396161758,18.924879459564732],[-98.56377410761527,18.924469669483816],[-98.56208741497322,18.927338427879082],[-98.56286594615032,18.930828676195055],[-98.56490306814929,18.932669183425627],[-98.56784812802086,18.934168372499705],[-98.56916771056538,18.93760902226152],[-98.57181534707084,18.937777840648074],[-98.57421859308965,18.939276805582626],[-98.5730132007863,18.941507376804967],[-98.57005285933649,18.94287758147054],[-98.56849652934405,18.944427246502496],[-98.56440669296451,18.947056555999144],[-98.56025636792643,18.94510710328823],[-98.5580357783326,18.942347691783937],[-98.55671574578865,18.9395971913918],[-98.55455700164566,18.935286857068363],[-98.55282498064203,18.930818246828267],[-98.55186395419658,18.927948834144328],[-98.54879625466181,18.929098159338757],[-98.54596550682786,18.93040842665374],[-98.5459048132368,18.93264727166502],[-98.54595824691727,18.93613806295468],[-98.54337169765081,18.934707194358484],[-98.54091497127743,18.93097887792242],[-98.53689404256092,18.927988812577283],[-98.53485656616508,18.92832825266031],[-98.53310186748465,18.930279282701097],[-98.5324305559959,18.933029445223685],[-98.53182001727836,18.936537761828212],[-98.5341698166034,18.939397215134168],[-98.53699266583243,18.941237739337986],[-98.5418072181306,18.942847064841285],[-98.54594278850011,18.945317663102344],[-98.54804109717801,18.94669760046913],[-98.54984119290805,18.94904716755072],[-98.55327450071447,18.952496442910167],[-98.55501433438765,18.95478707326222],[-98.55891300175765,18.958576263446258],[-98.56047698076635,18.960065493079668],[-98.56306357493811,18.962136647526076],[-98.5660621204746,18.963805444064487],[-98.56925886391733,18.96415633819867],[-98.56882904878519,18.96483652312214]]]},"properties":{"N_CS_G1":"N","N_CP_G1":"Eutrico","N_G2":"CAMBISOL","TEXTURA":"GRUESA","F_SUPERF":"PEDREGOSA"}},
{"type":"Feature","geometry":{"type":"Polygon","coordinates":[[[-98.5896267995682,18.949235753624016],[-98.59049306374332,18.94990643703876],[-98.59410930634955,18.95196814538462],[-98.5940331786316,18.95397652522437],[-98.59596375976663,18.955696718262242],[-98.59830562591092,18.95822775663802],[-98.59877892768691,18.96137603412608],[-98.60093792776826,18.963216416215374],[-98.60183847333155,18.966485351841417],[-98.60303608119098,18.96843773197024],[-98.60658400767328,18.969995224561366],[-98.60910924949718,18.9711980315283],[-98.61152029459289,18.97326588890169],[-98.61397694582408,18.974127326997138],[-98.6153190458873,18.9735020343731],[-98.61704450821185,18.972696780153107],[-98.61902792388905,18.970466402886704],[-98.62143949186414,18.96817587904249],[-98.62132501450903,18.96525545480462],[-98.61969995091587,18.96295550224981],[-98.61754041988594,18.96151523572404],[-98.61398534101367,18.960257299655222],[-98.61159678465145,18.9567571025339],[-98.61231410744631,18.953368476195752],[-98.61442801903084,18.95136773795309],[-98.61767820818199,18.950107001788332],[-98.61842322505443,18.948038987500226],[-98.61756975458755,18.94743849894341],[-98.61515732172468,18.945325529280243],[-98.61617089066372,18.942644671524494],[-98.61967392765894,18.941318900841516],[-98.62000218294382,18.940544622653086],[-98.62101287426417,18.938821690488066],[-98.61980968509279,18.936711254829223],[-98.61940968912147,18.935369512508885],[-98.62021912694976,18.933646169101003],[-98.61982147602554,18.93153738563382],[-98.61801656822814,18.92808477979995],[-98.61722076139712,18.923867200016844],[-98.6170309766826,18.91888382257251],[-98.61623875724082,18.913133276872262],[-98.61745709959106,18.908536897443433],[-98.61907747663903,18.904324295373947],[-98.6190862123905,18.900492456521356],[-98.61909556302142,18.896389495230448],[-98.61805291205826,18.89610266958401],[-98.61577165751663,18.8955816896162],[-98.61089633346143,18.895861838389255],[-98.60848527417538,18.896550377956896],[-98.60854594749738,18.89953171639007],[-98.60711144061128,18.90284991943905],[-98.60558554730204,18.906641248337717],[-98.6036017326677,18.909789928046848],[-98.60272013812207,18.90938926411178],[-98.60262894219682,18.909552870610742],[-98.60199018553537,18.90961250106549],[-98.60165774751367,18.909643417299126],[-98.59894238044814,18.908435584708734],[-98.59807319035933,18.906586686176116],[-98.59895324263869,18.903909010622435],[-98.59818096136561,18.902244459031024],[-98.59750988122109,18.898731978700276],[-98.59800473910232,18.89457472538247],[-98.59692568362624,18.89242261147658],[-98.59412612240519,18.89131167995173],[-98.58991448645118,18.8925111579201],[-98.58883077885481,18.894231507348657],[-98.58810602356094,18.896461001266047],[-98.58990648995136,18.89916152338055],[-98.59208099012004,18.901340943461232],[-98.59344640790219,18.906050159611414],[-98.59350007532649,18.908630446751125],[-98.59314129885853,18.91241066916421],[-98.59163075656669,18.915099348735765],[-98.5891661641791,18.91545087153706],[-98.58754123068587,18.91394931654436],[-98.58507684394068,18.911831327489715],[-98.58302387649088,18.913259136967614],[-98.57960601924142,18.91387950580818],[-98.57905670840914,18.9161206511467],[-98.57840013766986,18.918759193623146],[-98.57520340101796,18.919669177273796],[-98.5737077581503,18.9233597535465],[-98.57122830477331,18.925278981155927],[-98.57398241383606,18.929008723213556],[-98.57656905564636,18.931879495642075],[-98.57879665068472,18.93451896280565],[-98.58095573565808,18.937047541191856],[-98.58311488967523,18.9412378352892],[-98.58533540002259,18.944907465236405],[-98.58730355852157,18.94743780225741],[-98.5896267995682,18.949235753624016]]]},"properties":{"N_CS_G1":"N","N_CP_G1":"Eutrico","N_G2":"ANDOSOL","TEXTURA":"GRUESA","F_SUPERF":"N"}},
{"type":"Feature","geometry":{"type":"Polygon","coordinates":[[[-98.49998407725656,19.028211574335568],[-98.50025858007895,19.026678181349585],[-98.5017432295512,19.026868619569335],[-98.50194464960602,19.026384580869333],[-98.50237860043934,19.026241479983113],[-98.50339679969136,19.026027400755236],[-98.50441079995377,19.02613478056933],[-98.50466003157577,19.026143872898412],[-98.50551706248129,19.02567469191861],[-98.50672066637406,19.024959457825126],[-98.50867080003455,19.024646100519853],[-98.50807597263858,19.02355101560984],[-98.50733618158483,19.02247587611081],[-98.50636784620366,19.02136849141654],[-98.5030140131006,19.02060714310066],[-98.50019389939757,19.020314854585077],[-98.49652897003192,19.01992984932209],[-98.49453202255856,19.01885122531656],[-98.49436258537452,19.01695521334144],[-98.49583953139802,19.014808404385267],[-98.49738537160364,19.013631007786945],[-98.49763490767461,19.011428873512713],[-98.49643039946949,19.010892397241054],[-98.49459302901492,19.009513724010127],[-98.49534575680089,19.007841644277864],[-98.49702922388845,19.006888295488768],[-98.4983543737142,19.005610877849207],[-98.49790326382708,19.004556818988036],[-98.49724792465463,19.003881764800813],[-98.49719254402225,19.002358846807784],[-98.4967887438755,19.001768069827445],[-98.49674123768595,19.001767940481574],[-98.49657394426461,19.00112358373695],[-98.49654079275273,19.000696485600454],[-98.49653467052772,19.00065919075565],[-98.49652499175114,19.00061962661121],[-98.49644792543435,19.000576490363343],[-98.49577172580494,18.99914902680496],[-98.49452271187242,18.99882931139899],[-98.49428002844108,18.99876764573093],[-98.49258940278615,18.998193665674503],[-98.49209611549159,18.99677347081741],[-98.49245164857844,18.995850394064508],[-98.49746232448479,18.99599739217347],[-98.50005610306873,18.994797963964118],[-98.5028716158182,18.992507851705895],[-98.50405336287501,18.993672309640285],[-98.50673500938521,18.99425561271266],[-98.51000130034211,18.99493080005618],[-98.51091283082752,18.99511847962703],[-98.51398937279248,18.998156327841755],[-98.51341152872243,19.00061744695027],[-98.51344052032833,19.000653672537435],[-98.5134315141245,19.000687538275148],[-98.51312830070377,19.001827687065102],[-98.51317105627437,19.0018278000976],[-98.51276795422255,19.00361836370754],[-98.51230438969019,19.00476034676443],[-98.51167427583366,19.006803349607136],[-98.51226253790388,19.00870949591436],[-98.51240110483121,19.010060924222522],[-98.51244759300472,19.011423405203868],[-98.51123061088674,19.013905417109058],[-98.50966781647368,19.013006589136655],[-98.50920103520258,19.010791234681385],[-98.50881892946508,19.00946852789121],[-98.5082690169758,19.00806177912215],[-98.50761272311425,19.006686375022117],[-98.50676638354751,19.005721653661507],[-98.50539451176937,19.005555314484692],[-98.503916948675,19.00638277218408],[-98.50271430705745,19.0080107510109],[-98.50266275846964,19.009562750986554],[-98.50295335651678,19.011086301238166],[-98.50371689658598,19.01293420183707],[-98.50437259475504,19.01370864345591],[-98.50604220662026,19.015226849662657],[-98.50719369128429,19.016443171340445],[-98.50833746608207,19.017460646594014],[-98.50888744009036,19.01845394329414],[-98.51047351918496,19.019730142056194],[-98.51220332208423,19.0206090717582],[-98.51375902059506,19.02111926126455],[-98.51645631524006,19.02097723626815],[-98.51695819554895,19.019327002524353],[-98.5170176011603,19.01809357999873],[-98.51637526083873,19.01555696323484],[-98.51570294907644,19.013530866598764],[-98.51540510247932,19.012416249357393],[-98.51529719215458,19.011132682658644],[-98.51526551216119,19.00957142215792],[-98.51630841267492,19.00831346688358],[-98.51677197139358,19.00737255202715],[-98.51776912813766,19.00611220954172],[-98.51737859501519,19.00439863683407],[-98.51803206417243,19.002055186131756],[-98.5181499524352,19.001845378455275],[-98.51832687720955,19.00154987094254],[-98.5184315285182,19.00069989279557],[-98.51845015311864,19.000605803953352],[-98.51849538146011,19.00036643553423],[-98.51899350962344,18.999574717308928],[-98.51924188169639,18.999726737672333],[-98.52010416293214,18.99991424361553],[-98.52084188063415,19.000053976778567],[-98.52103594814784,19.00009288834243],[-98.52169972914193,19.000338613941555],[-98.52259529627312,19.00051715789236],[-98.52293594122627,19.000590336415033],[-98.52415861554462,19.00038563517052],[-98.52615029320013,18.997464954471443],[-98.53107860127153,18.99758598211756],[-98.53324577659006,18.996825567149823],[-98.53402383449163,18.996554155704935],[-98.53607648743436,18.995755010229665],[-98.54034155734337,18.99455468600625],[-98.54545336446981,18.993993474224457],[-98.54972630201335,18.994455806778834],[-98.55290027280923,18.996413307123255],[-98.55597487513802,18.998474444277],[-98.55723116684607,18.99922981336954],[-98.55919398303823,18.99958922364642],[-98.5638425838519,19.00043621350866],[-98.56380569245601,19.000011375385508],[-98.56336955924355,18.999660149907424],[-98.5619075727743,18.998529287309708],[-98.56144000496371,18.998166686565387],[-98.55949445957043,18.997344182696857],[-98.55892773086147,18.996533994641144],[-98.55928609401626,18.993954712053117],[-98.5622312437468,18.993094141511055],[-98.55983599376043,18.990795240766314],[-98.55641762291027,18.98942469284954],[-98.55773749479643,18.9867844585298],[-98.56019465013517,18.987644348452676],[-98.56272754964232,18.98793503687346],[-98.56500139216553,18.98897517572343],[-98.56561184367753,18.986455213163197],[-98.56664149143052,18.983016688706314],[-98.56910621651548,18.981865684036027],[-98.57144872792853,18.981816910231796],[-98.57427129667113,18.981186309888056],[-98.57704905027065,18.98159485126959],[-98.57981842375938,18.98297710016338],[-98.58245837562647,18.983895855401297],[-98.58173363789687,18.981194323779555],[-98.57909340051184,18.979936660238668],[-98.57788799983507,18.978327530258404],[-98.57596568116946,18.977066943531497],[-98.57308922294777,18.974195496601492],[-98.57188375751238,18.971725525785274],[-98.5688238671223,18.969136004511945],[-98.56738219726775,18.96712635558744],[-98.56882904878519,18.96483652312214],[-98.56925886391733,18.96415633819867],[-98.5660621204746,18.963805444064487],[-98.56306357493811,18.962136647526076],[-98.56047698076635,18.960065493079668],[-98.55891300175765,18.958576263446258],[-98.55501433438765,18.95478707326222],[-98.55327450071447,18.952496442910167],[-98.54984119290805,18.94904716755072],[-98.54804109717801,18.94669760046913],[-98.54594278850011,18.945317663102344],[-98.5418072181306,18.942847064841285],[-98.53699266583243,18.941237739337986],[-98.5341698166034,18.939397215134168],[-98.53182001727836,18.936537761828212],[-98.52906558539502,18.93405907510446],[-98.5263572002677,18.935258644600022],[-98.52581550535828,18.937888237969723],[-98.52357984913478,18.939606358518954],[-98.52011382394963,18.942067971450324],[-98.5194649182347,18.93920711878574],[-98.51909850883852,18.93946711873667],[-98.51696545312737,18.940982086587645],[-98.51082373322203,18.94247179295702],[-98.51046503956404,18.945561589100784],[-98.50986935889304,18.948891372991863],[-98.50842008662772,18.951580631232353],[-98.5055129167964,18.953809604444764],[-98.50383442757331,18.95708111400785],[-98.50383424305245,18.95954037289513],[-98.49950840850885,18.956670692716685],[-98.49758531933942,18.95575158938402],[-98.49577693310243,18.958730088083268],[-98.49226746178299,18.956279307666936],[-98.49084810395657,18.958779850017905],[-98.49113812642618,18.961989994349004],[-98.49330489413077,18.962050165641678],[-98.49456377159427,18.964119746446027],[-98.49714246055491,18.965208983495444],[-98.50207918998922,18.96556010711166],[-98.50460424965833,18.9661396232565],[-98.50778588710608,18.96734894192501],[-98.51001401182907,18.969590446712388],[-98.51186777679166,18.972568602213695],[-98.51282913848114,18.975779357867836],[-98.51168425012,18.97887836780772],[-98.50651919613253,18.976289039406204],[-98.50477212670768,18.973988910626364],[-98.50422294762217,18.977378658964216],[-98.5033220395379,18.980238781249266],[-98.49887451048006,18.976399513421168],[-98.49545599223369,18.973579639612186],[-98.4914889377284,18.97311691055704],[-98.48907759054165,18.973968798875244],[-98.48523241179589,18.974997412914956],[-98.48399080602965,18.97503461937843],[-98.48150165829531,18.97510899082035],[-98.47747270563761,18.974128409892295],[-98.47434501276079,18.97297859849823],[-98.47260483491621,18.97503864416872],[-98.47091127025888,18.979798665642672],[-98.47156729362564,18.982256398431588],[-98.47373384448076,18.984158129503772],[-98.47281040190556,18.98908754242797],[-98.4747407361791,18.990986329047956],[-98.47679495568869,18.99183261474175],[-98.4778007258384,18.992246652431305],[-98.4808750138286,18.991218297555847],[-98.48400370322676,18.990827165311863],[-98.48591089036032,18.99546630229872],[-98.48553670015116,18.996843431669053],[-98.48602629108902,18.997326025058484],[-98.48716825510971,18.997882727141615],[-98.48784930988263,18.998284512170518],[-98.48833134660929,18.99910371347671],[-98.48846780223717,18.99933679948329],[-98.48848588399008,19.000023675570375],[-98.48827194919626,19.000655686092905],[-98.48824839654347,19.000687251408607],[-98.48785119124845,19.00172994570747],[-98.48769868419757,19.002081973120358],[-98.48687777087419,19.00428250802921],[-98.4864141287349,19.005584832707974],[-98.48666608993783,19.00687785023989],[-98.48726212311595,19.008481346528303],[-98.48793316394224,19.009836526628764],[-98.49038039138274,19.010627273386792],[-98.49038919054678,19.01202128234545],[-98.48992463689753,19.01304120115917],[-98.48894364513866,19.01495210961376],[-98.48889137198651,19.016504100591334],[-98.49081947307937,19.017935043785084],[-98.49150612947096,19.019059805750164],[-98.49111113574507,19.020439145125117],[-98.49054767039082,19.021558200288577],[-98.49013077415957,19.023491002602622],[-98.49015459478575,19.02521490863924],[-98.49106970175934,19.02622056114842],[-98.49257039770328,19.025675685803524],[-98.49385001241608,19.024590221706564],[-98.49497633551353,19.023129285638156],[-98.49655365070713,19.02276533165293],[-98.49804787602336,19.023562414596192],[-98.49804887890684,19.02480502912465],[-98.49841568345106,19.026261012348094],[-98.49868296365216,19.02724001282531],[-98.49939996647434,19.028376124860195],[-98.49998407725656,19.028211574335568]]]},"properties":{"N_CS_G1":"N","N_CP_G1":"Eutrico","N_G2":"FLUVISOL","TEXTURA":"GRUESA","F_SUPERF":"N"}},
{"type":"Feature","geometry":{"type":"Polygon","coordinates":[[[-98.60769908785542,19.028341505713428],[-98.60835539990501,19.02837753999061],[-98.61039773986448,19.028026850445023],[-98.61711751964756,19.025503890169553],[-98.62068072036512,19.02450810992636],[-98.6222676899287,19.02415134964152],[-98.62468310959547,19.02386377032301],[-98.62608131952425,19.02321409040098],[-98.62674473954702,19.02296794023714],[-98.62752307996931,19.02240191959543],[-98.62803556966725,19.02145557031403],[-98.62927385994595,19.017086779777205],[-98.63294664956332,19.015549520286733],[-98.63497182981253,19.01160870966916],[-98.63855367996293,19.007684920413062],[-98.64269482021267,19.004983369631862],[-98.64538768003993,19.003614680141915],[-98.64763918044385,19.00209244986716],[-98.64852451987885,19.001101879795204],[-98.6493314897788,18.99997033397133],[-98.64931587730139,18.999884220244674],[-98.64888034689227,18.998880248168607],[-98.64827743835707,18.998682537182777],[-98.64293677705008,18.99693258670384],[-98.64229817095656,18.996497557632],[-98.63984987461511,18.996492791707066],[-98.63801380230906,18.996489196779414],[-98.63762061162116,18.996800212300812],[-98.6361745452697,18.99794058616377],[-98.63556231754097,18.997939377055946],[-98.63311400266309,18.997934522734262],[-98.63066509457416,18.997929634414575],[-98.62729873800296,18.997922862771997],[-98.62362728738512,18.997334759442282],[-98.62087118124533,18.99820121599064],[-98.61811377869923,18.999361339471204],[-98.6179123518125,18.99993027300625],[-98.6180710015442,19.000405059502082],[-98.61803380039609,19.000572172707745],[-98.61800856376458,19.000700902101077],[-98.61767322113583,19.002175547108497],[-98.61782583627287,19.002175863423844],[-98.61750960501001,19.003343278470513],[-98.615343854572,19.003607634067432],[-98.61490822029397,19.00580956624964],[-98.61504929554236,19.009255328887477],[-98.61288181255709,19.01048438126948],[-98.60768377970443,19.010457579802434],[-98.60373634678601,19.012209149823114],[-98.60394831841263,19.012724730971613],[-98.60608329663985,19.01397418929761],[-98.60697627674621,19.015067346778203],[-98.6062480944905,19.017609787901826],[-98.60551208984587,19.02068540676111],[-98.60595746148793,19.023212277184836],[-98.60635557366487,19.024885023287567],[-98.60736391358984,19.027200716424353],[-98.60769908785542,19.028341505713428]]]},"properties":{"N_CS_G1":"Dístrico","N_CP_G1":"Lítico","N_G2":"ARENOSOL","TEXTURA":"GRUESA","F_SUPERF":"N"}},
{"type":"Feature","geometry":{"type":"Polygon","coordinates":[[[-98.65782961824591,18.974668015297286],[-98.65787209004988,18.974468150147167],[-98.65795292011921,18.974201149923115],[-98.65827514009055,18.97366745965001],[-98.65883851030932,18.972981549597122],[-98.65916072008613,18.9724478599751],[-98.65928191994287,18.972066450380527],[-98.6594836302495,18.971570689654776],[-98.65981195032286,18.970787549586948],[-98.65993277037096,18.97059696983619],[-98.66025394987264,18.970559379686552],[-98.66061530952182,18.970521890183367],[-98.66109728955647,18.970370120435014],[-98.66121794018765,18.970255849796178],[-98.66149963015336,18.969912889984094],[-98.66162050998179,18.969684140051132],[-98.66170148044436,18.96934080011293],[-98.66190334023953,18.96876871968872],[-98.66210541957301,18.968082149545104],[-98.6623483203709,18.967052170223567],[-98.66238938038634,18.96659428967745],[-98.66247027962855,18.966289120335585],[-98.6624710496298,18.965907490094764],[-98.66267290994848,18.965335400437947],[-98.66275410995928,18.964877579971514],[-98.66287543013556,18.964419850113167],[-98.66303768018797,18.963580549956756],[-98.66319953963688,18.962932059767173],[-98.66332078034912,18.96251248003907],[-98.66376384989645,18.961750020205823],[-98.66416683012382,18.9609493096119],[-98.66464916972534,18.960606710055902],[-98.66497143041688,18.96003484956035],[-98.66529282958449,18.95988277015541],[-98.66577508980242,18.959578320368394],[-98.66625766009183,18.9591212299781],[-98.6666598599469,18.95870217006913],[-98.66678156969976,18.958053600429924],[-98.66698323034262,18.95755783022735],[-98.66722458009743,18.95729111965803],[-98.66754613987435,18.957062720071004],[-98.66834911004284,18.95694968035636],[-98.66887157006275,18.956607119578816],[-98.66931353964239,18.956378939653323],[-98.6697551101342,18.95634157031031],[-98.6699560196745,18.95622743013433],[-98.67039797045653,18.95599922958135],[-98.6706394800248,18.955656180212827],[-98.67084135028696,18.955045919555307],[-98.67105530983395,18.95440839987331],[-98.67121652040653,18.954065219629893],[-98.67137820019093,18.953493050269543],[-98.67149911998574,18.953226110117814],[-98.67194188962601,18.95257810987331],[-98.67262480017132,18.952274019608275],[-98.67298632040826,18.95212200016349],[-98.67362938021368,18.951665170284286],[-98.67391151984583,18.951055050404097],[-98.67413890375057,18.949961717571522],[-98.67275044585281,18.949077451290435],[-98.67315895967975,18.94601224049451],[-98.67276287678658,18.942753558459984],[-98.67337170022911,18.94045461818867],[-98.672171767843,18.93604563067701],[-98.67318303106039,18.933747403311788],[-98.674398705716,18.930108603862237],[-98.67379819097714,18.928191614470787],[-98.67219250589858,18.925505791575475],[-98.67239975122045,18.92244021641817],[-98.67139912601885,18.919372497142696],[-98.66717318740976,18.917831965712473],[-98.66656887643974,18.91609456269813],[-98.66209949313887,18.91818086964755],[-98.65945167787899,18.920810417439586],[-98.65735350193451,18.922820752672553],[-98.65739938927007,18.92562017315011],[-98.65787226635334,18.928029516909014],[-98.65986369407307,18.931529535890316],[-98.65846716136727,18.934627916557307],[-98.65648381975649,18.933249426850757],[-98.65462980283212,18.929919080594726],[-98.65240186235317,18.928889160604324],[-98.64951757628728,18.928648741816357],[-98.64567245026319,18.927499312690244],[-98.64470319660865,18.93053966379699],[-98.64739634800188,18.934439934776076],[-98.64944893754878,18.93645013961091],[-98.65017354792838,18.938798973111655],[-98.64858650461801,18.940637328961355],[-98.64560331928854,18.938799302659994],[-98.64342869097979,18.94056870586751],[-98.63952243527781,18.939308320956417],[-98.63705049876965,18.94072912965988],[-98.63482213247006,18.94502765773222],[-98.63283839631234,18.946288958666123],[-98.62994669522516,18.945258579723525],[-98.62790952960474,18.94490768016435],[-98.62629206131123,18.943237023122446],[-98.62412513048359,18.942267890769006],[-98.6215997735733,18.94151828563413],[-98.62113704007155,18.94191272306638],[-98.61959693379424,18.94150174902929],[-98.61967392765894,18.941318900841516],[-98.61617089066372,18.942644671524494],[-98.61515732172468,18.945325529280243],[-98.61756975458755,18.94743849894341],[-98.61842322505443,18.948038987500226],[-98.61767820818199,18.950107001788332],[-98.61442801903084,18.95136773795309],[-98.61231410744631,18.953368476195752],[-98.61159678465145,18.9567571025339],[-98.61398534101367,18.960257299655222],[-98.61754041988594,18.96151523572404],[-98.61969995091587,18.96295550224981],[-98.62132501450903,18.96525545480462],[-98.62143949186414,18.96817587904249],[-98.61902792388905,18.970466402886704],[-98.61704450821185,18.972696780153107],[-98.6153190458873,18.9735020343731],[-98.61397694582408,18.974127326997138],[-98.61152029459289,18.97326588890169],[-98.60910924949718,18.9711980315283],[-98.60658400767328,18.969995224561366],[-98.60303608119098,18.96843773197024],[-98.60183847333155,18.966485351841417],[-98.60093792776826,18.963216416215374],[-98.59877892768691,18.96137603412608],[-98.59830562591092,18.95822775663802],[-98.59596375976663,18.955696718262242],[-98.5940331786316,18.95397652522437],[-98.59410930634955,18.95196814538462],[-98.59049306374332,18.94990643703876],[-98.5896267995682,18.949235753624016],[-98.58371197300225,18.952459022904137],[-98.58348444463013,18.95394853854922],[-98.58526850706411,18.95629321600212],[-98.58459282557257,18.957995233672452],[-98.58324893321674,18.95863046819688],[-98.5816833488889,18.958414555002918],[-98.58056272533007,18.959262652682327],[-98.58145365771882,18.960754699130188],[-98.5825695526585,18.962034873492033],[-98.58144724610372,18.963308854987808],[-98.57965839241365,18.963092418473877],[-98.57764459160508,18.963087827226328],[-98.57763919988896,18.96521609998563],[-98.57696502575527,18.96627870049299],[-98.57562212135637,18.966489127588055],[-98.57159886188606,18.964989820560817],[-98.56882904878519,18.96483652312214],[-98.56738219726775,18.96712635558744],[-98.5688238671223,18.969136004511945],[-98.57188375751238,18.971725525785274],[-98.57308922294777,18.974195496601492],[-98.57596568116946,18.977066943531497],[-98.57788799983507,18.978327530258404],[-98.57909340051184,18.979936660238668],[-98.58173363789687,18.981194323779555],[-98.58245837562647,18.983895855401297],[-98.57981842375938,18.98297710016338],[-98.57704905027065,18.98159485126959],[-98.57427129667113,18.981186309888056],[-98.57144872792853,18.981816910231796],[-98.56910621651548,18.981865684036027],[-98.56664149143052,18.983016688706314],[-98.56561184367753,18.986455213163197],[-98.57102855797274,18.986345872446684],[-98.57312689366924,18.989385002249925],[-98.57408832762903,18.992134555218623],[-98.57594204781749,18.993345299157742],[-98.57883371455048,18.993403883907046],[-98.58153461549291,18.993525251918438],[-98.58688355788006,18.9947347419384],[-98.59091957447353,18.996463076220234],[-98.59590967750971,18.99732357632769],[-98.59890783419999,18.998073434653996],[-98.60002435771938,18.99752006521692],[-98.6019143449051,18.99658427411783],[-98.60390542129892,18.993834442977384],[-98.60667524530906,18.990686349309932],[-98.60776650260112,18.986965301488986],[-98.61010846709368,18.9861659432503],[-98.61269522018091,18.986566772018417],[-98.61625049267688,18.986174297928653],[-98.61979110219295,18.98543604720725],[-98.62063779648395,18.983365983789035],[-98.62185093168497,18.981246962037392],[-98.6225679829558,18.97924666183119],[-98.62425445885889,18.976785171088498],[-98.62491819905146,18.973917167796962],[-98.62582609330231,18.970186590767042],[-98.62829093995701,18.96898734378237],[-98.63171638617018,18.969396369327963],[-98.63376148413325,18.970597885969955],[-98.63561528375661,18.971866782575063],[-98.63820976142694,18.97410636843065],[-98.64127657145058,18.9751358342897],[-98.64368110941994,18.977406606122543],[-98.64418222503981,18.976300498816673],[-98.6442993505109,18.97344944197721],[-98.64437591057496,18.969852724205346],[-98.64368794261067,18.96894766249071],[-98.64314343804188,18.967870035948312],[-98.64209255888916,18.96731898188258],[-98.64020948763405,18.96530902962014],[-98.63910649618019,18.962243214213174],[-98.64000150883712,18.9590773681244],[-98.64211594146342,18.95644143868209],[-98.64489301943297,18.95539055726399],[-98.64689131054571,18.955394388436165],[-98.64874663674394,18.957316107434202],[-98.6508602262428,18.957837504840057],[-98.65206484773182,18.958100732779478],[-98.65373648792,18.95846649985523],[-98.65729167247969,18.95778742231594],[-98.6582529952871,18.960025953291957],[-98.65741414354407,18.962606826625365],[-98.65716220623322,18.96472562139611],[-98.65710083843531,18.96684702901913],[-98.6573308400639,18.9684628838111],[-98.6575661093947,18.970117158234817],[-98.65920144472582,18.96798171935404],[-98.65949671853684,18.96759591697699],[-98.65954945481388,18.967646849825478],[-98.65973890866265,18.969359778987304],[-98.6591796699366,18.97136504106009],[-98.65751057346293,18.973155866557438],[-98.6575081827507,18.974317162547017],[-98.65782961824591,18.974668015297286]]]},"properties":{"N_CS_G1":"Eutrico","N_CP_G1":"Esquelético","N_G2":"LEPTOSOL","TEXTURA":"GRUESA","F_SUPERF":"PEDREGOSA"}},
{"type":"Feature","geometry":{"type":"MultiPolygon","coordinates":[[[[-98.54114483834006,19.025504189270976],[-98.54139262971515,19.025555000469772],[-98.54192356978947,19.025583429906405],[-98.54243365002858,19.025830969802673],[-98.54339605024695,19.026603769566314],[-98.54418730991368,19.02720445009617],[-98.54485465996328,19.027486250356834],[-98.5462211101003,19.027747169905076],[-98.54747652040786,19.02781351975601],[-98.54795273249715,19.02785747792998],[-98.54734650892783,19.027359082302414],[-98.54633167625725,19.026423494965453],[-98.545256728642,19.025539718531938],[-98.54406014495567,19.024834120599476],[-98.5414770863874,19.02531572620637],[-98.54114483834006,19.025504189270976]]],[[[-98.50466003157577,19.026143872898412],[-98.50905582979156,19.02630417007439],[-98.51140190963123,19.026389659804536],[-98.5122629049079,19.025903460639935],[-98.51090427054241,19.025124228074123],[-98.50867080003455,19.024646100519853],[-98.50672066637406,19.024959457825126],[-98.50551706248129,19.02567469191861],[-98.50466003157577,19.026143872898412]]],[[[-98.48569052532557,19.06238098197414],[-98.48532847984765,19.06149695017117],[-98.48508736964935,19.06050897032335],[-98.48458401986419,19.05980040060513],[-98.48426289039251,19.05914882960418],[-98.48434502964368,19.05794937971013],[-98.48461700035685,19.056461280610073],[-98.4850285495229,19.055536120402675],[-98.48568593959685,19.055022851115883],[-98.48653454007044,19.054322570692374],[-98.48815014002695,19.05318837956537],[-98.48896437955847,19.052650680408615],[-98.48979411965172,19.051340319824813],[-98.48983234957349,19.05049771961438],[-98.48985865975511,19.04966863020701],[-98.4898138003446,19.048990720168415],[-98.48989010962345,19.04831089088728],[-98.49061508963916,19.048256890887664],[-98.49138758031818,19.048267090515193],[-98.49278025999052,19.048117651075415],[-98.49262037037529,19.04765738025771],[-98.49224006018552,19.04709971010185],[-98.49192148039596,19.046594919818936],[-98.49162787981415,19.046264260410826],[-98.49126317045173,19.046062170034627],[-98.49114935007869,19.045614519574823],[-98.49151274021153,19.04369738034307],[-98.49161005954589,19.042764569838315],[-98.4922594500962,19.041548600609076],[-98.49323161968665,19.041321939704606],[-98.49375062025264,19.041191351119764],[-98.49433542963953,19.04073531955092],[-98.49492051021589,19.040191279691673],[-98.49495980028362,19.039443319772328],[-98.49455425043445,19.038701429838177],[-98.4947140002736,19.037917889634087],[-98.49509262963169,19.037256949780446],[-98.4953875696445,19.036735861103146],[-98.4961567397278,19.035455510350843],[-98.49695684979302,19.03426175014843],[-98.4985074599864,19.034556710380805],[-98.49880158024989,19.03299790961077],[-98.49994431965783,19.028433660552682],[-98.49998407725656,19.028211574335568],[-98.49939996647434,19.028376124860195],[-98.49868296365216,19.02724001282531],[-98.49841568345106,19.026261012348094],[-98.49804887890684,19.02480502912465],[-98.49804787602336,19.023562414596192],[-98.49655365070713,19.02276533165293],[-98.49497633551353,19.023129285638156],[-98.49385001241608,19.024590221706564],[-98.49257039770328,19.025675685803524],[-98.49106970175934,19.02622056114842],[-98.49015459478575,19.02521490863924],[-98.49013077415957,19.023491002602622],[-98.49054767039082,19.021558200288577],[-98.49111113574507,19.020439145125117],[-98.49150612947096,19.019059805750164],[-98.49081947307937,19.017935043785084],[-98.48889137198651,19.016504100591334],[-98.48894364513866,19.01495210961376],[-98.48992463689753,19.01304120115917],[-98.49038919054678,19.01202128234545],[-98.49038039138274,19.010627273386792],[-98.48793316394224,19.009836526628764],[-98.48726212311595,19.008481346528303],[-98.48666608993783,19.00687785023989],[-98.4864141287349,19.005584832707974],[-98.48687777087419,19.00428250802921],[-98.48769868419757,19.002081973120358],[-98.48785119124845,19.00172994570747],[-98.48824839654347,19.000687251408607],[-98.48827194919626,19.000655686092905],[-98.48848588399008,19.000023675570375],[-98.48846780223717,18.99933679948329],[-98.48833134660929,18.99910371347671],[-98.48784930988263,18.998284512170518],[-98.48716825510971,18.997882727141615],[-98.48602629108902,18.997326025058484],[-98.48553670015116,18.996843431669053],[-98.48591089036032,18.99546630229872],[-98.48400370322676,18.990827165311863],[-98.4808750138286,18.991218297555847],[-98.4778007258384,18.992246652431305],[-98.47679495568869,18.99183261474175],[-98.4747407361791,18.990986329047956],[-98.47281040190556,18.98908754242797],[-98.47373384448076,18.984158129503772],[-98.47156729362564,18.982256398431588],[-98.47091127025888,18.979798665642672],[-98.47260483491621,18.97503864416872],[-98.47110218476615,18.97182840661213],[-98.46761546969049,18.97176869805286],[-98.46599044540092,18.973259668277606],[-98.46220593903587,18.971637823515707],[-98.46207587155982,18.9749676486018],[-98.46231257794126,18.98018731076372],[-98.4591234170899,18.982247522008073],[-98.45610952308736,18.982247717650225],[-98.45322519380936,18.98510851101922],[-98.4523862008976,18.988366184174566],[-98.45339271076483,18.99450765442789],[-98.45375119876435,18.996914857316938],[-98.45277129259898,19.000572004588825],[-98.4527882684595,19.00064661189245],[-98.452776882088,19.00067820813837],[-98.45276849957274,19.00069926967809],[-98.45223709072981,19.001584842285677],[-98.45227450147434,19.001584952781876],[-98.45167995396837,19.002708314541955],[-98.45042152400421,19.00526434622652],[-98.44862053831329,19.005229608589563],[-98.4469209066142,19.00471618819852],[-98.4462404000811,19.005423564320633],[-98.44447146613918,19.005571884670616],[-98.44173917873704,19.00541001650805],[-98.440134680517,19.004336519821763],[-98.43939750465628,19.003699425082758],[-98.4370915242966,19.0039183413866],[-98.43608592964294,19.004692468509933],[-98.43453996475728,19.005808345975208],[-98.43255172078412,19.006181809213707],[-98.43081417427986,19.00600249838819],[-98.42981857659694,19.007140365106483],[-98.42838891313163,19.00705235368115],[-98.42774579263953,19.007050362288563],[-98.42549404396681,19.007197004518677],[-98.42468583921547,19.008570388923413],[-98.42483879267978,19.010710401938397],[-98.423059732269,19.01376391383104],[-98.42128751107252,19.014829265928274],[-98.4216024819357,19.01681841442686],[-98.42288085448867,19.019115578455203],[-98.42303219400489,19.021716476678247],[-98.42430692051451,19.025084515022908],[-98.42349537918994,19.02722151488635],[-98.42348690886847,19.029668280633008],[-98.42589727065977,19.03028805758218],[-98.42879194523226,19.030143408532698],[-98.4303986218401,19.030455635800404],[-98.43264599230346,19.031684826382193],[-98.4342516548459,19.032302019704062],[-98.43585636934631,19.033377828667753],[-98.43665640960499,19.034602541015676],[-98.43632776591045,19.0365896994464],[-98.43519913945465,19.037503512803845],[-98.43439130361776,19.03857193356418],[-98.43486527717276,19.041020179290562],[-98.43534245062195,19.04270479940226],[-98.43565600426754,19.0449989207501],[-98.43677743576283,19.046224615184023],[-98.43935000712123,19.046386084632978],[-98.44160176088474,19.046392916475273],[-98.44305539254096,19.04616686627314],[-98.44373412400735,19.046577843395216],[-98.444144500664,19.046597155401408],[-98.44481617238948,19.046633067555675],[-98.44632044814782,19.04653818232219],[-98.44699405942346,19.045991199789658],[-98.44808915828911,19.04533477125881],[-98.44958134147178,19.04458237349074],[-98.45069110598466,19.044744763710202],[-98.45119831963213,19.04455888028589],[-98.45137287982733,19.04459285973584],[-98.45259042018644,19.044829889690476],[-98.45452514974451,19.046068720623143],[-98.45511728044755,19.046447849564583],[-98.45594915005937,19.047072950946003],[-98.4562310900035,19.047284800794493],[-98.45685762985464,19.04777822012276],[-98.45758345000895,19.048349821235792],[-98.4584062203573,19.04981440003807],[-98.45852264462798,19.050021646570933],[-98.4587025951091,19.050183012437493],[-98.45969359330768,19.05084788705851],[-98.46030653483149,19.051278083490274],[-98.46069074971626,19.05149099990418],[-98.46145040022544,19.051911951220344],[-98.46201309039564,19.052061770334916],[-98.4621692307314,19.05293022426523],[-98.46217035546125,19.052931405904626],[-98.46273868800789,19.053747846039446],[-98.46281163021264,19.05382070968854],[-98.46319130957079,19.05417537991249],[-98.46368814959304,19.054639520801906],[-98.46395537006191,19.05518148956626],[-98.46490530994323,19.055747279732163],[-98.46554745978504,19.05608227974069],[-98.46630252017559,19.056476181187087],[-98.46750668960524,19.05716703029078],[-98.4677476503517,19.057254949957148],[-98.46858642996642,19.057560999873196],[-98.46905553443342,19.057720123181436],[-98.4700029104203,19.05777313558984],[-98.47049320041246,19.05808550208896],[-98.47071914042036,19.058122950271805],[-98.4715511703015,19.05829883110896],[-98.47236669034962,19.058885829993635],[-98.47263889041578,19.059253089940853],[-98.47281717008447,19.05949365124066],[-98.47372263038153,19.060221109613092],[-98.4739851504423,19.060432030424934],[-98.47438202974995,19.06116605040986],[-98.4746196001549,19.06154938011223],[-98.47480567989858,19.06184957999549],[-98.47612130977836,19.062666150306402],[-98.47694540263706,19.063160206710165],[-98.47694598307899,19.063160308141818],[-98.477398120151,19.06323928043758],[-98.47781273999644,19.063205020215616],[-98.47806090985088,19.06337898043558],[-98.47836555181226,19.063663285663317],[-98.47859246702518,19.06372902248307],[-98.47885810982214,19.063761740260766],[-98.47925476990918,19.063663770230743],[-98.4798646300755,19.063764580440246],[-98.47987993550431,19.06376462410692],[-98.48051564122738,19.06356423628905],[-98.48151064370431,19.06299996043094],[-98.48210793696747,19.062719230104413],[-98.48226005002135,19.06251632180249],[-98.4846429774817,19.06244166853251],[-98.48569052532557,19.06238098197414]]]]},"properties":{"N_CS_G1":"Eutrico","N_CP_G1":"Esquelético","N_G2":"CAMBISOL","TEXTURA":"GRUESA","F_SUPERF":"N"}},
{"type":"Feature","geometry":{"type":"Polygon","coordinates":[[[-98.54795273249715,19.02785747792998],[-98.54870862981397,19.02792725013996],[-98.5498185803286,19.02795029044212],[-98.55076282968113,19.028214680292795],[-98.55126136969973,19.028554780624265],[-98.55245844958475,19.029750621104483],[-98.5534031996973,19.031061880050164],[-98.5538465400934,19.031383550519447],[-98.55495869001304,19.031760149752905],[-98.55630207997848,19.032374880556038],[-98.55728440036677,19.032723910090343],[-98.55818788023525,19.03315294039887],[-98.55960988959148,19.033749880496185],[-98.56045788992095,19.03408558130336],[-98.56147307990567,19.034113889803532],[-98.56223162041493,19.03436501973997],[-98.56331645038522,19.034553489928342],[-98.56424271964106,19.034651909837113],[-98.56495195799543,19.034976461282454],[-98.56266112075292,19.032863567435278],[-98.56038056415242,19.03100099176927],[-98.55781809506922,19.02885755970275],[-98.55638427633511,19.027552754477163],[-98.55374584768413,19.026089135173248],[-98.55069677592688,19.024516031805298],[-98.55016943404355,19.02296034318853],[-98.5501830300155,19.021227487785797],[-98.55047051558958,19.019235479364617],[-98.55133778532007,19.017624445549334],[-98.55282974073123,19.01625666735769],[-98.55458100049194,19.014740388690935],[-98.55658376179488,19.013324107966056],[-98.55843435380628,19.01194810776922],[-98.56029155534469,19.0105314362617],[-98.5626212069101,19.0085239257297],[-98.56369361908118,19.006746126401513],[-98.56412646992294,19.00518370356643],[-98.56387305868884,19.003310133967876],[-98.56387961725902,19.00216693620509],[-98.56387884946767,19.002006522605598],[-98.5638295616295,19.002006406399403],[-98.56389058460401,19.000700666588408],[-98.56388650211858,19.0006724156085],[-98.56386103608767,19.00064637289421],[-98.5638425838519,19.00043621350866],[-98.55919398303823,18.99958922364642],[-98.55723116684607,18.99922981336954],[-98.55597487513802,18.998474444277],[-98.55290027280923,18.996413307123255],[-98.54972630201335,18.994455806778834],[-98.54545336446981,18.993993474224457],[-98.54034155734337,18.99455468600625],[-98.53607648743436,18.995755010229665],[-98.53402383449163,18.996554155704935],[-98.53324577659006,18.996825567149823],[-98.53107860127153,18.99758598211756],[-98.52615029320013,18.997464954471443],[-98.52415861554462,19.00038563517052],[-98.52293594122627,19.000590336415033],[-98.52259529627312,19.00051715789236],[-98.52169972914193,19.000338613941555],[-98.52103594814784,19.00009288834243],[-98.52084188063415,19.000053976778567],[-98.52010416293214,18.99991424361553],[-98.51924188169639,18.999726737672333],[-98.51899350962344,18.999574717308928],[-98.51849538146011,19.00036643553423],[-98.51845015311864,19.000605803953352],[-98.5184315285182,19.00069989279557],[-98.51832687720955,19.00154987094254],[-98.5181499524352,19.001845378455275],[-98.51803206417243,19.002055186131756],[-98.51737859501519,19.00439863683407],[-98.51776912813766,19.00611220954172],[-98.51677197139358,19.00737255202715],[-98.51630841267492,19.00831346688358],[-98.51526551216119,19.00957142215792],[-98.51529719215458,19.011132682658644],[-98.51540510247932,19.012416249357393],[-98.51570294907644,19.013530866598764],[-98.51637526083873,19.01555696323484],[-98.5170176011603,19.01809357999873],[-98.51695819554895,19.019327002524353],[-98.51645631524006,19.02097723626815],[-98.51375902059506,19.02111926126455],[-98.51220332208423,19.0206090717582],[-98.51047351918496,19.019730142056194],[-98.50888744009036,19.01845394329414],[-98.50833746608207,19.017460646594014],[-98.50719369128429,19.016443171340445],[-98.50604220662026,19.015226849662657],[-98.50437259475504,19.01370864345591],[-98.50371689658598,19.01293420183707],[-98.50295335651678,19.011086301238166],[-98.50266275846964,19.009562750986554],[-98.50271430705745,19.0080107510109],[-98.503916948675,19.00638277218408],[-98.50539451176937,19.005555314484692],[-98.50676638354751,19.005721653661507],[-98.50761272311425,19.006686375022117],[-98.5082690169758,19.00806177912215],[-98.50881892946508,19.00946852789121],[-98.50920103520258,19.010791234681385],[-98.50966781647368,19.013006589136655],[-98.51123061088674,19.013905417109058],[-98.51244759300472,19.011423405203868],[-98.51240110483121,19.010060924222522],[-98.51226253790388,19.00870949591436],[-98.51167427583366,19.006803349607136],[-98.51230438969019,19.00476034676443],[-98.51276795422255,19.00361836370754],[-98.51317105627437,19.0018278000976],[-98.51312830070377,19.001827687065102],[-98.5134315141245,19.000687538275148],[-98.51344052032833,19.000653672537435],[-98.51341152872243,19.00061744695027],[-98.51398937279248,18.998156327841755],[-98.51091283082752,18.99511847962703],[-98.51000130034211,18.99493080005618],[-98.50673500938521,18.99425561271266],[-98.50405336287501,18.993672309640285],[-98.5028716158182,18.992507851705895],[-98.50005610306873,18.994797963964118],[-98.49746232448479,18.99599739217347],[-98.49245164857844,18.995850394064508],[-98.49209611549159,18.99677347081741],[-98.49258940278615,18.998193665674503],[-98.49428002844108,18.99876764573093],[-98.49452271187242,18.99882931139899],[-98.49577172580494,18.99914902680496],[-98.49644792543435,19.000576490363343],[-98.49652499175114,19.00061962661121],[-98.49653467052772,19.00065919075565],[-98.49654079275273,19.000696485600454],[-98.49657394426461,19.00112358373695],[-98.49674123768595,19.001767940481574],[-98.4967887438755,19.001768069827445],[-98.49719254402225,19.002358846807784],[-98.49724792465463,19.003881764800813],[-98.49790326382708,19.004556818988036],[-98.4983543737142,19.005610877849207],[-98.49702922388845,19.006888295488768],[-98.49534575680089,19.007841644277864],[-98.49459302901492,19.009513724010127],[-98.49643039946949,19.010892397241054],[-98.49763490767461,19.011428873512713],[-98.49738537160364,19.013631007786945],[-98.49583953139802,19.014808404385267],[-98.49436258537452,19.01695521334144],[-98.49453202255856,19.01885122531656],[-98.49652897003192,19.01992984932209],[-98.50019389939757,19.020314854585077],[-98.5030140131006,19.02060714310066],[-98.50636784620366,19.02136849141654],[-98.50733618158483,19.02247587611081],[-98.50807597263858,19.02355101560984],[-98.50867080003455,19.024646100519853],[-98.51090427054241,19.025124228074123],[-98.5122629049079,19.025903460639935],[-98.51242740015039,19.025810570186266],[-98.51354128030647,19.02610948025457],[-98.51458462019315,19.026579909788374],[-98.51566131969255,19.026822219891177],[-98.51660355020537,19.026903769719123],[-98.51778599980388,19.026927181150093],[-98.51858154035946,19.026836649753882],[-98.5197286898928,19.026941290299547],[-98.52038122041802,19.02701303006663],[-98.52104314046932,19.026890490019987],[-98.52237625046386,19.026369779730874],[-98.52315108013745,19.025612680249164],[-98.52448408011915,19.025091950088314],[-98.52531677028585,19.025094110436534],[-98.5261851500652,19.025051149710272],[-98.52682991006589,19.024515090253523],[-98.52724408997175,19.02382029015932],[-98.52771342048193,19.02375596965185],[-98.5307645202289,19.02262957997772],[-98.53230714028795,19.022531830176497],[-98.53391434999078,19.022709860413205],[-98.53563207999179,19.023096020794952],[-98.53627554031101,19.023422979998507],[-98.53675017982732,19.02379695042127],[-98.5371493699504,19.024828201024917],[-98.53764845032158,19.02520451043285],[-98.53832668958796,19.02542535114035],[-98.5392913700962,19.025369019864417],[-98.53983125998103,19.02514445033289],[-98.54053379982058,19.025378890044927],[-98.54114483834006,19.025504189270976],[-98.5414770863874,19.02531572620637],[-98.54406014495567,19.024834120599476],[-98.545256728642,19.025539718531938],[-98.54633167625725,19.026423494965453],[-98.54734650892783,19.027359082302414],[-98.54795273249715,19.02785747792998]]]},"properties":{"N_CS_G1":"Arénico","N_CP_G1":"Epiléptico","N_G2":"N","TEXTURA":"GRUESA","F_SUPERF":"N"}},
{"type":"Feature","geometry":{"type":"Polygon","coordinates":[[[-98.6493314897788,18.99997033397133],[-98.64961171014913,18.999577399554976],[-98.65033754023315,18.998052249794615],[-98.65041997001806,18.997021979948556],[-98.6501928899501,18.99627665014494],[-98.65019457009645,18.995475220094928],[-98.65031660016423,18.994712180418027],[-98.65027708984486,18.994406800272348],[-98.65015761988133,18.993948619713716],[-98.65031978023296,18.99318565990856],[-98.65072244985635,18.992613969775437],[-98.65088388985579,18.99219447997196],[-98.65112597018943,18.991622479659735],[-98.65112748035222,18.990897370081314],[-98.6512498902836,18.98994351972924],[-98.65125308000572,18.988416999698117],[-98.65153551988543,18.987730579817036],[-98.65209934954153,18.986853889676663],[-98.65250198016432,18.98628218001453],[-98.65306588956045,18.98536731956023],[-98.65330780030719,18.984871649795352],[-98.65367003005034,18.984414370410516],[-98.65447425037027,18.98376708994835],[-98.6552451700717,18.98308822988712],[-98.6555270504414,18.982668950413597],[-98.65576922969046,18.982020630276068],[-98.65573002998437,18.98156258023323],[-98.65585170968896,18.98095220030692],[-98.65593309028321,18.980418060312058],[-98.6560545398946,18.979922169878375],[-98.65625617955898,18.979464580145905],[-98.65665832020497,18.979121850247747],[-98.65689956954093,18.97893148001389],[-98.65710058021969,18.978779200403185],[-98.65722154993682,18.978512280410854],[-98.65722272030129,18.977939830290552],[-98.65738462975513,18.977291350153248],[-98.65742593954997,18.976718969549314],[-98.657466860456,18.97633742009702],[-98.6575482301384,18.975803279565767],[-98.65775048955999,18.975040380095134],[-98.65782961824591,18.974668015297286],[-98.6575081827507,18.974317162547017],[-98.65751057346293,18.973155866557438],[-98.6591796699366,18.97136504106009],[-98.65973890866265,18.969359778987304],[-98.65954945481388,18.967646849825478],[-98.65949671853684,18.96759591697699],[-98.65920144472582,18.96798171935404],[-98.6575661093947,18.970117158234817],[-98.6573308400639,18.9684628838111],[-98.65710083843531,18.96684702901913],[-98.65716220623322,18.96472562139611],[-98.65741414354407,18.962606826625365],[-98.6582529952871,18.960025953291957],[-98.65729167247969,18.95778742231594],[-98.65373648792,18.95846649985523],[-98.65206484773182,18.958100732779478],[-98.6508602262428,18.957837504840057],[-98.64874663674394,18.957316107434202],[-98.64689131054571,18.955394388436165],[-98.64489301943297,18.95539055726399],[-98.64211594146342,18.95644143868209],[-98.64000150883712,18.9590773681244],[-98.63910649618019,18.962243214213174],[-98.64020948763405,18.96530902962014],[-98.64209255888916,18.96731898188258],[-98.64314343804188,18.967870035948312],[-98.64368794261067,18.96894766249071],[-98.64437591057496,18.969852724205346],[-98.6442993505109,18.97344944197721],[-98.64418222503981,18.976300498816673],[-98.64368110941994,18.977406606122543],[-98.64127657145058,18.9751358342897],[-98.63820976142694,18.97410636843065],[-98.63561528375661,18.971866782575063],[-98.63376148413325,18.970597885969955],[-98.63171638617018,18.969396369327963],[-98.62829093995701,18.96898734378237],[-98.62582609330231,18.970186590767042],[-98.62491819905146,18.973917167796962],[-98.62425445885889,18.976785171088498],[-98.6225679829558,18.97924666183119],[-98.62185093168497,18.981246962037392],[-98.62063779648395,18.983365983789035],[-98.61979110219295,18.98543604720725],[-98.61625049267688,18.986174297928653],[-98.61269522018091,18.986566772018417],[-98.61010846709368,18.9861659432503],[-98.60776650260112,18.986965301488986],[-98.60667524530906,18.990686349309932],[-98.60390542129892,18.993834442977384],[-98.6019143449051,18.99658427411783],[-98.60002435771938,18.99752006521692],[-98.59890783419999,18.998073434653996],[-98.59590967750971,18.99732357632769],[-98.59091957447353,18.996463076220234],[-98.58688355788006,18.9947347419384],[-98.58153461549291,18.993525251918438],[-98.57883371455048,18.993403883907046],[-98.57594204781749,18.993345299157742],[-98.57408832762903,18.992134555218623],[-98.57312689366924,18.989385002249925],[-98.57102855797274,18.986345872446684],[-98.56561184367753,18.986455213163197],[-98.56500139216553,18.98897517572343],[-98.56272754964232,18.98793503687346],[-98.56019465013517,18.987644348452676],[-98.55773749479643,18.9867844585298],[-98.55641762291027,18.98942469284954],[-98.55983599376043,18.990795240766314],[-98.5622312437468,18.993094141511055],[-98.55928609401626,18.993954712053117],[-98.55892773086147,18.996533994641144],[-98.55949445957043,18.997344182696857],[-98.56144000496371,18.998166686565387],[-98.5619075727743,18.998529287309708],[-98.56336955924355,18.999660149907424],[-98.56380569245601,19.000011375385508],[-98.5638425838519,19.00043621350866],[-98.56386103608767,19.00064637289421],[-98.56388650211858,19.0006724156085],[-98.56389058460401,19.000700666588408],[-98.5638295616295,19.002006406399403],[-98.56387884946767,19.002006522605598],[-98.56387961725902,19.00216693620509],[-98.56387305868884,19.003310133967876],[-98.56412646992294,19.00518370356643],[-98.56369361908118,19.006746126401513],[-98.5626212069101,19.0085239257297],[-98.56029155534469,19.0105314362617],[-98.55843435380628,19.01194810776922],[-98.55658376179488,19.013324107966056],[-98.55458100049194,19.014740388690935],[-98.55282974073123,19.01625666735769],[-98.55133778532007,19.017624445549334],[-98.55047051558958,19.019235479364617],[-98.5501830300155,19.021227487785797],[-98.55016943404355,19.02296034318853],[-98.55069677592688,19.024516031805298],[-98.55374584768413,19.026089135173248],[-98.55638427633511,19.027552754477163],[-98.55781809506922,19.02885755970275],[-98.56038056415242,19.03100099176927],[-98.56266112075292,19.032863567435278],[-98.56495195799543,19.034976461282454],[-98.56502514032029,19.03500994965406],[-98.56567136965225,19.035173849623515],[-98.56648995003374,19.03544144969719],[-98.56655439988704,19.035494820489923],[-98.56708095043132,19.03593094970827],[-98.56813737025143,19.036019980209748],[-98.5695228502074,19.035861651324005],[-98.57047835025081,19.036387860482773],[-98.57552230987856,19.03756443134284],[-98.57672675020224,19.03784512136123],[-98.57810386007475,19.038323750264908],[-98.57915113999748,19.038587460314716],[-98.58005862972591,19.038757079833303],[-98.58190756996042,19.038764740381435],[-98.5815905496189,19.03813038029826],[-98.5815376797254,19.037132310630955],[-98.5813610596642,19.036512849584216],[-98.58121175008121,19.036135199956302],[-98.58113273951705,19.03583482039434],[-98.58055341958855,19.033632650237735],[-98.57954471026258,19.03207821971288],[-98.57857671962508,19.030844680180426],[-98.57747574978265,19.029590489782414],[-98.5764963196105,19.028460849592594],[-98.57561817036981,19.02764321980679],[-98.57480704977917,19.02644166103913],[-98.57479990968119,19.026392119975124],[-98.57467511953905,19.025524080219387],[-98.5747893797052,19.024060310316603],[-98.57503706015069,19.022628460020552],[-98.5750996901884,19.02184462973487],[-98.57488242971469,19.02085681999258],[-98.57650722016045,19.020812910056684],[-98.57802284993168,19.02095352043097],[-98.57932086011144,19.021505030300098],[-98.58049212014946,19.022484659647944],[-98.58159106000971,19.02305986004187],[-98.5824538796413,19.02375901960782],[-98.58289802984653,19.024258029688816],[-98.5835007701366,19.024763719577486],[-98.58417422005775,19.02530350962453],[-98.58544725032226,19.02542731965606],[-98.58703493987232,19.025636580294233],[-98.58869448974797,19.025983140080335],[-98.5887850001119,19.026001339815515],[-98.5920091200476,19.026486369910337],[-98.59507526014897,19.026977460148444],[-98.5968797197983,19.02711854996909],[-98.59831067956105,19.02745521956893],[-98.59894995020537,19.027631749965057],[-98.6003638797436,19.027955349643456],[-98.60246189045996,19.028310649624537],[-98.6045296598958,19.02816365996773],[-98.60705609025092,19.02830619966804],[-98.60769908785542,19.028341505713428],[-98.60736391358984,19.027200716424353],[-98.60635557366487,19.024885023287567],[-98.60595746148793,19.023212277184836],[-98.60551208984587,19.02068540676111],[-98.6062480944905,19.017609787901826],[-98.60697627674621,19.015067346778203],[-98.60608329663985,19.01397418929761],[-98.60394831841263,19.012724730971613],[-98.60373634678601,19.012209149823114],[-98.60768377970443,19.010457579802434],[-98.61288181255709,19.01048438126948],[-98.61504929554236,19.009255328887477],[-98.61490822029397,19.00580956624964],[-98.615343854572,19.003607634067432],[-98.61750960501001,19.003343278470513],[-98.61782583627287,19.002175863423844],[-98.61767322113583,19.002175547108497],[-98.61800856376458,19.000700902101077],[-98.61803380039609,19.000572172707745],[-98.6180710015442,19.000405059502082],[-98.6179123518125,18.99993027300625],[-98.61811377869923,18.999361339471204],[-98.62087118124533,18.99820121599064],[-98.62362728738512,18.997334759442282],[-98.62729873800296,18.997922862771997],[-98.63066509457416,18.997929634414575],[-98.63311400266309,18.997934522734262],[-98.63556231754097,18.997939377055946],[-98.6361745452697,18.99794058616377],[-98.63762061162116,18.996800212300812],[-98.63801380230906,18.996489196779414],[-98.63984987461511,18.996492791707066],[-98.64229817095656,18.996497557632],[-98.64293677705008,18.99693258670384],[-98.64827743835707,18.998682537182777],[-98.64888034689227,18.998880248168607],[-98.64931587730139,18.999884220244674],[-98.6493314897788,18.99997033397133]]]},"properties":{"N_CS_G1":"N","N_CP_G1":"Umbrihúmico","N_G2":"REGOSOL","TEXTURA":"MEDIA","F_SUPERF":"N"}},
{"type":"Feature","geometry":{"type":"Polygon","coordinates":[[[-98.42600193668076,18.924727779065222],[-98.42596730303798,18.924961509465806],[-98.42584647713632,18.925232250956714],[-98.4256801424554,18.925446369135532],[-98.42560432442315,18.92574662043316],[-98.42571413957461,18.926003955794354],[-98.42618735793125,18.930200371616284],[-98.42600401050998,18.93295049751453],[-98.4259961177803,18.93525156601677],[-98.4271939004497,18.939780641707607],[-98.4306198046299,18.94041025014421],[-98.4327864245101,18.940420286202976],[-98.43603688396142,18.941511284868735],[-98.43842514220843,18.940399059095245],[-98.43898221973595,18.940139799050595],[-98.44144664188643,18.939850149184448],[-98.44631401466815,18.9375704424476],[-98.44877090428463,18.938831683070006],[-98.44829770668582,18.942100611635677],[-98.44867520086281,18.942473390606377],[-98.45033490284234,18.94411066890206],[-98.45442465569768,18.943650568981738],[-98.4546612201478,18.941190885949794],[-98.4571409509675,18.940389340588176],[-98.46044457373107,18.94050970096486],[-98.46278641018338,18.940861052987163],[-98.46495353504845,18.94108986798874],[-98.46612964558362,18.939920683148458],[-98.46618919353338,18.939862112426407],[-98.46703228746111,18.939993321630986],[-98.4699950386269,18.941470373850517],[-98.47153341395702,18.94305628473331],[-98.47272039931677,18.942946703723358],[-98.47438925804825,18.940805106877484],[-98.474753936489,18.938094971207523],[-98.47464799018518,18.934029044903625],[-98.47477636657041,18.932276183977656],[-98.47489606118454,18.93064078318597],[-98.47371034843613,18.930185555968883],[-98.47181058092812,18.930293115333257],[-98.46955633571443,18.93006187344089],[-98.46754204450936,18.929039405943033],[-98.46576641044197,18.927452778504808],[-98.4642285920071,18.92575385680631],[-98.4638822326029,18.922702788553362],[-98.46602293301444,18.921467477543473],[-98.46863532701258,18.92102312407151],[-98.47112852318226,18.920917290426786],[-98.47361721657623,18.922054031545528],[-98.47551653615946,18.922059416410605],[-98.47778599427743,18.922139253400672],[-98.47784820050613,18.91989367148443],[-98.4786724942221,18.91631384943637],[-98.47594878558526,18.912721766610687],[-98.47503342184417,18.910883483304048],[-98.4749800421575,18.907843423354425],[-98.47534656610486,18.905272229356516],[-98.47348497548076,18.90446376621403],[-98.47125704133403,18.90371411311851],[-98.46819769681395,18.9023949629202],[-98.46627482555253,18.900724324882447],[-98.4635189436233,18.898815161739414],[-98.4636030306305,18.897945567917386],[-98.46213200044073,18.896419660615006],[-98.46029171753128,18.89512650754865],[-98.46041945844476,18.89360522980439],[-98.46116183231226,18.892319577157554],[-98.46104479352942,18.890329909789713],[-98.46056000071425,18.888104204539925],[-98.45945554478725,18.887398343456077],[-98.45810315399122,18.88739440025985],[-98.45577106041989,18.886100896538398],[-98.45503511304311,18.88595301128369],[-98.45299972279737,18.885947024775554],[-98.45204285381874,18.88694281937446],[-98.45118240406806,18.887666647324203],[-98.44956119716421,18.88766184641057],[-98.44862813617594,18.888265702638808],[-98.45164589742483,18.88910832936194],[-98.45073526643431,18.891017016081694],[-98.44679015830486,18.89928228403794],[-98.44673159325109,18.899405242134605],[-98.44797059366499,18.900891040091686],[-98.44813189005197,18.901109543568616],[-98.44959655361036,18.903100958427],[-98.44818142964482,18.906070004629985],[-98.44551353785916,18.911683205871753],[-98.44207675215561,18.911446966347405],[-98.44079902324293,18.911600140260298],[-98.4383908105789,18.911887702104877],[-98.4369576982872,18.91447703756866],[-98.43316191617264,18.913679235730005],[-98.43227814431896,18.915791239063154],[-98.43180244007425,18.916928470135506],[-98.43113227042915,18.918526000329738],[-98.42863088276579,18.919647958503138],[-98.42600193668076,18.924727779065222]]]},"properties":{"N_CS_G1":"N","N_CP_G1":"Eutrico","N_G2":"PHAEOZEM","TEXTURA":"GRUESA","F_SUPERF":"N"}},
{"type":"Feature","geometry":{"type":"Polygon","coordinates":[[[-98.40499908053295,18.943649757112436],[-98.40698277777321,18.945368657926995],[-98.40932512422795,18.946398470142835],[-98.41106448297053,18.948409127180735],[-98.40763853876038,18.94977975588081],[-98.40631123530453,18.952938505372053],[-98.40821855477701,18.955808255938503],[-98.41009513254197,18.957818231356423],[-98.41159045001321,18.95953891708948],[-98.41339127589741,18.962688428511065],[-98.414397985935,18.965617391075586],[-98.4166180484095,18.969116128485318],[-98.41873144999364,18.96865736709868],[-98.41820547548627,18.966428057751255],[-98.41621436952289,18.963667718155342],[-98.420136043599,18.96218778772981],[-98.42330946128064,18.96453832500644],[-98.42546854274886,18.967347687967433],[-98.42631558875027,18.970506540830684],[-98.42797883830539,18.97354817315536],[-98.4316548011193,18.97435025432549],[-98.43195381225695,18.974416692840045],[-98.43352546304125,18.972297781076854],[-98.43267901110536,18.968047722680296],[-98.43149656430741,18.964149078221222],[-98.4371345415901,18.966169174554473],[-98.43984331499422,18.965538015191367],[-98.43888952260727,18.962098741452923],[-98.43727241977948,18.958019196518137],[-98.43787497743078,18.95572897330731],[-98.44069062993077,18.957168765540086],[-98.44382593677517,18.960328800439374],[-98.44760306923803,18.964227231427756],[-98.44846770365875,18.964159772564173],[-98.45054020797379,18.963998749809456],[-98.45206609128114,18.958899523604234],[-98.45301994453432,18.954600641709195],[-98.45537770173212,18.952489500687435],[-98.45676675084012,18.949959776083187],[-98.45544677725648,18.946411054953444],[-98.45442465569768,18.943650568981738],[-98.45033490284234,18.94411066890206],[-98.44867520086281,18.942473390606377],[-98.44829770668582,18.942100611635677],[-98.44877090428463,18.938831683070006],[-98.44631401466815,18.9375704424476],[-98.44144664188643,18.939850149184448],[-98.43898221973595,18.940139799050595],[-98.43842514220843,18.940399059095245],[-98.43603688396142,18.941511284868735],[-98.4327864245101,18.940420286202976],[-98.4306198046299,18.94041025014421],[-98.4271939004497,18.939780641707607],[-98.4259961177803,18.93525156601677],[-98.42600401050998,18.93295049751453],[-98.42618735793125,18.930200371616284],[-98.42571413957461,18.926003955794354],[-98.42560432442315,18.92574662043316],[-98.4256801424554,18.925446369135532],[-98.42584647713632,18.925232250956714],[-98.42596730303798,18.924961509465806],[-98.42600193668076,18.924727779065222],[-98.42114473773546,18.923239614030013],[-98.41887081497863,18.927190785424507],[-98.41292423033293,18.930335057321464],[-98.40927520397602,18.928253951837455],[-98.4091519684671,18.928190298173643],[-98.40928537007474,18.928064203399064],[-98.41306907545075,18.924235422837274],[-98.40796171109736,18.921020023597382],[-98.40809612996557,18.920604742637575],[-98.40786750572896,18.918118789529377],[-98.40835071330565,18.915743554246237],[-98.40918962381713,18.912131355292676],[-98.40827378415545,18.910637300089846],[-98.40753729394943,18.909451078175348],[-98.4052997501122,18.905792896510984],[-98.40472402132325,18.902130989338982],[-98.40426908841187,18.899219554352094],[-98.4046301295329,18.899157452925916],[-98.40596561657796,18.8987629663435],[-98.40525761489215,18.89776208869342],[-98.40389046845488,18.896713907160528],[-98.40224591408675,18.896578708251056],[-98.40046707667678,18.895660215131073],[-98.39841081927571,18.895653561980712],[-98.39621747936357,18.895646440965514],[-98.39374962740294,18.89589821687604],[-98.39346649242957,18.89837686792822],[-98.39428335339518,18.899945226849557],[-98.39304437608628,18.901375830139337],[-98.3908485917052,18.902021572142257],[-98.38961527053199,18.90188648080833],[-98.38907879689387,18.89862342648635],[-98.38950382458678,18.89484163691109],[-98.38731049847006,18.894834411617246],[-98.38429431274118,18.895085380644115],[-98.38223470829158,18.89599129279028],[-98.37894228850146,18.89663211264512],[-98.37715244463887,18.89871369916619],[-98.37755595499604,18.900802636329566],[-98.37796044243511,18.902630627646538],[-98.37850009376037,18.90498096544098],[-98.37821913758428,18.906806658958473],[-98.37807962796614,18.907457996037632],[-98.38067426820461,18.91020719072453],[-98.38286298736433,18.911519222855713],[-98.38354270993392,18.913087169965596],[-98.38422004934893,18.915306910520005],[-98.38627260480702,18.91622646601595],[-98.38722657977074,18.91779530665789],[-98.38639632562429,18.919880143447852],[-98.38557035481648,18.920791290524413],[-98.38501763032414,18.921963157043763],[-98.38323345768784,18.922610164877216],[-98.3818595157918,18.92338843305007],[-98.380347009685,18.924557082863764],[-98.37992941262586,18.926251279511334],[-98.37882915746427,18.927161476214465],[-98.3777366514851,18.925982986114985],[-98.37664221459875,18.925327506397128],[-98.37568197855633,18.925454184201374],[-98.37471930462308,18.92623378152313],[-98.37416902662927,18.926884857414542],[-98.37388993158933,18.92818865025222],[-98.37388212748651,18.93027620035921],[-98.37483351890857,18.93236698619974],[-98.37429762268813,18.933293742536684],[-98.37459483488294,18.9333388016162],[-98.37657088987235,18.935238735456227],[-98.37902730764628,18.935990285926284],[-98.38119410049444,18.93753836274664],[-98.3820334553177,18.940748213438372],[-98.38413960008745,18.941379917396866],[-98.38774064222949,18.943908692372112],[-98.38888463811558,18.946317474825808],[-98.39020466925635,18.94815862181462],[-98.39297435757952,18.946899131716687],[-98.39429432356197,18.943689621912814],[-98.39604195796616,18.942198551103633],[-98.39807878480542,18.940998721538428],[-98.39952839573388,18.939170013850024],[-98.40319861861187,18.93716884692065],[-98.40499898550243,18.9391695881618],[-98.40499908053295,18.943649757112436]]]},"properties":{"N_CS_G1":"N","N_CP_G1":"Epipetrodúrico","N_G2":"DURISOL","TEXTURA":"MEDIA","F_SUPERF":"N"}},
{"type":"Feature","geometry":{"type":"Polygon","coordinates":[[[-98.4430598622189,18.978379372705124],[-98.44600959910584,18.97979803007472],[-98.45069516151958,18.98204418951884],[-98.45414127078568,18.97406553308348],[-98.45246205329876,18.97339181870443],[-98.44757626191779,18.97143429931387],[-98.4430598622189,18.978379372705124]]]},"properties":{"N_CS_G1":"N/A","N_CP_G1":"N/A","N_G2":"N/A","TEXTURA":"N/A","F_SUPERF":"N/A"}},
{"type":"Feature","geometry":{"type":"Polygon","coordinates":[[[-98.36221696582493,18.929458800222505],[-98.36231347988225,18.929416739543566],[-98.36282457965537,18.92935922026265],[-98.36320885017601,18.92904298009328],[-98.36339371012784,18.92909981990296],[-98.36393278001793,18.929035250406514],[-98.36405191018497,18.92879914037307],[-98.36472602967005,18.928281180051687],[-98.36550849042786,18.929064750342167],[-98.36580325991258,18.92943973956592],[-98.36615702018338,18.92947258016932],[-98.36703729019747,18.931136120124187],[-98.36713608028332,18.931421249958724],[-98.36728380023307,18.931967570373843],[-98.36773822015958,18.93295299976271],[-98.3680756603706,18.933821290430963],[-98.36829827953778,18.934367879569557],[-98.3685337196119,18.934830539961784],[-98.36864069008816,18.935699030138895],[-98.36879169022849,18.936416319568718],[-98.36900000027721,18.937167770086877],[-98.36896790980535,18.937955450427914],[-98.36900050997062,18.938550220412044],[-98.36904722018946,18.939701090015987],[-98.36916085010482,18.940697370163818],[-98.36931940000245,18.942423880118465],[-98.36943408008098,18.944156889890206],[-98.36962466003763,18.944299520281145],[-98.37047466004181,18.945397719638876],[-98.37033473973587,18.945529920405754],[-98.37038717962882,18.945686080015562],[-98.37053988983857,18.946140819589424],[-98.37058382047185,18.946580629870898],[-98.37059822005368,18.946724919857242],[-98.3707749999408,18.947010019625207],[-98.37008857969577,18.947345679838158],[-98.36957759965799,18.94737792028173],[-98.36986020015523,18.948648350339727],[-98.37058576990951,18.948441879703395],[-98.37072362019494,18.949284800047295],[-98.37016779970403,18.94937085031546],[-98.36981542956097,18.95039322020356],[-98.37090030989599,18.95040142030745],[-98.36995132030609,18.95141154965291],[-98.36978237025531,18.95206806017192],[-98.3693986599703,18.95191349000638],[-98.36935665022196,18.95213431030655],[-98.36930868007123,18.952432830017603],[-98.36928440046177,18.952538029615916],[-98.3691416597803,18.95346026037421],[-98.36897070963497,18.953887320136587],[-98.3689767402339,18.954414029770504],[-98.3689407199208,18.954673370401032],[-98.3688702798436,18.95519918005179],[-98.36883474967206,18.955527399660426],[-98.36877685008004,18.956089769759735],[-98.36873654967691,18.956605850128184],[-98.36874903036131,18.9572084898168],[-98.36863431985394,18.957712749961516],[-98.36851556979917,18.958135370240477],[-98.36835492017161,18.95864905000017],[-98.3681560799106,18.959304830314448],[-98.36801322955932,18.95994365969986],[-98.36785022983949,18.96071913992709],[-98.36786182982488,18.962124830037276],[-98.36810338045247,18.962106710291188],[-98.36823631027309,18.96265188024664],[-98.3682398801734,18.962666479819113],[-98.36843122962497,18.963153690114098],[-98.36851450966407,18.96419668971755],[-98.36853108984769,18.964404510249544],[-98.36862303044062,18.964863120319208],[-98.36874825029919,18.96556853980375],[-98.36887795017584,18.966299489859043],[-98.36877465978834,18.967024849668228],[-98.36869190968893,18.96760604961808],[-98.36866283032876,18.96781022014285],[-98.3685627204303,18.96853855009521],[-98.36842742037697,18.96952299976063],[-98.36837008962053,18.96983597979885],[-98.36822366031417,18.970635339877514],[-98.3679915200732,18.971257140116485],[-98.3676431801007,18.97231717039527],[-98.36760314978275,18.97313622011063],[-98.36755408996743,18.974139849576403],[-98.36750321961814,18.975180659983074],[-98.3672652803396,18.9757178002544],[-98.36726838226632,18.97621838929413],[-98.36726856971119,18.976248569970476],[-98.3669382801765,18.976366150531554],[-98.36666919931275,18.976401309762256],[-98.36656547991129,18.97640974981301],[-98.36640219884639,18.976596780115653],[-98.36623556921745,18.976673950724575],[-98.36606142958213,18.976669750454104],[-98.36597573905875,18.976630171156575],[-98.365954429358,18.97663657050735],[-98.36587407859258,18.976682260680615],[-98.36580504908359,18.976757311194213],[-98.36563211982218,18.976907520617335],[-98.36559503037806,18.976941829716164],[-98.36558966010261,18.977071421453125],[-98.36546191005789,18.977132110036518],[-98.36525031002283,18.977214419941603],[-98.36507675059063,18.977250450574125],[-98.36493196894176,18.977360281321495],[-98.36490997970948,18.97742669048382],[-98.36492531892276,18.977641920844725],[-98.36493334967592,18.977727230072176],[-98.36503829006597,18.977801859979593],[-98.36514314031034,18.97790681967663],[-98.3651436195354,18.97804663070351],[-98.36505875234505,18.9781040506012],[-98.36490148013942,18.97829268123586],[-98.36469391964725,18.97851791021762],[-98.36466240037541,18.978517140033606],[-98.36444453992219,18.978511859867314],[-98.36420587949219,18.97840245986628],[-98.36405897915328,18.978340150682204],[-98.36393221944265,18.978370401318188],[-98.36359704996535,18.97843882023462],[-98.36334468896074,18.978424850884778],[-98.36316288998363,18.978325080371835],[-98.36300654968623,18.978235451316685],[-98.36297243007917,18.97823597040972],[-98.3628012902409,18.978327519842377],[-98.36262602931573,18.978400000100276],[-98.36240313946104,18.978383450476993],[-98.362202170314,18.978238280548503],[-98.3620510606551,18.97822231246532],[-98.36201548948604,18.97824876959468],[-98.36195831978368,18.97842232035979],[-98.36191952008738,18.978596819995886],[-98.36174027995185,18.9786667412182],[-98.36161741886261,18.978707720113526],[-98.36158013926854,18.978761881000505],[-98.36157642891733,18.978901060334458],[-98.36157857933487,18.979026770405817],[-98.361539829265,18.97921095082332],[-98.36139095010888,18.97923226127803],[-98.36135811988835,18.979240581216192],[-98.36132104934184,18.979351539891073],[-98.3612205093324,18.979537310189208],[-98.36097664981189,18.97965095044881],[-98.36064031955696,18.979625510660426],[-98.3602550599823,18.979551260806726],[-98.35998505941329,18.979588460547703],[-98.35979405960761,18.97957418088247],[-98.35967228032484,18.979482230669934],[-98.35961810862729,18.97950648982488],[-98.35958702041742,18.979520420409713],[-98.35943381988338,18.979589031324412],[-98.35928968020028,18.97957943003714],[-98.35912185960983,18.9796259406859],[-98.35891510881639,18.979527279552908],[-98.35878693856483,18.979504200965067],[-98.35849922951964,18.979514719718193],[-98.3583199786273,18.979501399584574],[-98.35816156931067,18.97932763032954],[-98.3579487503545,18.979267280354385],[-98.35790442983276,18.979188245897408],[-98.35784650815893,18.979084952046342],[-98.35781325971088,18.979025660146544],[-98.35777823006472,18.978963220973576],[-98.3577697902563,18.978948170722152],[-98.35774368935748,18.978901620620626],[-98.35770136598173,18.97882614261577],[-98.35763792040338,18.978713001281474],[-98.35759101890865,18.97851034046197],[-98.35745875027568,18.978363800680576],[-98.3573933399157,18.9782211701438],[-98.35725648870505,18.97810234970039],[-98.35709985885008,18.977998540519376],[-98.35704150862541,18.97795985959457],[-98.356767579497,18.97785139965913],[-98.35659247983402,18.977835460344075],[-98.3565574287744,18.977834921028002],[-98.35645874865784,18.977833430523706],[-98.35633180037875,18.97788680108037],[-98.35609747897709,18.97794409030763],[-98.35603852007729,18.977938400319147],[-98.35594704916771,18.9779295800135],[-98.3559012498117,18.97802515022447],[-98.35580357906858,18.978049169681306],[-98.35572259869178,18.978069079863563],[-98.35556309005062,18.978004569755022],[-98.35546687965237,18.977870150339847],[-98.35550544937311,18.97775702108189],[-98.35535762869338,18.97776660090171],[-98.35522908870611,18.977735490269797],[-98.35495773984461,18.97765254098003],[-98.35478087969626,18.97769636967212],[-98.3546290903342,18.977711371011573],[-98.35459314928468,18.977714920295746],[-98.35445805866979,18.977585480282734],[-98.35440011892466,18.97762218102135],[-98.35417787879972,18.977679719614923],[-98.3540988800913,18.977680060545065],[-98.35407370878632,18.97768015094848],[-98.3539571400474,18.977597079653332],[-98.35391705875733,18.977583970344472],[-98.35388896974308,18.977583290846702],[-98.3537015393189,18.977581001213693],[-98.35353437881379,18.977568139946893],[-98.35311352039272,18.977535770390205],[-98.35275491012648,18.977479650077576],[-98.35249133924943,18.97743839980187],[-98.35180987949006,18.97731138115431],[-98.3516710599819,18.97731214969059],[-98.3515463789869,18.97749485974215],[-98.3514007213737,18.97757329005894],[-98.35128049007953,18.97764152035344],[-98.35110218009756,18.977631719871543],[-98.35073394036763,18.977648489809965],[-98.3505527790481,18.977654230446785],[-98.3501880297101,18.977602460876636],[-98.34995451902904,18.977621250420206],[-98.34979865953184,18.977736740859267],[-98.34974522965301,18.977779491212434],[-98.34963304873479,18.977869279750266],[-98.34939803005113,18.978005450907492],[-98.348965368691,18.978008280966105],[-98.3487356302638,18.9780027102678],[-98.34869928916056,18.978025250652102],[-98.34846134873553,18.978172849856247],[-98.34825147966664,18.978276461272657],[-98.34817167958275,18.978284171144512],[-98.34800476941123,18.97830027960134],[-98.34785071991324,18.97846849066061],[-98.34777274041863,18.978562681012725],[-98.34767945870621,18.97873144956821],[-98.34759769635474,18.978952688576992],[-98.347585120369,18.978986719704768],[-98.34754741960755,18.979022719944062],[-98.34734266058943,18.979218251357533],[-98.3472719491057,18.979285771093256],[-98.34681377960901,18.979723260071985],[-98.34674064954021,18.979793110539706],[-98.34651430929172,18.98000923078415],[-98.34641344994296,18.980118620044568],[-98.34639290951878,18.980140890777754],[-98.34621577909046,18.980333000064142],[-98.34584707916228,18.980732890249833],[-98.34570173949233,18.98089054073064],[-98.34551344946699,18.981094739665053],[-98.34546725015466,18.98114485988667],[-98.3453208786973,18.981303601055515],[-98.34504533886196,18.981602450855625],[-98.34498537886303,18.981667480422228],[-98.34440280033472,18.982299309761267],[-98.3445010488598,18.982436200614902],[-98.34459085034013,18.98256085092303],[-98.3446088898992,18.982585879644056],[-98.34469610981087,18.982673200009156],[-98.3447401491251,18.982717290888665],[-98.34491937025838,18.982906750680705],[-98.34509164977129,18.98305672025901],[-98.34515109175838,18.98309477130915],[-98.34524050874522,18.983152000744465],[-98.34538857858763,18.98324162955689],[-98.34540588889378,18.983252091209465],[-98.34549299148233,18.98330736034826],[-98.34553692856603,18.983335238861002],[-98.34556045874925,18.983350171164403],[-98.34572767936085,18.983456289771233],[-98.34586037041011,18.9835446304104],[-98.34595447984152,18.983607281317266],[-98.34607018035501,18.983684320091395],[-98.34614587977869,18.983734980793088],[-98.34634796891608,18.98387023101376],[-98.34656646026413,18.984016451302306],[-98.34659764936626,18.984037311100053],[-98.34665110881005,18.9840730806485],[-98.34673439960301,18.984131061137525],[-98.34676594971087,18.98415302026226],[-98.34692820029052,18.98426595030307],[-98.34697549014149,18.984298859993935],[-98.3471444921693,18.98450256379149],[-98.3471619193331,18.98452357095506],[-98.34730639917221,18.984689049725358],[-98.34731764994937,18.984703000298296],[-98.34750822861449,18.984939281007186],[-98.34752414987634,18.984953980632213],[-98.34776625952304,18.98517755102773],[-98.34794245043507,18.98532398005227],[-98.34805884975995,18.98541328107056],[-98.34825467859451,18.98556350992756],[-98.34835934977924,18.985666090397217],[-98.3484650600502,18.985789120495397],[-98.34855122975964,18.985973890976435],[-98.34860913995593,18.98609806021031],[-98.34873689290048,18.986314482934016],[-98.34875191896882,18.98633994098072],[-98.34885387986273,18.98651264969861],[-98.34914576997429,18.98688862977372],[-98.34921061885998,18.986972170401323],[-98.3492570493098,18.987031979763668],[-98.34935410971073,18.98715700105678],[-98.34972502933863,18.98761571025763],[-98.34990874899378,18.987828001074597],[-98.35000805906733,18.987952119968394],[-98.35004572003241,18.987999200082452],[-98.3501925691553,18.988238461032285],[-98.3502989402333,18.988443479843394],[-98.35046069611128,18.98874588354495],[-98.3504760292352,18.988774550110342],[-98.35055551977291,18.98894000006287],[-98.35068228924274,18.98916777062148],[-98.35079785019491,18.98939872097698],[-98.3508640793743,18.9895177395617],[-98.35098800039265,18.98974040101631],[-98.35104073987314,18.989839800672698],[-98.3511423804738,18.990031379987443],[-98.35131124974407,18.99034082075829],[-98.3514020301931,18.990500280926543],[-98.35156196959178,18.99075553973916],[-98.35168445002786,18.990908429866497],[-98.35184087958368,18.99103758091804],[-98.35199901960826,18.991160680607543],[-98.35217018138725,18.99129629136532],[-98.35226246006788,18.991369380322926],[-98.35234511021761,18.99142992056452],[-98.35253945873345,18.99157226073145],[-98.35262497955931,18.991635350455656],[-98.35277119860767,18.991743220176733],[-98.35291583043478,18.991845429779737],[-98.35299867910693,18.99190397985033],[-98.35312305950374,18.991985941316926],[-98.35343928994178,18.992194280367638],[-98.35353709013705,18.99225871018029],[-98.35397892203054,18.992551970001013],[-98.354205910211,18.992719850364832],[-98.35459028903907,18.992362620439977],[-98.36816951999947,18.9965095795598],[-98.36925220040581,18.99681407976934],[-98.3693166204426,18.996789509877814],[-98.36966148004524,18.996696981071917],[-98.37048086032978,18.996953180069738],[-98.37180941992307,18.997467450613136],[-98.37235099989329,18.99767705992039],[-98.37304234962522,18.997987820206117],[-98.37317341892138,18.998025801288875],[-98.37316254560425,18.99803773401285],[-98.37314109027632,18.998061280367796],[-98.37322014094536,18.99806965993918],[-98.3767312285247,18.99844181361023],[-98.37733610862966,18.998505919147714],[-98.37947563901878,18.997505042116632],[-98.38153608396405,18.99607505295456],[-98.38375614361478,18.99418468140989],[-98.38545030566051,18.99206660688092],[-98.38821230064006,18.991495133751126],[-98.39085985432047,18.993966481105264],[-98.39343863825849,18.995285337926514],[-98.39549075834069,18.993163825106443],[-98.3962232908077,18.9882952248327],[-98.39392691852954,18.986405737874602],[-98.39574262029072,18.98411625590535],[-98.39916885380173,18.98222736755429],[-98.39876437096748,18.97929803029799],[-98.39744433554755,18.975227036622837],[-98.40026784830617,18.974135941700187],[-98.40220657572867,18.975398375831872],[-98.40495212467074,18.97718527989164],[-98.40801935245557,18.976847191287046],[-98.41017844314084,18.973067532687956],[-98.41109463126534,18.969507561896066],[-98.41038476957208,18.96658856718866],[-98.40894287508988,18.96233877324124],[-98.40689835319975,18.96113707272291],[-98.40636421891858,18.95757811779755],[-98.40402222911209,18.954078869179003],[-98.40180192679416,18.951438513946762],[-98.40012359441,18.94931839444605],[-98.39836886603038,18.947819316391676],[-98.39939842478287,18.946107860432345],[-98.40499908053295,18.943649757112436],[-98.40499898550243,18.9391695881618],[-98.40319861861187,18.93716884692065],[-98.39952839573388,18.939170013850024],[-98.39807878480542,18.940998721538428],[-98.39604195796616,18.942198551103633],[-98.39429432356197,18.943689621912814],[-98.39297435757952,18.946899131716687],[-98.39020466925635,18.94815862181462],[-98.38888463811558,18.946317474825808],[-98.38774064222949,18.943908692372112],[-98.38413960008745,18.941379917396866],[-98.3820334553177,18.940748213438372],[-98.38119410049444,18.93753836274664],[-98.37902730764628,18.935990285926284],[-98.37657088987235,18.935238735456227],[-98.37459483488294,18.9333388016162],[-98.37429762268813,18.933293742536684],[-98.37080285350888,18.932769056476015],[-98.36875799386938,18.93040906504706],[-98.36810211451227,18.927889993889973],[-98.36725738042729,18.926818473410965],[-98.36609137047769,18.92751938564774],[-98.36392512510983,18.928711644229338],[-98.36230159337491,18.92922005243614],[-98.36221696582493,18.929458800222505]]]},"properties":{"N_CS_G1":"Vértico","N_CP_G1":"Epipétrico","N_G2":"REGOSOL","TEXTURA":"MEDIA","F_SUPERF":"N"}},
{"type":"Feature","geometry":{"type":"Polygon","coordinates":[[[-98.39639765883008,19.01027566233884],[-98.39645508826585,19.0103101405434],[-98.39666011028525,19.010433220324092],[-98.3967093423699,19.010387847556924],[-98.3969440796682,19.010171510888558],[-98.39716640034166,19.009965880468222],[-98.39729933917542,19.009606250948316],[-98.39724369013953,19.009068600462815],[-98.39735562987785,19.008684910327496],[-98.39734952043028,19.008426880178764],[-98.39720301980594,19.00832395021759],[-98.39698074859591,19.008300481302154],[-98.3967648903779,19.008236429639183],[-98.39666315000417,19.008062079948722],[-98.3968308487658,19.007873250972164],[-98.39720311023197,19.007720910224425],[-98.39767722984952,19.007450219649495],[-98.39822436903036,19.007217830251587],[-98.39882865987671,19.006797309805588],[-98.3988972501677,19.0068265555823],[-98.39923622789121,19.006971091186703],[-98.39944802983703,19.007280820304743],[-98.39966242893199,19.00756291064717],[-98.39983711915507,19.00765728079695],[-98.40020276947074,19.007678770531435],[-98.40074271998577,19.007807710369832],[-98.4012042491255,19.00792765083456],[-98.40159494964885,19.00828408101996],[-98.40192609002064,19.008692580499325],[-98.40229388951099,19.008790551308532],[-98.40283224907795,19.00892415066334],[-98.40298995003005,19.009147770386143],[-98.40308539938447,19.009515710842475],[-98.40332102995241,19.00988425122488],[-98.4037010303376,19.010099569967178],[-98.40394887919803,19.010424380698133],[-98.40400487958159,19.010862749653036],[-98.40410222020381,19.01156157127154],[-98.40423979980538,19.011950019741146],[-98.40454468884987,19.012206850005764],[-98.40490153928033,19.012316539620883],[-98.40498180251423,19.01230060579993],[-98.40570912036627,19.012156219626945],[-98.40593344868535,19.01211969069724],[-98.40617215783696,19.012078855468626],[-98.40621193965971,19.012072049790504],[-98.40642462009708,19.011806149914573],[-98.40719202014174,19.010834149919507],[-98.407661750475,19.010298879925397],[-98.4079710901914,19.009953259713186],[-98.40844488914058,19.00947014077447],[-98.40691574023295,19.007215111840587],[-98.40418460365804,19.005907242306957],[-98.40360714293537,19.00348795815253],[-98.401856182313,19.001437656710404],[-98.40185228563422,19.00136534705745],[-98.40189385178158,19.00136548228251],[-98.40134914839206,19.00069798604038],[-98.40131505024712,19.00065645546188],[-98.40127954411882,19.000622451643274],[-98.40109311939146,19.00044788297558],[-98.40017528533295,18.999401123063638],[-98.4002137248217,18.998784466406146],[-98.40008648719234,18.998334457719494],[-98.40000029499876,18.998029176406977],[-98.39903168397983,18.99641290813697],[-98.400047151319,18.994907011818817],[-98.39878884815793,18.993603841427483],[-98.39549075834069,18.993163825106443],[-98.39343863825849,18.995285337926514],[-98.3932825657642,18.99607557101112],[-98.3943284501108,18.99716345097856],[-98.39525978941262,18.998074727790126],[-98.395598247136,18.998405688084908],[-98.39627512050458,18.99924383067129],[-98.39658334744371,19.000053656535815],[-98.39638433833277,19.000240526303248],[-98.39640865344182,19.000577236793944],[-98.39643952997318,19.00065980153076],[-98.39644324653071,19.000699351187336],[-98.3964658651586,19.00134105810629],[-98.39642489224269,19.00134092379004],[-98.39644893319816,19.00339467974279],[-98.39591643589503,19.00482531686081],[-98.39612282860357,19.007028779928476],[-98.39644297612756,19.008322128759968],[-98.39649747910536,19.009998684529876],[-98.39639765883008,19.01027566233884]]]},"properties":{"N_CS_G1":"Eutrico","N_CP_G1":"Esquelético","N_G2":"ARENOSOL","TEXTURA":"GRUESA","F_SUPERF":"GRAVOSA"}},
{"type":"Feature","geometry":{"type":"Polygon","coordinates":[[[-98.40844488914058,19.00947014077447],[-98.40863953998958,19.009271659654704],[-98.40874109009604,19.009232170114593],[-98.40902812004703,19.009139910380707],[-98.40938370994395,19.009049290347804],[-98.40988116988052,19.008955850407098],[-98.41034321972549,19.008830680153025],[-98.41072642958935,19.008709090018396],[-98.41111826010199,19.0085800896838],[-98.41147415029306,19.008423939940712],[-98.41149634041979,19.008415379870726],[-98.41156619975763,19.008390150231612],[-98.41236451009948,19.008098229670217],[-98.41503227970573,19.00702671043874],[-98.4149935098712,19.006925889990043],[-98.41532501962611,19.005823750205483],[-98.41441385996981,19.005565750089367],[-98.41433044985065,19.005540999768165],[-98.41394655034748,19.005436580353276],[-98.41408789010427,19.00497162012131],[-98.41411545957332,19.004862709724495],[-98.41436870997266,19.003997460257168],[-98.41438434966847,19.003953489867566],[-98.41439943027925,19.003892460196756],[-98.41360011017784,19.003645549780174],[-98.41347953958329,19.003607570228368],[-98.41303895019546,19.00347089008606],[-98.41319765022276,19.003013660393258],[-98.41322215040773,19.002926779715708],[-98.41283879970598,19.001978449979163],[-98.41228703006948,19.000671079733245],[-98.4101901196705,18.997629309674124],[-98.40934575017374,18.99635262967095],[-98.40824039987325,18.994729919865993],[-98.40696882006272,18.992787519684217],[-98.40622477963807,18.991545479891062],[-98.40666116957998,18.99166274955764],[-98.40736220045473,18.992017140741414],[-98.40752856998634,18.99210126024123],[-98.40861789014215,18.9926431097124],[-98.40873753982343,18.99270263042862],[-98.40919226008661,18.992928820760532],[-98.40962269041341,18.99314292000105],[-98.40975362974642,18.99314897090689],[-98.41028261991828,18.99317342029383],[-98.41059662973437,18.99318791985622],[-98.41069860015556,18.99319262973959],[-98.41077691029582,18.993197049736608],[-98.41133982967142,18.993228750032966],[-98.4115609198729,18.993279780124],[-98.41233558028567,18.993458520292815],[-98.41253059973687,18.993418169570184],[-98.4127320302128,18.993376490150897],[-98.41322646031026,18.993403279809613],[-98.41367482017972,18.99342757135323],[-98.41458191996469,18.99386735027557],[-98.414705720416,18.993927370796822],[-98.41575187990634,18.993866290158564],[-98.41624787993771,18.993881320637968],[-98.41708086002261,18.993906570709104],[-98.41774901994113,18.99419097008861],[-98.41809341957277,18.994337571174302],[-98.41915999974756,18.994266199949347],[-98.42001912004027,18.994208709997093],[-98.4200808596387,18.994204580107702],[-98.4204154495334,18.994298139763394],[-98.4209012803001,18.994433980162487],[-98.42083571972238,18.994768289781877],[-98.42168592030687,18.994824460264766],[-98.42201754974364,18.995061539832786],[-98.42257665004422,18.99546122111975],[-98.4236678797158,18.994624569696885],[-98.42595238007762,18.99400105000993],[-98.42550868038609,18.99656568009907],[-98.42525356995063,18.99737571037432],[-98.42505411014454,18.998093019886614],[-98.42489108003136,18.99864929092263],[-98.42474351968039,18.999137939541626],[-98.42456564957615,18.999802719604627],[-98.42440768978344,19.000335139819132],[-98.42427117960123,19.000738771024448],[-98.42401953960425,19.00157295038775],[-98.42396833988457,19.00172264980407],[-98.42360170999525,19.00300163038199],[-98.42344965010373,19.003522060057648],[-98.4234350500817,19.003580680621067],[-98.4233102202144,19.004009201332266],[-98.42318885997719,19.004372750290635],[-98.42296782013175,19.00507526043349],[-98.42282818029682,19.005529940345845],[-98.42279117042679,19.005743830077726],[-98.42262434019456,19.0059885101796],[-98.42188648997993,19.008243310252357],[-98.42143772015461,19.00955182967318],[-98.42094782964286,19.010921049838725],[-98.42003854990404,19.013587750435768],[-98.41906612044329,19.016530219751147],[-98.41945119992444,19.01907551998776],[-98.41982573981944,19.021471570185344],[-98.41983653953909,19.02153777998985],[-98.41997753979592,19.022108939751853],[-98.42005979970686,19.022442140252373],[-98.42016832016752,19.022881750062265],[-98.4202777196015,19.02322237004042],[-98.42043753966423,19.023720029635292],[-98.42056470969575,19.02411605075055],[-98.42060615023455,19.02424511991638],[-98.42089872012363,19.02515612031778],[-98.42105383024136,19.02563910959481],[-98.42108925000555,19.02574935080318],[-98.42121717959398,19.026147750066134],[-98.42137045996569,19.026625020016123],[-98.42151966020971,19.027089580045114],[-98.42154719959326,19.02717536994418],[-98.42173952033282,19.027774180986043],[-98.42187542988812,19.028197371342475],[-98.4220393399534,19.028707709693922],[-98.42206764985565,19.028795849625688],[-98.42223844967266,19.029357599808684],[-98.42241965025109,19.029953550473095],[-98.4226211501506,19.03061631023861],[-98.42283012043279,19.03130354997869],[-98.42288193962757,19.031473919548635],[-98.4230050902405,19.03187897963492],[-98.42317866029553,19.03244980073403],[-98.42343181954337,19.033282350262198],[-98.42328265011042,19.033926540328828],[-98.423424510136,19.03414981999199],[-98.42349865034271,19.034179180429085],[-98.4235810803543,19.03420047958558],[-98.42366595000217,19.03420717058315],[-98.4237747393695,19.03419119974669],[-98.42384068968829,19.034145199666487],[-98.42391537036623,19.034063910250257],[-98.42394412032039,19.034023230278294],[-98.42399576969845,19.03397717992646],[-98.42405868031096,19.033990970036776],[-98.42409581980162,19.034007400068198],[-98.42411426032518,19.03402165097393],[-98.42413815032097,19.034061979663424],[-98.42416485992426,19.03410233989286],[-98.42419014972246,19.03414134116413],[-98.42426491036701,19.03420385977967],[-98.42438738023984,19.0342833398053],[-98.42451476952002,19.03434729117127],[-98.4246013797574,19.034421910379518],[-98.42468675018237,19.034520060833703],[-98.42478102974101,19.034596229669983],[-98.42484497029132,19.0346910800174],[-98.42490254038911,19.034776739647015],[-98.42496789040558,19.03483422012431],[-98.42506445958317,19.03487971064234],[-98.425151649215,19.034892029605828],[-98.42517835738595,19.034900123568097],[-98.42525984935584,19.0349248201236],[-98.42533186024065,19.034972649639926],[-98.425361740265,19.035026059593378],[-98.42537224973084,19.03509600075243],[-98.42543917034092,19.035251030381815],[-98.42553896968997,19.03542102988678],[-98.42559298041428,19.035569721272218],[-98.42564057967205,19.035650859562306],[-98.4256920201772,19.035705120307625],[-98.42575059950413,19.035745879813298],[-98.4258145797529,19.035769739725126],[-98.42586250986818,19.035810460532353],[-98.42593055021581,19.03589082052015],[-98.4260155199354,19.035999169993236],[-98.42611176985616,19.03613728097626],[-98.42622211044328,19.03631597001794],[-98.42630709017891,19.03642431960943],[-98.42635022027196,19.036469750267614],[-98.42645458025208,19.036526570412576],[-98.42655780020665,19.03655249055236],[-98.4266790795971,19.03655074037954],[-98.42682502958854,19.036559720494264],[-98.42693057985291,19.036562181060052],[-98.42699114962397,19.03658156982229],[-98.4270313501892,19.03661434110124],[-98.42708802963372,19.036641480648388],[-98.42718576978845,19.036647769865827],[-98.42726776957836,19.036646519718087],[-98.42736194979845,19.036628169987313],[-98.42751437004537,19.036581320055557],[-98.42762131009242,19.036551819596486],[-98.42780346003003,19.03652918015003],[-98.42797437027367,19.036531509896026],[-98.42813237989239,19.03655960111124],[-98.42839628023346,19.036586940307185],[-98.42855552041891,19.03666825011436],[-98.42859945008351,19.036769779583516],[-98.42871182971255,19.036883119570412],[-98.42874562902618,19.0369609805852],[-98.42871179871315,19.037089510211835],[-98.42870848951802,19.037179749702133],[-98.42869821978,19.037274219614293],[-98.42866965038145,19.037379030503597],[-98.42873317970808,19.037510830077014],[-98.42873851000512,19.03765243051883],[-98.42886151984345,19.037816151305208],[-98.4289682497831,19.037881850872665],[-98.42922120029947,19.037910940301277],[-98.42941003031628,19.037885889803523],[-98.4295771701584,19.037881379678847],[-98.4297684902312,19.038022660116035],[-98.42985717044199,19.038233290299413],[-98.42996868037585,19.038388339637336],[-98.42998165999465,19.03841202022524],[-98.42999613985323,19.03844578062484],[-98.42999784858218,19.038504219832205],[-98.43000417955339,19.03855601974902],[-98.43001416986289,19.03862427992164],[-98.43001589018768,19.03867740104933],[-98.43000731958233,19.03874956994657],[-98.43000525991084,19.038798371167324],[-98.43002471981531,19.038834749694757],[-98.43006932017634,19.038877399647863],[-98.43008980024129,19.038897879830596],[-98.43017392041538,19.03890522969193],[-98.43027748006281,19.038892250002355],[-98.43039922043116,19.038872309659215],[-98.43051393956688,19.038854949601937],[-98.43058389032596,19.038879081128005],[-98.43065581986122,19.038949600193405],[-98.43070878032393,19.039008289733424],[-98.43077655012596,19.03908113982519],[-98.43081582020946,19.03912674062982],[-98.43084084990733,19.03916323097655],[-98.43083979274861,19.039165298514412],[-98.43077512037759,19.03929185055473],[-98.43073945009411,19.039345850336996],[-98.43076625962581,19.039417661091825],[-98.43080333988361,19.039476289956998],[-98.43081631986136,19.039534321153965],[-98.43080405974564,19.03957951021897],[-98.43078245958192,19.03961135030044],[-98.43075156984362,19.039655571153638],[-98.43072163008523,19.03970069046932],[-98.4306511997036,19.039744430042763],[-98.43060725983088,19.039785119759628],[-98.43053520039831,19.039860230923185],[-98.43050622887176,19.03989645029261],[-98.43047343033213,19.039943280125208],[-98.4304564901854,19.039999419998754],[-98.43045818001592,19.04002835007622],[-98.43047469042956,19.04005995004503],[-98.43049399989265,19.040103979619875],[-98.43050586007062,19.04014608994647],[-98.43051997975186,19.040178119770864],[-98.43054442016167,19.040218749685753],[-98.43056093969659,19.040248110551044],[-98.43058154983146,19.040291580285615],[-98.43062312011817,19.04039105987835],[-98.430686980211,19.040459290921717],[-98.43075110944562,19.040489620262473],[-98.43084835017633,19.040510950846866],[-98.43099488963271,19.040530551302002],[-98.43109502031305,19.040546939750918],[-98.43118345913508,19.04057949117672],[-98.43122537998424,19.040608379736575],[-98.43130435018273,19.040667690212697],[-98.43137117864201,19.040735859882286],[-98.43138793996089,19.04079784958989],[-98.43138383013883,19.04092467960763],[-98.43138412022492,19.041012599637803],[-98.43139018006828,19.041096150419673],[-98.43138750990992,19.04123941992315],[-98.43138873971738,19.041296309793974],[-98.43140092017174,19.041412680319866],[-98.43141771958166,19.04146612043461],[-98.4314745494128,19.041509170938937],[-98.43151380026677,19.041554340931608],[-98.4315417495448,19.0416078202618],[-98.43160013960495,19.041646291316244],[-98.43169553978036,19.04165638029845],[-98.4317605098167,19.041680490381484],[-98.43192988018978,19.041754910169374],[-98.4320082798445,19.041809450093133],[-98.43210257012687,19.041866550054195],[-98.43216177984067,19.0419079997825],[-98.43221975012017,19.041928121252745],[-98.4322759401236,19.04195006033628],[-98.43233702978169,19.04185558099039],[-98.43236707952707,19.041819180155436],[-98.43238868857536,19.04182337200698],[-98.43242317996274,19.041830050907752],[-98.43249454887538,19.041854370956745],[-98.43255927906581,19.04191551167451],[-98.43261989042976,19.041965581163044],[-98.43270468895469,19.0420172800193],[-98.4327866194034,19.042049349533187],[-98.43291314967483,19.04208542001681],[-98.43298379998728,19.042114860048294],[-98.43304731949135,19.042142910240752],[-98.43310699888691,19.042220679960135],[-98.43312010909169,19.042308630703474],[-98.43313475041391,19.042401631688872],[-98.43314271006817,19.04250666135353],[-98.43327322906474,19.042486110911103],[-98.4333658499348,19.04251038067951],[-98.43343343027615,19.04257191096404],[-98.43349116993856,19.042624139747904],[-98.43351231993636,19.0426866797384],[-98.4335373397663,19.042767850894414],[-98.43357605008788,19.042832051815424],[-98.43359699875741,19.04288623035129],[-98.43359683038767,19.04293182086147],[-98.43358377886274,19.043036939695675],[-98.4335497695842,19.043125921089782],[-98.43352414861086,19.043223829908882],[-98.43353018008386,19.0432979209789],[-98.43357517009476,19.04337115076751],[-98.43361719881962,19.043440400748594],[-98.43364319939029,19.043505570216883],[-98.43367279897913,19.043601220558404],[-98.43370934918697,19.043705520636017],[-98.43375430874778,19.04378575119641],[-98.4338146002129,19.043893630252327],[-98.43384059973775,19.043964820145806],[-98.43391313910158,19.044028140741286],[-98.43396681954266,19.04405429198465],[-98.43410373879135,19.04410720013744],[-98.43417313885001,19.044155430569884],[-98.43422994949523,19.044204681306613],[-98.4342497398002,19.044249880570323],[-98.43430030928374,19.044326519615762],[-98.43427408024934,19.04439662112652],[-98.43429181876877,19.044470451017197],[-98.43432019878924,19.044551091103266],[-98.43435301869512,19.044606711693746],[-98.43438297866136,19.044673490275205],[-98.43441141991148,19.044759151273222],[-98.43445279940882,19.044838690117246],[-98.43449202871203,19.044941881288963],[-98.43451993860496,19.045013550232625],[-98.4346113385889,19.04512925137421],[-98.43468878032557,19.045231580517026],[-98.43476465874643,19.045341751082173],[-98.43486028011586,19.045470459770133],[-98.43493888890738,19.04557451130923],[-98.43503210893691,19.045687740573666],[-98.43510988984974,19.045691201921887],[-98.43515953968712,19.04573295090778],[-98.43520465997466,19.04579922089375],[-98.43526524906589,19.045785019654375],[-98.43531184916962,19.045762510522557],[-98.4353710592215,19.045754599667088],[-98.43543456879082,19.04575815104157],[-98.4354919691314,19.045776541187994],[-98.43556569032398,19.04583144986964],[-98.43562305896356,19.045857650601725],[-98.43574881927609,19.045891851677226],[-98.43587461964248,19.045907830955773],[-98.43592973979423,19.045931059685707],[-98.43597962936431,19.046003739838525],[-98.43603608987975,19.046059879958747],[-98.43610788934164,19.04609742982316],[-98.43617314004685,19.046145280519333],[-98.43626222858525,19.046226380476664],[-98.43634294956527,19.046292680779338],[-98.43646856860897,19.046393911099578],[-98.43657004909221,19.046440450986058],[-98.43666267914932,19.04648906175119],[-98.43671776873661,19.046548031816982],[-98.43678153972819,19.046634369781664],[-98.43686742856048,19.046722891759774],[-98.43693437981318,19.046831311335616],[-98.43699556884579,19.046824491970117],[-98.43718073914484,19.046761341312337],[-98.43732174940254,19.04676617953638],[-98.43743704956589,19.04687417043462],[-98.4375479995601,19.046898691365286],[-98.43774722028022,19.04690294140191],[-98.4379319502957,19.04688391110699],[-98.43810374918633,19.04687215099094],[-98.43824970898311,19.046861539551653],[-98.43837497872127,19.046847219777053],[-98.43845511016802,19.04685357211895],[-98.43851879994237,19.046871581544952],[-98.43861236964739,19.04690278058248],[-98.43864963006027,19.04691175192549],[-98.43871720027718,19.04691417125432],[-98.43879176893573,19.04691883030017],[-98.43884998003298,19.04693229131814],[-98.43887627884781,19.046949904886045],[-98.43891972010167,19.046979000379732],[-98.43903598028079,19.047056850586742],[-98.43911044926651,19.04709028054312],[-98.43916622874477,19.047132511792995],[-98.43924045908749,19.04723458082566],[-98.43933351963189,19.04727693959994],[-98.43944265876651,19.0473946195333],[-98.44003305675704,19.047298958114453],[-98.44025336964019,19.04726325983982],[-98.44058345888716,19.04717565496268],[-98.44101965002898,19.047059889724167],[-98.44128181241886,19.046990315003374],[-98.44190942963394,19.046823750240314],[-98.44330302970846,19.046929799648282],[-98.44389461147426,19.04709929860573],[-98.444144500664,19.046597155401408],[-98.44373412400735,19.046577843395216],[-98.44305539254096,19.04616686627314],[-98.44160176088474,19.046392916475273],[-98.43935000712123,19.046386084632978],[-98.43677743576283,19.046224615184023],[-98.43565600426754,19.0449989207501],[-98.43534245062195,19.04270479940226],[-98.43486527717276,19.041020179290562],[-98.43439130361776,19.03857193356418],[-98.43519913945465,19.037503512803845],[-98.43632776591045,19.0365896994464],[-98.43665640960499,19.034602541015676],[-98.43585636934631,19.033377828667753],[-98.4342516548459,19.032302019704062],[-98.43264599230346,19.031684826382193],[-98.4303986218401,19.030455635800404],[-98.42879194523226,19.030143408532698],[-98.42589727065977,19.03028805758218],[-98.42348690886847,19.029668280633008],[-98.42349537918994,19.02722151488635],[-98.42430692051451,19.025084515022908],[-98.42303219400489,19.021716476678247],[-98.42288085448867,19.019115578455203],[-98.4216024819357,19.01681841442686],[-98.42128751107252,19.014829265928274],[-98.423059732269,19.01376391383104],[-98.42483879267978,19.010710401938397],[-98.42468583921547,19.008570388923413],[-98.42549404396681,19.007197004518677],[-98.42774579263953,19.007050362288563],[-98.42838891313163,19.00705235368115],[-98.42981857659694,19.007140365106483],[-98.43081417427986,19.00600249838819],[-98.43255172078412,19.006181809213707],[-98.43453996475728,19.005808345975208],[-98.43608592964294,19.004692468509933],[-98.4370915242966,19.0039183413866],[-98.43939750465628,19.003699425082758],[-98.440134680517,19.004336519821763],[-98.44173917873704,19.00541001650805],[-98.44447146613918,19.005571884670616],[-98.4462404000811,19.005423564320633],[-98.4469209066142,19.00471618819852],[-98.44862053831329,19.005229608589563],[-98.45042152400421,19.00526434622652],[-98.45167995396837,19.002708314541955],[-98.45227450147434,19.001584952781876],[-98.45223709072981,19.001584842285677],[-98.45276849957274,19.00069926967809],[-98.452776882088,19.00067820813837],[-98.4527882684595,19.00064661189245],[-98.45277129259898,19.000572004588825],[-98.45375119876435,18.996914857316938],[-98.45339271076483,18.99450765442789],[-98.4523862008976,18.988366184174566],[-98.45322519380936,18.98510851101922],[-98.45610952308736,18.982247717650225],[-98.4591234170899,18.982247522008073],[-98.46231257794126,18.98018731076372],[-98.46207587155982,18.9749676486018],[-98.46220593903587,18.971637823515707],[-98.46599044540092,18.973259668277606],[-98.46761546969049,18.97176869805286],[-98.47110218476615,18.97182840661213],[-98.47260483491621,18.97503864416872],[-98.47434501276079,18.97297859849823],[-98.47747270563761,18.974128409892295],[-98.48150165829531,18.97510899082035],[-98.48399080602965,18.97503461937843],[-98.48523241179589,18.974997412914956],[-98.48907759054165,18.973968798875244],[-98.4914889377284,18.97311691055704],[-98.49545599223369,18.973579639612186],[-98.49887451048006,18.976399513421168],[-98.5033220395379,18.980238781249266],[-98.50422294762217,18.977378658964216],[-98.50477212670768,18.973988910626364],[-98.50651919613253,18.976289039406204],[-98.51168425012,18.97887836780772],[-98.51282913848114,18.975779357867836],[-98.51186777679166,18.972568602213695],[-98.51001401182907,18.969590446712388],[-98.50778588710608,18.96734894192501],[-98.50460424965833,18.9661396232565],[-98.50207918998922,18.96556010711166],[-98.49714246055491,18.965208983495444],[-98.49456377159427,18.964119746446027],[-98.49330489413077,18.962050165641678],[-98.49113812642618,18.961989994349004],[-98.49084810395657,18.958779850017905],[-98.49226746178299,18.956279307666936],[-98.49163439608593,18.95362062246396],[-98.49097836771894,18.95110081856075],[-98.49074941094146,18.949090532029427],[-98.49055863522945,18.946630747878743],[-98.49014702511023,18.94359084148812],[-98.48942954428497,18.94158033650494],[-98.48823956550233,18.937050520337124],[-98.48787364466993,18.934811660064337],[-98.48625637847125,18.93028177711295],[-98.4856535028414,18.926551107095808],[-98.48488273696059,18.923572318453747],[-98.48326552942078,18.9208125814229],[-98.4786724942221,18.91631384943637],[-98.47784820050613,18.91989367148443],[-98.47778599427743,18.922139253400672],[-98.47551653615946,18.922059416410605],[-98.47361721657623,18.922054031545528],[-98.47112852318226,18.920917290426786],[-98.46863532701258,18.92102312407151],[-98.46602293301444,18.921467477543473],[-98.4638822326029,18.922702788553362],[-98.4642285920071,18.92575385680631],[-98.46576641044197,18.927452778504808],[-98.46754204450936,18.929039405943033],[-98.46955633571443,18.93006187344089],[-98.47181058092812,18.930293115333257],[-98.47371034843613,18.930185555968883],[-98.47489606118454,18.93064078318597],[-98.47477636657041,18.932276183977656],[-98.47464799018518,18.934029044903625],[-98.474753936489,18.938094971207523],[-98.47438925804825,18.940805106877484],[-98.47272039931677,18.942946703723358],[-98.47153341395702,18.94305628473331],[-98.4699950386269,18.941470373850517],[-98.46703228746111,18.939993321630986],[-98.46618919353338,18.939862112426407],[-98.46612964558362,18.939920683148458],[-98.46495353504845,18.94108986798874],[-98.46278641018338,18.940861052987163],[-98.46044457373107,18.94050970096486],[-98.4571409509675,18.940389340588176],[-98.4546612201478,18.941190885949794],[-98.45442465569768,18.943650568981738],[-98.45544677725648,18.946411054953444],[-98.45676675084012,18.949959776083187],[-98.45537770173212,18.952489500687435],[-98.45301994453432,18.954600641709195],[-98.45206609128114,18.958899523604234],[-98.45054020797379,18.963998749809456],[-98.44846770365875,18.964159772564173],[-98.44760306923803,18.964227231427756],[-98.44382593677517,18.960328800439374],[-98.44069062993077,18.957168765540086],[-98.43787497743078,18.95572897330731],[-98.43727241977948,18.958019196518137],[-98.43888952260727,18.962098741452923],[-98.43984331499422,18.965538015191367],[-98.4371345415901,18.966169174554473],[-98.43149656430741,18.964149078221222],[-98.43267901110536,18.968047722680296],[-98.43352546304125,18.972297781076854],[-98.43195381225695,18.974416692840045],[-98.4316548011193,18.97435025432549],[-98.42797883830539,18.97354817315536],[-98.42631558875027,18.970506540830684],[-98.42546854274886,18.967347687967433],[-98.42330946128064,18.96453832500644],[-98.420136043599,18.96218778772981],[-98.41621436952289,18.963667718155342],[-98.41820547548627,18.966428057751255],[-98.41873144999364,18.96865736709868],[-98.4166180484095,18.969116128485318],[-98.414397985935,18.965617391075586],[-98.41339127589741,18.962688428511065],[-98.41159045001321,18.95953891708948],[-98.41009513254197,18.957818231356423],[-98.40821855477701,18.955808255938503],[-98.40631123530453,18.952938505372053],[-98.40763853876038,18.94977975588081],[-98.41106448297053,18.948409127180735],[-98.40932512422795,18.946398470142835],[-98.40698277777321,18.945368657926995],[-98.40499908053295,18.943649757112436],[-98.39939842478287,18.946107860432345],[-98.39836886603038,18.947819316391676],[-98.40012359441,18.94931839444605],[-98.40180192679416,18.951438513946762],[-98.40402222911209,18.954078869179003],[-98.40636421891858,18.95757811779755],[-98.40689835319975,18.96113707272291],[-98.40894287508988,18.96233877324124],[-98.41038476957208,18.96658856718866],[-98.41109463126534,18.969507561896066],[-98.41017844314084,18.973067532687956],[-98.40801935245557,18.976847191287046],[-98.40495212467074,18.97718527989164],[-98.40220657572867,18.975398375831872],[-98.40026784830617,18.974135941700187],[-98.39744433554755,18.975227036622837],[-98.39876437096748,18.97929803029799],[-98.39916885380173,18.98222736755429],[-98.39574262029072,18.98411625590535],[-98.39392691852954,18.986405737874602],[-98.3962232908077,18.9882952248327],[-98.39549075834069,18.993163825106443],[-98.39878884815793,18.993603841427483],[-98.400047151319,18.994907011818817],[-98.39903168397983,18.99641290813697],[-98.40000029499876,18.998029176406977],[-98.40008648719234,18.998334457719494],[-98.4002137248217,18.998784466406146],[-98.40017528533295,18.999401123063638],[-98.40109311939146,19.00044788297558],[-98.40127954411882,19.000622451643274],[-98.40131505024712,19.00065645546188],[-98.40134914839206,19.00069798604038],[-98.40189385178158,19.00136548228251],[-98.40185228563422,19.00136534705745],[-98.401856182313,19.001437656710404],[-98.40360714293537,19.00348795815253],[-98.40418460365804,19.005907242306957],[-98.40691574023295,19.007215111840587],[-98.40844488914058,19.00947014077447]],[[-98.4430598622189,18.978379372705124],[-98.44757626191779,18.97143429931387],[-98.45246205329876,18.97339181870443],[-98.45414127078568,18.97406553308348],[-98.45069516151958,18.98204418951884],[-98.44600959910584,18.97979803007472],[-98.4430598622189,18.978379372705124]]]},"properties":{"N_CS_G1":"N","N_CP_G1":"Eutrico","N_G2":"N","TEXTURA":"GRUESA","F_SUPERF":"GRAVOSA"}},
{"type":"Feature","geometry":{"type":"Polygon","coordinates":[[[-98.37733610862966,18.998505919147714],[-98.37800900474127,18.998577230144146],[-98.37806723010362,18.99858340018674],[-98.37813648985001,18.998640770362993],[-98.37864665000261,18.998989350545394],[-98.37888161995966,18.999182569874918],[-98.37891802031412,18.999238520815616],[-98.3791452466734,18.99934727673134],[-98.3812337397255,19.000346859785665],[-98.38204301285123,18.999339270753847],[-98.38369364986096,18.997284080002974],[-98.38395984995346,18.99753182024832],[-98.3841965195586,18.997780689669302],[-98.38498722974698,18.998684169554632],[-98.38516446018232,18.998907690129432],[-98.38616690957961,19.0001137995928],[-98.38896825994523,19.003671309795223],[-98.39080872039801,19.006139079789264],[-98.39119262017896,19.006604059565205],[-98.39206227965187,19.007367479900317],[-98.39263401967241,19.007817779888082],[-98.39304758035225,19.008176289780707],[-98.39322790982145,19.008301479933642],[-98.39412290989961,19.0089510596969],[-98.39457871989062,19.00924842004474],[-98.39566409034022,19.009917369880906],[-98.39598397044887,19.010080020104947],[-98.39634376976414,19.010243309588294],[-98.39639765883008,19.01027566233884],[-98.39649747910536,19.009998684529876],[-98.39644297612756,19.008322128759968],[-98.39612282860357,19.007028779928476],[-98.39591643589503,19.00482531686081],[-98.39644893319816,19.00339467974279],[-98.39642489224269,19.00134092379004],[-98.3964658651586,19.00134105810629],[-98.39644324653071,19.000699351187336],[-98.39643952997318,19.00065980153076],[-98.39640865344182,19.000577236793944],[-98.39638433833277,19.000240526303248],[-98.39658334744371,19.000053656535815],[-98.39627512050458,18.99924383067129],[-98.395598247136,18.998405688084908],[-98.39525978941262,18.998074727790126],[-98.3943284501108,18.99716345097856],[-98.3932825657642,18.99607557101112],[-98.39343863825849,18.995285337926514],[-98.39085985432047,18.993966481105264],[-98.38821230064006,18.991495133751126],[-98.38545030566051,18.99206660688092],[-98.38375614361478,18.99418468140989],[-98.38153608396405,18.99607505295456],[-98.37947563901878,18.997505042116632],[-98.37733610862966,18.998505919147714]]]},"properties":{"N_CS_G1":"N","N_CP_G1":"Háplico","N_G2":"CAMBISOL","TEXTURA":"GRUESA","F_SUPERF":"N"}},
{"type":"Feature","geometry":{"type":"MultiPolygon","coordinates":[[[[-98.47987993550431,19.06376462410692],[-98.48009930988117,19.063765249815575],[-98.48049481983195,19.0640338900192],[-98.48072518041026,19.064066819659736],[-98.4808818899002,19.063988570538488],[-98.4812132599308,19.063980749709685],[-98.48184915036461,19.06381734109103],[-98.48225561967567,19.063934859742524],[-98.482440030008,19.06405478014752],[-98.48249168867521,19.064330519889342],[-98.48269525972627,19.064467549909956],[-98.48298334951473,19.064598630609645],[-98.48320228955993,19.06469725983518],[-98.48334191010318,19.06486124990167],[-98.48350850847454,19.064937250085794],[-98.4836733397763,19.065016092339082],[-98.48379748031981,19.06509721969745],[-98.48391815028782,19.065126660100816],[-98.48406491978221,19.065196909668636],[-98.48416017027002,19.065275259696847],[-98.48423233960895,19.065317121249556],[-98.48430457960963,19.065338139841597],[-98.48435711004512,19.065369520706362],[-98.48438442969702,19.06550534024389],[-98.48445345964352,19.06560478130376],[-98.48459411013145,19.06575678040223],[-98.48468694000084,19.065863709876],[-98.48480035047308,19.065937919876983],[-98.48489215015847,19.06598774040413],[-98.4849484803975,19.066014690149792],[-98.48549007932301,19.06563688159726],[-98.48557156936472,19.06547858094179],[-98.48563817000932,19.065223881599316],[-98.48563339914365,19.06501591995027],[-98.4855806492255,19.064866050189828],[-98.48541324902659,19.064683849610088],[-98.48538753880875,19.064589749779408],[-98.48540181950551,19.064464779772905],[-98.48549414921538,19.0642100807492],[-98.48564822018615,19.063780201011674],[-98.4858175999946,19.06331034066348],[-98.48582248950471,19.063144220278524],[-98.48577983031734,19.06301102070688],[-98.48575599860592,19.06292122077344],[-98.48573979942384,19.06279160009196],[-98.48574025880002,19.06263975121759],[-98.48570324914888,19.062433451325454],[-98.48570627953531,19.06241944987344],[-98.48569052532557,19.06238098197414],[-98.4846429774817,19.06244166853251],[-98.48226005002135,19.06251632180249],[-98.48210793696747,19.062719230104413],[-98.48151064370431,19.06299996043094],[-98.48051564122738,19.06356423628905],[-98.47987993550431,19.06376462410692]]],[[[-98.47836555181226,19.063663285663317],[-98.47841220006651,19.063706819708134],[-98.47859246702518,19.06372902248307],[-98.47836555181226,19.063663285663317]]],[[[-98.46905553443342,19.057720123181436],[-98.46943311981994,19.057848201311174],[-98.46978819987945,19.057968650239562],[-98.47049320041246,19.05808550208896],[-98.4700029104203,19.05777313558984],[-98.46905553443342,19.057720123181436]]],[[[-98.4621692307314,19.05293022426523],[-98.46222375023444,19.05323345979968],[-98.46273868800789,19.053747846039446],[-98.46217035546125,19.052931405904626],[-98.4621692307314,19.05293022426523]]],[[[-98.45852264462798,19.050021646570933],[-98.45885216963946,19.050608229548263],[-98.4595126199239,19.0508860798212],[-98.45987182014132,19.05103718020383],[-98.46030653483149,19.051278083490274],[-98.45969359330768,19.05084788705851],[-98.4587025951091,19.050183012437493],[-98.45852264462798,19.050021646570933]]],[[[-98.44389461147426,19.04709929860573],[-98.4443007401575,19.047215660308446],[-98.44482954977032,19.047367180533417],[-98.44664117990412,19.046811859865855],[-98.4484373803403,19.045774399925076],[-98.44874539985996,19.04561145052876],[-98.44969035019534,19.04511151097526],[-98.45001685044133,19.044991861212406],[-98.45069110598466,19.044744763710202],[-98.44958134147178,19.04458237349074],[-98.44808915828911,19.04533477125881],[-98.44699405942346,19.045991199789658],[-98.44632044814782,19.04653818232219],[-98.44481617238948,19.046633067555675],[-98.444144500664,19.046597155401408],[-98.44389461147426,19.04709929860573]]]]},"properties":{"N_CS_G1":"Eutrico","N_CP_G1":"Esquelético","N_G2":"CAMBISOL","TEXTURA":"GRUESA","F_SUPERF":"GRAVOSA"}},
{"type":"Feature","geometry":{"type":"Polygon","coordinates":[[[-98.40596561657796,18.8987629663435],[-98.4046301295329,18.899157452925916],[-98.40426908841187,18.899219554352094],[-98.40472402132325,18.902130989338982],[-98.4052997501122,18.905792896510984],[-98.40753729394943,18.909451078175348],[-98.40827378415545,18.910637300089846],[-98.40918962381713,18.912131355292676],[-98.40835071330565,18.915743554246237],[-98.40786750572896,18.918118789529377],[-98.40809612996557,18.920604742637575],[-98.40796171109736,18.921020023597382],[-98.41306907545075,18.924235422837274],[-98.40928537007474,18.928064203399064],[-98.4091519684671,18.928190298173643],[-98.40927520397602,18.928253951837455],[-98.41292423033293,18.930335057321464],[-98.41887081497863,18.927190785424507],[-98.42114473773546,18.923239614030013],[-98.42600193668076,18.924727779065222],[-98.42863088276579,18.919647958503138],[-98.43113227042915,18.918526000329738],[-98.43180244007425,18.916928470135506],[-98.43227814431896,18.915791239063154],[-98.43316191617264,18.913679235730005],[-98.4369576982872,18.91447703756866],[-98.4383908105789,18.911887702104877],[-98.44079902324293,18.911600140260298],[-98.44207675215561,18.911446966347405],[-98.44551353785916,18.911683205871753],[-98.44818142964482,18.906070004629985],[-98.44959655361036,18.903100958427],[-98.44813189005197,18.901109543568616],[-98.44797059366499,18.900891040091686],[-98.44673159325109,18.899405242134605],[-98.44679015830486,18.89928228403794],[-98.45073526643431,18.891017016081694],[-98.45164589742483,18.88910832936194],[-98.44862813617594,18.888265702638808],[-98.44638114146602,18.887637704012665],[-98.44491022146401,18.88722889399489],[-98.4444448167745,18.887099850627354],[-98.44267154492395,18.886606523876818],[-98.44263419376261,18.88659624423021],[-98.43930128446489,18.88952331109399],[-98.43732823493531,18.88896606951828],[-98.43123844979009,18.887239472807487],[-98.4296766389881,18.891409881929754],[-98.43418246189746,18.89267081072216],[-98.43419695892227,18.89329894252529],[-98.4339236760606,18.898134156511123],[-98.43323888330868,18.899697765018022],[-98.43285491577674,18.90057433208515],[-98.42992900400154,18.90375550375024],[-98.42838320156424,18.905437317887042],[-98.42657497801623,18.904711019407067],[-98.42430022832397,18.90314166696553],[-98.42121692287013,18.902345836917373],[-98.4184210490159,18.90081884345984],[-98.41706579628145,18.900073540253018],[-98.41276036075676,18.895803443391653],[-98.41183687187356,18.896505421534044],[-98.41121744050224,18.89714509876162],[-98.41071286701829,18.897523059682978],[-98.41001947000473,18.89759315370863],[-98.40795663849774,18.89826437533751],[-98.40690187851101,18.898486937129384],[-98.40596561657796,18.8987629663435]]]},"properties":{"N_CS_G1":"N/A","N_CP_G1":"N/A","N_G2":"N/A","TEXTURA":"N/A","F_SUPERF":"N/A"}},
{"type":"Feature","geometry":{"type":"Polygon","coordinates":[[[-98.36028506681427,18.899575937538508],[-98.36035902966374,18.899627720036637],[-98.36061404972865,18.900110029795396],[-98.36069145042656,18.900380149676682],[-98.36085846033521,18.900726200050723],[-98.36097777022944,18.901010749734045],[-98.36099840011143,18.901251860223027],[-98.36091694973781,18.901862460256698],[-98.36083675034101,18.90222174011304],[-98.36089256965505,18.903167620202435],[-98.3610855504444,18.903482620064285],[-98.3610364903712,18.903609250449716],[-98.36084837014182,18.904078379568517],[-98.36071796991992,18.904346660171225],[-98.36075585010815,18.90451918002853],[-98.36088530981073,18.90484025978109],[-98.36100319978891,18.905196399839546],[-98.36111049036539,18.90555228031698],[-98.36119908047041,18.905829119875072],[-98.36128138044594,18.9061472601251],[-98.3612970802504,18.906463109908433],[-98.36137241966902,18.9068033396832],[-98.36127111004053,18.90718799986061],[-98.36116740025771,18.90773225022926],[-98.36117548975437,18.907848370332182],[-98.36125467961071,18.907935350292586],[-98.36132970991372,18.90819407990827],[-98.36142945008625,18.908613649602373],[-98.36184502045224,18.908889750162235],[-98.361794539597,18.90897156971585],[-98.36152871954259,18.90942664996499],[-98.36127850998588,18.910124819644338],[-98.36096569016432,18.91103398027196],[-98.36072923005216,18.91172762976941],[-98.36059719979885,18.91210770964978],[-98.36113388006602,18.912230769701466],[-98.36084554996734,18.913263019897546],[-98.36075734004949,18.913731110119063],[-98.36010274010272,18.913682490218765],[-98.35986962978615,18.914825319792854],[-98.35983447975582,18.915081339632575],[-98.35965947989091,18.9160717699532],[-98.3596173997124,18.916253050209445],[-98.35960237991671,18.91631480041746],[-98.360257460042,18.916450220409644],[-98.36161496973156,18.91672516971638],[-98.36176237981721,18.916744909580952],[-98.36147285952796,18.916871880183585],[-98.3610464495969,18.91706002036561],[-98.36098403630403,18.917070252266495],[-98.36067777960099,18.91712046030176],[-98.35986175040897,18.91724219980726],[-98.35965436962233,18.917282779925884],[-98.35935502029723,18.917636000425414],[-98.35906637961044,18.917994340436916],[-98.35807093957223,18.919226199723173],[-98.35803411092526,18.919384333215646],[-98.35798882043271,18.919578800014058],[-98.35789725958166,18.919619599762886],[-98.3578110300709,18.919763460134],[-98.35774867968273,18.91986027989356],[-98.357621229707,18.920066339549656],[-98.35760383019735,18.920106660345393],[-98.35751807004941,18.920175651132617],[-98.35745167963005,18.920229060310348],[-98.35738567281658,18.920283214204982],[-98.35733725677532,18.920322935473898],[-98.35727024956877,18.920377910203335],[-98.35707674959012,18.920448310192675],[-98.35690282028447,18.920500449565893],[-98.35688595069101,18.920507364641995],[-98.35680126013312,18.920542080254222],[-98.35676187459165,18.920574826263667],[-98.35673541998759,18.92059682032156],[-98.35671781998354,18.920677220088173],[-98.35668791984023,18.920735261124506],[-98.35659660022266,18.92077960023453],[-98.35647485031113,18.920806050363726],[-98.35643375168263,18.920837861808053],[-98.35637574420738,18.92088275999356],[-98.35636543214255,18.920890741155677],[-98.3563644000485,18.920891540427746],[-98.35630219983355,18.92100270954951],[-98.356297387323,18.921012672338396],[-98.35628582996797,18.921036600788263],[-98.3562276896828,18.921058060376627],[-98.3561778801128,18.92105838016229],[-98.35614488976864,18.92103008016389],[-98.35614274777721,18.92101267240473],[-98.35613829008527,18.920976449681767],[-98.35617306987336,18.9208927908001],[-98.35618293954747,18.920869049796796],[-98.35618839974276,18.920844740222893],[-98.35617426023546,18.920772579666007],[-98.35612363046916,18.920729519608376],[-98.35602761992031,18.920722449680458],[-98.35594565984661,18.920713780304705],[-98.35588257956773,18.920711309958087],[-98.35583608952297,18.92068826099403],[-98.35577301547285,18.920684952028996],[-98.35572930982453,18.920682660387723],[-98.35570224244833,18.920685753690908],[-98.3556205400838,18.920695090308804],[-98.355535150234,18.920721120301398],[-98.35550043185498,18.920754750585864],[-98.35546334026246,18.920790680216605],[-98.35533395013809,18.920919661048],[-98.3551862198129,18.92097679976532],[-98.35505311986363,18.921045579719706],[-98.35499863043398,18.92110187984032],[-98.35494491026118,18.921222980448462],[-98.35492012109069,18.92133157967524],[-98.35487651022564,18.921413879821646],[-98.35480088964492,18.921440829621304],[-98.35472068827296,18.92143653342207],[-98.35469747979835,18.921435289892475],[-98.35460319974769,18.921504080309933],[-98.35418655000086,18.921462999843126],[-98.35383154022415,18.92147582018779],[-98.35369045974443,18.921480910116504],[-98.35362492036883,18.92148165994386],[-98.35349601982047,18.921489120434646],[-98.35342321968186,18.921478290156507],[-98.35338251983852,18.921454649605476],[-98.35334388013608,18.92137193972374],[-98.35332724973196,18.921318109772685],[-98.35327625032564,18.921274910243117],[-98.3532198899702,18.921281169819427],[-98.35313775016955,18.921351689678872],[-98.35304784993825,18.921412479589943],[-98.35296822960356,18.92146396986896],[-98.35291885037742,18.921584889620302],[-98.35290225969477,18.92167988976534],[-98.35285071040089,18.921732080313976],[-98.35270942969679,18.921746180322963],[-98.35263070990321,18.921741889893102],[-98.35256125984824,18.921717600235898],[-98.35250477025468,18.921676950346207],[-98.35246612044365,18.921624829853627],[-98.35242318037233,18.921545250032317],[-98.35238028042392,18.921512060060977],[-98.35233231972143,18.921479950395717],[-98.35224180040095,18.92143221964825],[-98.35215485042484,18.92142343011829],[-98.35212157959722,18.92145738003634],[-98.35209901990142,18.921512080057365],[-98.35207919578647,18.921560076735695],[-98.35206745967844,18.921588490372805],[-98.35201097032181,18.92164997992485],[-98.35197694039562,18.921768179723514],[-98.35204776125867,18.921835035969565],[-98.35210301978228,18.92188720002306],[-98.35215008835928,18.92189985077401],[-98.35218702976978,18.921909780005972],[-98.35230856968819,18.921855260785904],[-98.35246616995366,18.9218548798075],[-98.35263218578737,18.92192463898531],[-98.35272769030756,18.921964769577098],[-98.3530214601328,18.92189414994794],[-98.3531747211589,18.92202437020479],[-98.35323857004792,18.92219429730131],[-98.35328976698976,18.922330549427585],[-98.35349986039427,18.922889680231837],[-98.35349989331131,18.922889979926396],[-98.35350904436147,18.922973290493626],[-98.35350904873803,18.922973340415854],[-98.35351520035393,18.923036259678142],[-98.35352480606413,18.923056718485654],[-98.35358261330674,18.923179838720404],[-98.35362534250831,18.923270844736823],[-98.3536693459966,18.923364564425317],[-98.35380235180307,18.923647846186192],[-98.35384575668732,18.92374029056924],[-98.35389287444893,18.923840643250493],[-98.35389507981435,18.923845340409837],[-98.35389513384924,18.923846060884784],[-98.35391474840213,18.924108311580408],[-98.3539990799181,18.925235820421413],[-98.35375899974055,18.925439620392304],[-98.35340947988777,18.925606369997357],[-98.35363501958885,18.926202259907882],[-98.35369533977723,18.92674597003662],[-98.35358132022155,18.92809837008502],[-98.35394443012655,18.927920510355875],[-98.35421100021945,18.92796257038817],[-98.35460268019546,18.928184540336574],[-98.35530548963146,18.928582859591003],[-98.35591502960081,18.928928319846733],[-98.35594902023625,18.929028400279005],[-98.35598923957258,18.929022803492405],[-98.35613856864009,18.929002021848454],[-98.356180260169,18.928996219682023],[-98.35650945960593,18.928934369937554],[-98.35699738011493,18.928888519557752],[-98.35773007993063,18.92892151998059],[-98.35839941980828,18.928920489694505],[-98.35844415042621,18.928843460039573],[-98.35902355015476,18.929055859785006],[-98.35911576996212,18.92901306023581],[-98.35983049028526,18.929180280368104],[-98.35999829044127,18.92937596975666],[-98.3608747501746,18.929761449631823],[-98.36116409013967,18.9299970597781],[-98.36153448972708,18.92975621982547],[-98.36221696582493,18.929458800222505],[-98.36230159337491,18.92922005243614],[-98.36392512510983,18.928711644229338],[-98.36609137047769,18.92751938564774],[-98.36725738042729,18.926818473410965],[-98.36810211451227,18.927889993889973],[-98.36875799386938,18.93040906504706],[-98.37080285350888,18.932769056476015],[-98.37429762268813,18.933293742536684],[-98.37483351890857,18.93236698619974],[-98.37388212748651,18.93027620035921],[-98.37388993158933,18.92818865025222],[-98.37416902662927,18.926884857414542],[-98.37471930462308,18.92623378152313],[-98.37568197855633,18.925454184201374],[-98.37664221459875,18.925327506397128],[-98.3777366514851,18.925982986114985],[-98.37882915746427,18.927161476214465],[-98.37992941262586,18.926251279511334],[-98.380347009685,18.924557082863764],[-98.3818595157918,18.92338843305007],[-98.38323345768784,18.922610164877216],[-98.38501763032414,18.921963157043763],[-98.38557035481648,18.920791290524413],[-98.38639632562429,18.919880143447852],[-98.38722657977074,18.91779530665789],[-98.38627260480702,18.91622646601595],[-98.38422004934893,18.915306910520005],[-98.38354270993392,18.913087169965596],[-98.38286298736433,18.911519222855713],[-98.38067426820461,18.91020719072453],[-98.37807962796614,18.907457996037632],[-98.37821913758428,18.906806658958473],[-98.37850009376037,18.90498096544098],[-98.37796044243511,18.902630627646538],[-98.37755595499604,18.900802636329566],[-98.37715244463887,18.89871369916619],[-98.37894228850146,18.89663211264512],[-98.38223470829158,18.89599129279028],[-98.38429431274118,18.895085380644115],[-98.38731049847006,18.894834411617246],[-98.38950382458678,18.89484163691109],[-98.38907879689387,18.89862342648635],[-98.38961527053199,18.90188648080833],[-98.3908485917052,18.902021572142257],[-98.39304437608628,18.901375830139337],[-98.39428335339518,18.899945226849557],[-98.39346649242957,18.89837686792822],[-98.39374962740294,18.89589821687604],[-98.39621747936357,18.895646440965514],[-98.39841081927571,18.895653561980712],[-98.40046707667678,18.895660215131073],[-98.40224591408675,18.896578708251056],[-98.40389046845488,18.896713907160528],[-98.40525761489215,18.89776208869342],[-98.40596561657796,18.8987629663435],[-98.40690187851101,18.898486937129384],[-98.40795663849774,18.89826437533751],[-98.41001947000473,18.89759315370863],[-98.41071286701829,18.897523059682978],[-98.41121744050224,18.89714509876162],[-98.41183687187356,18.896505421534044],[-98.41276036075676,18.895803443391653],[-98.41706579628145,18.900073540253018],[-98.4184210490159,18.90081884345984],[-98.42121692287013,18.902345836917373],[-98.42430022832397,18.90314166696553],[-98.42657497801623,18.904711019407067],[-98.42838320156424,18.905437317887042],[-98.42992900400154,18.90375550375024],[-98.43285491577674,18.90057433208515],[-98.43323888330868,18.899697765018022],[-98.43014835461967,18.89649251200173],[-98.42737098575412,18.89528427105679],[-98.42341131865618,18.89465409183559],[-98.41992408379846,18.893673985045204],[-98.41733811164102,18.892582549111545],[-98.41541544274291,18.891203977297504],[-98.4125920767636,18.88861381244531],[-98.41025767537533,18.88689386089048],[-98.40719075486649,18.884083689895625],[-98.40472596578877,18.88218476992529],[-98.40298686523776,18.88114329809209],[-98.39877529234182,18.880223733220408],[-98.39776048617806,18.87810461122558],[-98.39718082710877,18.873125489868283],[-98.39397622488359,18.872424849141794],[-98.39084070549005,18.87133465054165],[-98.38814713730547,18.873214575748445],[-98.38592681621897,18.874013820386434],[-98.38593550025766,18.874235259790506],[-98.38603346673237,18.876653032493],[-98.3842861321656,18.879523334097822],[-98.38164634123969,18.882213294427476],[-98.37766326282821,18.88467278852072],[-98.37416908258295,18.884892625245907],[-98.3720020761732,18.888671882117052],[-98.36972073152816,18.890793532751893],[-98.36808924029972,18.89146916386746],[-98.36779028263734,18.89159240753071],[-98.36640904538623,18.893252793827013],[-98.3641737476006,18.896812565856997],[-98.36135061275992,18.8988712511655],[-98.36028506681427,18.899575937538508]]]},"properties":{"N_CS_G1":"N","N_CP_G1":"Epipetrodúrico","N_G2":"VERTISOL","TEXTURA":"MEDIA","F_SUPERF":"N"}},
{"type":"Feature","geometry":{"type":"Polygon","coordinates":[[[-98.33965152211697,18.88975551986126],[-98.34657494006824,18.891670090085277],[-98.34973613978893,18.892232380413798],[-98.34997208003777,18.892377449945087],[-98.35034928968794,18.892667229906987],[-98.35071482979717,18.89296801969252],[-98.35108264994565,18.893279719824406],[-98.35186302982505,18.892748149782786],[-98.35221747982028,18.893078539658823],[-98.3520642900005,18.893184259819936],[-98.35210047983124,18.893197879609602],[-98.35703091964754,18.894560980315728],[-98.35721574973543,18.8948712202538],[-98.35735409011788,18.895181279711093],[-98.3575384300755,18.895624180053563],[-98.3577454499677,18.89583773992322],[-98.3578395396388,18.895934820002502],[-98.35808263036705,18.896241180277457],[-98.35831881966733,18.896597459744484],[-98.35846449035466,18.896963480193527],[-98.35871742994387,18.897441549833978],[-98.35911021999111,18.89810631008137],[-98.35940077964567,18.898551689687906],[-98.35980991015805,18.89907124973724],[-98.36013588022831,18.89947148955692],[-98.36028506681427,18.899575937538508],[-98.36135061275992,18.8988712511655],[-98.3641737476006,18.896812565856997],[-98.36640904538623,18.893252793827013],[-98.36779028263734,18.89159240753071],[-98.36808924029972,18.89146916386746],[-98.36503589834453,18.88900403271731],[-98.35863415095537,18.89272341152931],[-98.35371702297819,18.893641706353858],[-98.35078879231204,18.88848710474403],[-98.3453785876147,18.88987112910904],[-98.34182182528393,18.8880082084844],[-98.33965152211697,18.88975551986126]]]},"properties":{"N_CS_G1":"N","N_CP_G1":"Epiléptico","N_G2":"LEPTOSOL","TEXTURA":"GRUESA","F_SUPERF":"N"}},
{"type":"Feature","geometry":{"type":"MultiPolygon","coordinates":[[[[-98.40670531556418,18.801324281229423],[-98.40632134006968,18.79994868982048],[-98.40621939971321,18.799574420378093],[-98.40543746032407,18.79916194990486],[-98.40508925014663,18.798795020137575],[-98.4048454200111,18.798561450108547],[-98.40481152023875,18.798262019805364],[-98.40488234997537,18.797996200395776],[-98.40474408008922,18.797563420245222],[-98.40421080031719,18.79683724981369],[-98.4040304902089,18.79605412041787],[-98.40386565960961,18.794915849600564],[-98.403806149839,18.794217850371187],[-98.40379040011439,18.79372557985083],[-98.40361186026871,18.793420720101537],[-98.40344517961549,18.79266525959301],[-98.40344414027433,18.792159689639128],[-98.40315089027257,18.79130554982232],[-98.40276975037234,18.79106416986303],[-98.40184697998617,18.791422250076813],[-98.40118338035496,18.79179825043807],[-98.40060822987503,18.79213250954483],[-98.40029009537821,18.792357962626994],[-98.40021756691829,18.792928607186543],[-98.40042548227183,18.79650352206617],[-98.40335941709822,18.79971891381222],[-98.40350357824933,18.799876398222093],[-98.40670531556418,18.801324281229423]]],[[[-98.43532541707353,18.779787163383656],[-98.43513886027428,18.779841799982336],[-98.43461231983032,18.779950939738832],[-98.43428171954031,18.78005662025411],[-98.43408360032173,18.780145179658366],[-98.43385465012027,18.780269449586797],[-98.43357597999461,18.78050610998963],[-98.43338721981308,18.78072457000236],[-98.43323148040328,18.780818170379188],[-98.43315405986003,18.780848770052437],[-98.43310481965918,18.780873000173322],[-98.43294005993046,18.780824489698023],[-98.43276252019031,18.780775690702512],[-98.432673119971,18.78077356956795],[-98.43252165991507,18.78070513967938],[-98.43237048025489,18.780654479990055],[-98.43231432039839,18.78063517982189],[-98.43225385953271,18.780623770283512],[-98.43218965010254,18.780674149631775],[-98.43210502030726,18.780702110223743],[-98.4320162301177,18.780729919643225],[-98.43193045982721,18.780801750733534],[-98.43170498033948,18.78100605012797],[-98.43156103022739,18.78113834992919],[-98.43145914025976,18.781267710103513],[-98.43134911022817,18.781384860319434],[-98.43123587992795,18.781508880361045],[-98.43117314977492,18.78166110986332],[-98.4311003101379,18.781801109916433],[-98.43101618040843,18.78197082042995],[-98.43087711024293,18.782077309791568],[-98.43070245967597,18.78215682965273],[-98.43052357992212,18.782200479767805],[-98.43042555030364,18.782230089601647],[-98.43028403027455,18.782255459691612],[-98.43014611989544,18.782271349662192],[-98.42994450978706,18.782413460236647],[-98.42984862024517,18.782491000008147],[-98.42962613966661,18.782661350074573],[-98.42936634994223,18.782849969703],[-98.4289572300086,18.783105289608677],[-98.42841548013001,18.78337803040417],[-98.42817811000292,18.783477779813776],[-98.42795435012245,18.783568249977186],[-98.42784945013683,18.783604090389918],[-98.42765230972623,18.78366308000512],[-98.42744034968405,18.783731689903718],[-98.4273407397582,18.78379758029424],[-98.4272557200987,18.78388994005534],[-98.42716668004962,18.78394756967286],[-98.42699718030502,18.784050480205703],[-98.42682888993356,18.784170679573958],[-98.42675870996293,18.784200479962106],[-98.42665670961766,18.78421910999968],[-98.42654124979468,18.784213219840087],[-98.42644716973086,18.78421098034528],[-98.42630582989477,18.78424694002264],[-98.42618602956509,18.784281859640075],[-98.42607743001872,18.784329580071315],[-98.42597233978108,18.78443245010787],[-98.42584616952881,18.78458959984613],[-98.42573911988964,18.7847430197042],[-98.42567362993175,18.78482443029641],[-98.42561145011199,18.784878320151623],[-98.42552307989884,18.784924000306003],[-98.42546060034844,18.784969539897855],[-98.42535419967088,18.78500914013823],[-98.42522186004918,18.785044399741714],[-98.42491157033254,18.785203980427728],[-98.42476413998273,18.7852717999806],[-98.42465679978064,18.785316800049095],[-98.42457322010767,18.78533066092899],[-98.42448600036691,18.785324600414818],[-98.42442775033406,18.785323219685257],[-98.42433647993691,18.785313139911498],[-98.42426603047885,18.785301549658342],[-98.4242070301106,18.785329880275572],[-98.42414401963921,18.785352169590276],[-98.42406301977913,18.785346261094492],[-98.42395641990969,18.78536352044799],[-98.42389082018126,18.78540557037779],[-98.42381865024889,18.785459320055107],[-98.42372762918453,18.785518579702845],[-98.42365875024213,18.78560607965219],[-98.4235726900633,18.785672679971842],[-98.4234046198125,18.785735230102897],[-98.42324014982724,18.785788349758867],[-98.42312274033988,18.7858236000644],[-98.42299201963667,18.785858489636734],[-98.4228686896804,18.78586508961429],[-98.42269250976204,18.785857720254437],[-98.42263502038992,18.78589368038746],[-98.42233594006004,18.785922459619588],[-98.42207440024058,18.785958369896868],[-98.4216384498956,18.78617987964734],[-98.4214796596984,18.786319830011976],[-98.42137510979796,18.78646904954739],[-98.42121376996857,18.786704749573392],[-98.42103337035476,18.78686812041492],[-98.4208451201274,18.787011369878613],[-98.42070494046317,18.787079909588428],[-98.42049329023493,18.78715470995874],[-98.42018120018906,18.78722314990948],[-98.41991634978183,18.787248780093307],[-98.41970619956166,18.787267749701225],[-98.41958369008707,18.787300769698493],[-98.41938772018482,18.787419860400295],[-98.41912346036617,18.787581230140766],[-98.41899065974441,18.78768986012473],[-98.41888241988077,18.787819059544262],[-98.41878291036126,18.787936429576412],[-98.41848839954501,18.788243049731687],[-98.41834855033557,18.788459320414706],[-98.41829822968378,18.788617820248824],[-98.41822314022963,18.78876373998889],[-98.41815063021448,18.78896962005946],[-98.41812718013283,18.789064860294637],[-98.41809877986584,18.789187949933346],[-98.41809574979936,18.78930365955873],[-98.4180877795642,18.789447199826647],[-98.41793837982298,18.789809580436213],[-98.41777045029005,18.789977280211662],[-98.41761907978352,18.790153320383148],[-98.41747365024716,18.790261629962533],[-98.41738207999838,18.790395200105767],[-98.41718520042186,18.79054621963707],[-98.41698132002452,18.79064513966749],[-98.41681215042962,18.790700999935332],[-98.41662230956506,18.79074439978269],[-98.41641421959008,18.790843229760828],[-98.41616331031135,18.790977000142068],[-98.41598290953873,18.79114039960558],[-98.41579408046215,18.79130357017398],[-98.41568864977357,18.791426550149502],[-98.41566253955101,18.791523980129547],[-98.41565117962791,18.791621770346424],[-98.41566013961095,18.791728450014304],[-98.41572894019608,18.791909369972647],[-98.41588925004216,18.792193379977352],[-98.4159410300706,18.79235147961122],[-98.41605106039916,18.792530599987472],[-98.41608629010021,18.79264631982834],[-98.41609725024935,18.792789479974847],[-98.41607380029846,18.792898150309423],[-98.41605283013222,18.79302373995234],[-98.41586811018536,18.793343379799094],[-98.41574054006698,18.793606540093755],[-98.41560179955344,18.79373490988281],[-98.41543908972338,18.793879510313914],[-98.4152174199757,18.794028319615403],[-98.41506722995088,18.79414521966154],[-98.414946580144,18.79425718026004],[-98.41483890990779,18.79443394969757],[-98.41481325026511,18.794514570216318],[-98.41478270978976,18.794616489941404],[-98.41474614952958,18.79477534033668],[-98.41470190964048,18.794891940417074],[-98.41463306012315,18.795047200095294],[-98.41456550986915,18.795154850226385],[-98.41435211006423,18.79552922038228],[-98.41406052036987,18.796023999556176],[-98.4139092596494,18.796335769753735],[-98.41362720005826,18.79709134964134],[-98.41339976961434,18.797643399987276],[-98.41306193981845,18.79796847975088],[-98.41278160006958,18.79841668974104],[-98.41263982880483,18.798950549864276],[-98.41246657969138,18.799427019603222],[-98.41219885975693,18.799890232582182],[-98.41343698160294,18.799697811384828],[-98.41565192968275,18.797392351343365],[-98.41875209456684,18.794459273212457],[-98.4218427832043,18.794258768938516],[-98.42516484183278,18.790906032559462],[-98.42848095327527,18.789444275599916],[-98.42981948462905,18.78524488738112],[-98.43186579274035,18.783584876168124],[-98.43147156503471,18.783539617882735],[-98.43218952992838,18.781843915850658],[-98.4352841479155,18.780043587243146],[-98.43532541707353,18.779787163383656]]],[[[-98.43923555369128,18.77483401246267],[-98.43918635035124,18.77482013973373],[-98.43910993957887,18.774790459952964],[-98.43904576979742,18.774801600026453],[-98.43897642982138,18.774807570156476],[-98.43891608959136,18.774773200173065],[-98.43886171036539,18.774716150057984],[-98.43881440036314,18.774692219728855],[-98.43877317975029,18.774741939889513],[-98.43872231012277,18.774753419814903],[-98.43863254987917,18.77472340043956],[-98.43855997018092,18.774752110328343],[-98.43848952037291,18.774798599710945],[-98.4383803495471,18.774902449654693],[-98.43829562001238,18.774986630294183],[-98.43822085979119,18.77509891009227],[-98.43816868014865,18.775262400455393],[-98.43814209523396,18.775298544092397],[-98.43923555369128,18.77483401246267]]],[[[-98.44462910403998,18.769552298095565],[-98.44453268988548,18.769704139716502],[-98.44417823033754,18.77020868965084],[-98.44388891956281,18.77054139995572],[-98.4435815698305,18.77069306007193],[-98.44340270954922,18.770862229843424],[-98.44319555030934,18.7711773698163],[-98.44309702002018,18.771432370028915],[-98.44305518011319,18.771585770281348],[-98.44301312012043,18.7717494796824],[-98.44297669014504,18.77190299966128],[-98.44292659991169,18.77195841992059],[-98.44292365976317,18.77207156992909],[-98.44294837981892,18.772159650193686],[-98.44259334969436,18.77292321972154],[-98.44240601960061,18.773268739781447],[-98.44218647970243,18.773603199585505],[-98.44214585032533,18.773710320021753],[-98.44214437982343,18.773766880202956],[-98.4420734599688,18.773963449812374],[-98.44202621978394,18.77411674986852],[-98.44200018007722,18.774285970043632],[-98.44196928983055,18.77443445955551],[-98.44190866041049,18.774479339773166],[-98.4418284201989,18.7744465798076],[-98.44174811032981,18.77441894001924],[-98.44165032038666,18.77443722015221],[-98.44142048029335,18.77454501970534],[-98.44130654926488,18.774562889989824],[-98.4411876904676,18.774560080156725],[-98.44106396982083,18.774536579979515],[-98.44086102035305,18.774444289924624],[-98.44072674973896,18.77441025012257],[-98.44056874046508,18.774457980026533],[-98.44045402033748,18.774506709819917],[-98.44029600012234,18.77455445005675],[-98.44024997012218,18.774605459592294],[-98.44023042036353,18.774733649853086],[-98.44021205995664,18.774815549562888],[-98.44009293964695,18.774823019892885],[-98.44000114024378,18.77482084992323],[-98.43990322978136,18.77484427965879],[-98.43977371017945,18.7748360802363],[-98.43969793971742,18.774839420089396],[-98.43964754564651,18.77485554129042],[-98.44107758351815,18.775743448227075],[-98.44185990627736,18.774990042533826],[-98.44516368204263,18.770469924439706],[-98.44462910403998,18.769552298095565]]]]},"properties":{"N_CS_G1":"N","N_CP_G1":"Háplico","N_G2":"LEPTOSOL","TEXTURA":"GRUESA","F_SUPERF":"N"}},
{"type":"Feature","geometry":{"type":"MultiPolygon","coordinates":[[[[-98.61784337952454,18.654108355348153],[-98.61777113966986,18.654128849644852],[-98.61636218037438,18.654599289830603],[-98.61605714960328,18.654800449675072],[-98.61436566012081,18.6561286301759],[-98.6125269700691,18.65777461973539],[-98.61210681977875,18.658242000023492],[-98.61123381964518,18.659293370249937],[-98.61096351999886,18.659563339986168],[-98.61062557986085,18.66002865998074],[-98.61037556984182,18.6602205399695],[-98.61002118042835,18.660397830181832],[-98.60911933997289,18.660443769894513],[-98.60855258022717,18.6606777102722],[-98.60759691954094,18.661011350088092],[-98.60668483029453,18.661135030081287],[-98.60575182968071,18.662248280177497],[-98.60545272042343,18.662348290134172],[-98.6046337699731,18.663705860092215],[-98.60426942984616,18.663945419834118],[-98.60397777047116,18.66419567987623],[-98.60391605039932,18.66447448975156],[-98.60363806000134,18.665170979646014],[-98.60262997959936,18.666433479558272],[-98.60252664958905,18.666888949711993],[-98.60290208018473,18.668932880176445],[-98.60284145044668,18.6693151702764],[-98.60269713985693,18.669829719578495],[-98.60270687232163,18.66988933072927],[-98.6030954969623,18.669568869663372],[-98.60597919869393,18.670938519744826],[-98.60604004742372,18.67305909702045],[-98.60922203932189,18.675417814156354],[-98.61066358586699,18.677937796949838],[-98.60765009101743,18.67879797480689],[-98.60639122855135,18.68285772885901],[-98.60489546479954,18.68452652790548],[-98.60272087555987,18.682968580206545],[-98.60001269421782,18.683998736253972],[-98.60229349563141,18.68600656233496],[-98.60181319376217,18.690367306041402],[-98.60506335629215,18.691566038398957],[-98.60451376922235,18.694147366002376],[-98.60722275082688,18.69512688320329],[-98.60631447635944,18.69901565199641],[-98.60535329776224,18.701426656559647],[-98.60357431486172,18.70272119230621],[-98.6038832002922,18.70344795018767],[-98.60388244954846,18.703528199866234],[-98.60408731031067,18.703960090450792],[-98.6042600497941,18.704429689941836],[-98.60476833977022,18.70493537000604],[-98.60540099966798,18.705356150053102],[-98.60577711989494,18.70573540023725],[-98.60621425968577,18.706163279763015],[-98.60654986015426,18.70680789028682],[-98.60662948036541,18.707632889585746],[-98.60654523001662,18.70881657004609],[-98.60647404978283,18.709905170402198],[-98.606798319912,18.710057659657934],[-98.60720310991,18.709975949865477],[-98.60775949010412,18.709956480417656],[-98.60843043018541,18.71039134967059],[-98.60905161963919,18.710468339716712],[-98.61010471997018,18.710263000041692],[-98.610155539664,18.71150485044335],[-98.61087864974863,18.711245709699398],[-98.6116101401257,18.71068048033126],[-98.61226217996266,18.710245519827804],[-98.61432501964538,18.70895513958929],[-98.61498377038065,18.709109580002284],[-98.616224430152,18.70923431970987],[-98.6172544498283,18.70870826004225],[-98.61817213970083,18.708679339668965],[-98.61936976983203,18.708674110322633],[-98.62017622963431,18.708921690110216],[-98.621316740298,18.709299059987902],[-98.62185415047018,18.709567319852354],[-98.62201102009307,18.709556249826292],[-98.6223196003782,18.709518429575443],[-98.62285054987971,18.709421569840117],[-98.62319798045107,18.709466230384656],[-98.62410697015113,18.710331769679797],[-98.62475290962054,18.710547400303245],[-98.62501114042121,18.710545000317953],[-98.62549883002772,18.710467740102285],[-98.62612567994726,18.710262140335754],[-98.62622500023961,18.710247980097915],[-98.62821342984962,18.709538249796335],[-98.62937545990658,18.71070391999311],[-98.62978079970901,18.710692580365627],[-98.63067268976455,18.710830369612534],[-98.63129874033635,18.71089488017139],[-98.63175224986146,18.711092350085423],[-98.63223988900236,18.71105020847691],[-98.63283529787296,18.70873541071105],[-98.63170647647442,18.70661612879497],[-98.6309738420892,18.704146287635183],[-98.6298905425877,18.70237729205178],[-98.62803639143401,18.700996501924354],[-98.62653360602076,18.69835678088622],[-98.62574030190208,18.696296878487413],[-98.6285172694015,18.695546656253928],[-98.63128699512833,18.695387211191793],[-98.63585730597553,18.695327271662222],[-98.63813068305267,18.69636762930051],[-98.63952698591633,18.698427517850835],[-98.64247240149477,18.699577572018704],[-98.64084685624452,18.70243598225104],[-98.64306709528009,18.704276007619317],[-98.64602764049036,18.703077387795997],[-98.64824811151264,18.702846609387446],[-98.64853302884423,18.704946460227188],[-98.6497871496998,18.704846290041633],[-98.65028873962774,18.704804139992884],[-98.65081091960869,18.704764520027183],[-98.65086430970732,18.704360540428027],[-98.65041174008566,18.703159449805487],[-98.65046470996406,18.703027419689207],[-98.65086624973588,18.701209629824753],[-98.65143289658359,18.700962956194942],[-98.64998781598582,18.699477722476633],[-98.64782813211325,18.699007091733073],[-98.64698168299233,18.69700817887976],[-98.64620345425462,18.694427595065733],[-98.64506663445665,18.69184745554125],[-98.64331181984359,18.690576584647904],[-98.64139639675996,18.688748444695594],[-98.63905434902047,18.687427827525887],[-98.64031334160572,18.68518779836754],[-98.6409773673504,18.682038334087448],[-98.64128115355435,18.68105907066677],[-98.64049928969467,18.68083579961599],[-98.63684542954539,18.681519709884192],[-98.63095071008205,18.68221975011114],[-98.62788145015477,18.68160051035061],[-98.62736311047179,18.681353599972216],[-98.62730964974274,18.681037230284844],[-98.627413510162,18.680304140190188],[-98.62747010969963,18.67949994987736],[-98.62765174023836,18.6789236602695],[-98.62783402035002,18.678415849662308],[-98.62758221954269,18.677834150223],[-98.62766413955202,18.677099599892703],[-98.62780156994194,18.67649568033757],[-98.62663511957912,18.675176690336727],[-98.62602103002325,18.6746450499283],[-98.62569741980353,18.674203199693505],[-98.62557446531392,18.67416159210178],[-98.62528254359,18.67577945476231],[-98.62335974607463,18.675028854638533],[-98.6231238195419,18.6707897339422],[-98.62318482688863,18.66655008128618],[-98.62024715235017,18.667808273859286],[-98.61819486515017,18.668548566659382],[-98.61609675108508,18.667798665855983],[-98.61735521256364,18.6658592868987],[-98.61885071516184,18.663389420897776],[-98.61639414638346,18.66183896252938],[-98.61802718393199,18.65828938731403],[-98.61795111113739,18.65497129078268],[-98.61784337952454,18.654108355348153]]],[[[-98.65610750843436,18.701702989921177],[-98.65617045024739,18.701860630237555],[-98.65646473972448,18.702445599651075],[-98.65653940027352,18.702981620222424],[-98.65619735038142,18.703413349986167],[-98.65645453954703,18.70376234005984],[-98.65684072035796,18.70385684979477],[-98.65697631029019,18.704246720288516],[-98.656748400267,18.704544430066573],[-98.6566113102048,18.704897720155294],[-98.65655747981961,18.705294480037097],[-98.65649805042634,18.70550954984247],[-98.65541507966702,18.707780999779356],[-98.65543553956181,18.70797847973441],[-98.65544454026333,18.708074819674536],[-98.65566358006215,18.70839990971548],[-98.6556835997197,18.708887659751703],[-98.65496372012149,18.709811980394704],[-98.65582697043715,18.710535000267992],[-98.65607968010987,18.711442459596217],[-98.65619368046008,18.712235719887957],[-98.65631688970375,18.71230670992515],[-98.65637525040192,18.712622850110748],[-98.6567304496785,18.7128097496407],[-98.65701429006036,18.713115029885035],[-98.65717382957038,18.713352370163264],[-98.65763548024707,18.713657969985277],[-98.65800834991938,18.713895690405042],[-98.65838145975073,18.71403183013587],[-98.6588258598798,18.714066489828426],[-98.65905713964959,18.71399917980937],[-98.65930695011197,18.714099650156577],[-98.65962654018293,18.714320340145008],[-98.65979747954172,18.714391919685976],[-98.65993942999857,18.714756619846273],[-98.65995746031027,18.714764779804046],[-98.65994864957584,18.7145129202265],[-98.65988351041797,18.713283980057277],[-98.65977913974385,18.710996909627852],[-98.65984002014223,18.710511140391585],[-98.6598770203109,18.710362879649075],[-98.65994510989043,18.709798220265927],[-98.65991655005219,18.709070490171687],[-98.65995487964196,18.708553229854118],[-98.6599479502946,18.708111110113645],[-98.65969311037462,18.706871379766067],[-98.65963446002098,18.70624834968749],[-98.65970525010519,18.705965180251518],[-98.65973364987285,18.705435920038628],[-98.65976573354439,18.705003393884006],[-98.65889156481522,18.70286750849559],[-98.65684698022612,18.700857406225698],[-98.65610750843436,18.701702989921177]]],[[[-98.61966758462917,18.73191359582734],[-98.61962113972515,18.731853719762366],[-98.61943667970544,18.731704420081225],[-98.61929628017303,18.73158033978771],[-98.61841211978646,18.731070279752647],[-98.61783757010755,18.730493569613945],[-98.61748793989655,18.730006120054785],[-98.6167918500429,18.729507629569923],[-98.61616102044316,18.728468179881272],[-98.6153192898216,18.72656630977314],[-98.6151890900368,18.726220349791138],[-98.61537427983441,18.725324319715835],[-98.61546711952856,18.724568310186893],[-98.61479174991366,18.723860310141372],[-98.61427193964535,18.72346253990845],[-98.61362164958838,18.723072029546568],[-98.6134418198589,18.722897690232234],[-98.61398808990216,18.72199280026778],[-98.61339034962155,18.7215080901272],[-98.61380787962759,18.72108745977192],[-98.613834630015,18.7207776003744],[-98.61327406005958,18.72040089031763],[-98.61290407979828,18.71929617967827],[-98.61314727974035,18.71874837977467],[-98.61307026013239,18.71826474980934],[-98.61248505005906,18.718003220352934],[-98.61231715041595,18.717420220369764],[-98.61207136987338,18.716737889557944],[-98.61171416973033,18.715688889569815],[-98.61149745971056,18.71559582038545],[-98.61051145013248,18.715256060167405],[-98.61112462025345,18.714497880094697],[-98.61118668014697,18.714286889858826],[-98.61125580021643,18.714051880014743],[-98.6107745200115,18.713889710281958],[-98.61000739973305,18.713491420068472],[-98.60952642033799,18.713205289674494],[-98.60887585981831,18.71305517996726],[-98.60852262014582,18.713299660220557],[-98.60817277992666,18.7133430302718],[-98.60747277022026,18.713269249718497],[-98.606628919663,18.713126220420136],[-98.60595797985971,18.712581460046735],[-98.60476638028058,18.71209091017716],[-98.60425956972132,18.712063820154977],[-98.60359745001881,18.711629509687334],[-98.60312848031671,18.711777280010867],[-98.60284577010668,18.712284489897904],[-98.60251417043027,18.712842089667237],[-98.60231613952426,18.71298178042307],[-98.60195349008059,18.713237600361367],[-98.60150861996699,18.713311030105928],[-98.60115945024761,18.713223510384438],[-98.60101791016214,18.71279072008835],[-98.59963001290744,18.712586441628048],[-98.59920316506833,18.71368657616079],[-98.59824173123,18.716375443395794],[-98.59834841274449,18.719875467865837],[-98.5967917174473,18.72181405433011],[-98.59517455576439,18.726454723807993],[-98.59697489069565,18.728523702384962],[-98.59966847857784,18.7299540470458],[-98.6014840793661,18.731623103450133],[-98.60243795951645,18.735174636943853],[-98.60087352712415,18.73683420190467],[-98.59937053864334,18.738323302892645],[-98.60230782139591,18.739824175310822],[-98.60345239033904,18.741483872712287],[-98.60542826264395,18.74314306532594],[-98.60867099900281,18.7456838024257],[-98.6112117639336,18.744123366527806],[-98.61229497435595,18.74647312450447],[-98.61469849373566,18.749692086342616],[-98.61588872077267,18.752213758987242],[-98.6165921318612,18.754633310929464],[-98.61679919996999,18.75444433969901],[-98.61820965970388,18.75315713982036],[-98.61803954982106,18.752596199731343],[-98.61800362035484,18.752299939895675],[-98.61798604965476,18.75196889007142],[-98.61784028987996,18.75167242008738],[-98.61771273955712,18.75141082019421],[-98.61765828964963,18.751201650189287],[-98.6176041698186,18.750853090057067],[-98.61745852036114,18.75050434035885],[-98.61731259997875,18.75027757002591],[-98.61709064953114,18.750000060355827],[-98.61687529034533,18.74965647976701],[-98.61664236976908,18.749344750254433],[-98.61658339998797,18.74920680008673],[-98.61670709047391,18.748793579982976],[-98.6172777503632,18.748418620446206],[-98.61701695032423,18.747830649662415],[-98.61679238028837,18.747254049554833],[-98.61638476980528,18.746861149891828],[-98.61679656981407,18.74670274989078],[-98.6173067695848,18.746337780252937],[-98.61746651025499,18.745970919971903],[-98.618037349985,18.745504399868455],[-98.61846919983276,18.745146029772723],[-98.61856011007383,18.74507058027602],[-98.61887940004372,18.744417089710804],[-98.61897634026728,18.744358769936614],[-98.61900906044656,18.74433092009717],[-98.61935976958512,18.744084180066068],[-98.62163649003787,18.742385000443353],[-98.62164160558878,18.742353740566784],[-98.61917799441618,18.741922227417238],[-98.61849500223707,18.742160325965173],[-98.61605177024687,18.74285345817806],[-98.6145078534764,18.741531918805432],[-98.61491908450714,18.739826931097006],[-98.6167946062081,18.73820290756631],[-98.61818161136956,18.73680945169133],[-98.61859290059857,18.73479491861496],[-98.61916757736525,18.732624819777538],[-98.61966758462917,18.73191359582734]]],[[[-98.59334556415095,18.74440143750427],[-98.59353010961573,18.744723970273807],[-98.59518972004881,18.745396179986372],[-98.59537382967012,18.746577970269993],[-98.59688003012467,18.74617410984014],[-98.59779891957825,18.74661790985933],[-98.59814813999685,18.746982970082694],[-98.59871024991045,18.74682139961805],[-98.59926246041513,18.74740391978307],[-98.60011695021066,18.74846186035531],[-98.60076771004758,18.748688049605427],[-98.6011839396956,18.749157570390107],[-98.60135479987841,18.749454049958903],[-98.60143462995825,18.750000059955166],[-98.60152846002835,18.75023388035378],[-98.60193966023532,18.75041757969006],[-98.60237871955165,18.75041852014743],[-98.60311971962643,18.750393979618735],[-98.60399742961559,18.750578680083454],[-98.60424337019893,18.75102323005727],[-98.6043522199999,18.751415249964655],[-98.60443357954003,18.751833339787943],[-98.60473489015983,18.752069049984993],[-98.60514651962299,18.752069909546165],[-98.60542071017379,18.75217496981696],[-98.60552969039539,18.752514749699632],[-98.60583099961399,18.75275045961828],[-98.60651662964663,18.752934750418877],[-98.60679940019158,18.752988969702866],[-98.60720237986453,18.753066780060223],[-98.6079704800373,18.75319899983281],[-98.60849145036696,18.75338292042458],[-98.60906749028804,18.753488620178945],[-98.60953297994142,18.7539336198697],[-98.60958709039274,18.754273279727485],[-98.60964102970908,18.75469130990651],[-98.60969499979726,18.755083219605027],[-98.60991387958079,18.75537097960885],[-98.61018782987414,18.755580509764695],[-98.61035194021046,18.755815920429338],[-98.6104335101669,18.75615566033669],[-98.61049594009991,18.756265170230787],[-98.61059748984887,18.756443309879035],[-98.61081680042348,18.756548250444055],[-98.61106323013858,18.756783829775095],[-98.61114467965649,18.757175799891453],[-98.61128062984767,18.757724580385148],[-98.61186383047873,18.75894817976031],[-98.61251427963602,18.758354650141058],[-98.6128886299086,18.758013029922413],[-98.61310374019594,18.757816720293444],[-98.6133862693244,18.757558904301213],[-98.61305817408488,18.757533268507547],[-98.61139495307282,18.75570196493556],[-98.6110743132235,18.751011945032978],[-98.60856419201042,18.750311927303642],[-98.60489449868186,18.748763282850504],[-98.60045393885164,18.747262621461612],[-98.59695190159394,18.74583392974874],[-98.59334556415095,18.74440143750427]]],[[[-98.58938872916653,18.74256370527123],[-98.58939047986678,18.742565480254516],[-98.59031458999054,18.74272366390132],[-98.59003915880129,18.74255291839302],[-98.58938872916653,18.74256370527123]]],[[[-98.5810565853277,18.7683889782958],[-98.5811245997704,18.768367570287356],[-98.58159922031741,18.768195059595037],[-98.5818545503658,18.768195649753764],[-98.58199685041826,18.767952820024536],[-98.58196570953815,18.76787234988937],[-98.5818564295778,18.767431919848587],[-98.58185770977086,18.766911200351107],[-98.58204136972958,18.76639088975604],[-98.58211526043283,18.766009199653745],[-98.58215260010043,18.765662119609452],[-98.58218942040898,18.76552334986133],[-98.58220366025266,18.765083660333254],[-98.58230167962236,18.7647447399055],[-98.5823040296974,18.763789000423],[-98.58224017029276,18.763418889827925],[-98.58207925045889,18.762986890405752],[-98.58185287979853,18.762832230424806],[-98.58139991031373,18.76261542027544],[-98.58127115007582,18.762275980246525],[-98.58114234009238,18.761967379554275],[-98.58107825026741,18.761689769918465],[-98.58107893967875,18.761412289683257],[-98.58114462986238,18.761042479724413],[-98.58127526032597,18.760611140178813],[-98.58127618144059,18.76024388602349],[-98.5798881796485,18.759749042441477],[-98.57859325351883,18.760639701191558],[-98.57755035865738,18.763175747494202],[-98.58109093078896,18.76825942688371],[-98.5810565853277,18.7683889782958]]],[[[-98.58033022847253,18.77112875233377],[-98.58060774970075,18.77086587967373],[-98.58046648989827,18.770614789999556],[-98.58033022847253,18.77112875233377]]],[[[-98.57711072729253,18.781319155082716],[-98.5772077702611,18.781146980090142],[-98.57755605979891,18.780433309844316],[-98.57756526002795,18.78039294041534],[-98.57773122995265,18.779664289887492],[-98.57796366030698,18.77908774958447],[-98.57810900024823,18.778703370153387],[-98.57854390967283,18.777989889620535],[-98.57897832018521,18.777468769592357],[-98.57921054987291,18.776974660073346],[-98.57961569003788,18.776618339565164],[-98.5801075796652,18.776207260178804],[-98.58023520012091,18.775931430130562],[-98.5803108003754,18.775768049641663],[-98.58041711978117,18.774198059603048],[-98.58038185998912,18.773711979901716],[-98.58038253966455,18.773434259577414],[-98.58034692013055,18.773087030450345],[-98.5801651395647,18.772843630111822],[-98.580202909783,18.772323000418666],[-98.58016729009069,18.771975769925472],[-98.5801425223227,18.771659696730335],[-98.57856432656382,18.772201982326962],[-98.5788528354765,18.775164671793593],[-98.57840512491084,18.77657350677993],[-98.57662448697208,18.778120525356005],[-98.57632430056826,18.779812111208955],[-98.57711072729253,18.781319155082716]]],[[[-98.57479644798784,18.804814687703697],[-98.57489010961712,18.80499400022086],[-98.57498188043428,18.805125659864068],[-98.57518888005251,18.80521374959799],[-98.57541944984209,18.805082830115822],[-98.57548902026397,18.80488581985082],[-98.57548989006858,18.804535310033366],[-98.57555962976647,18.80427256962275],[-98.57558314954018,18.804075450355633],[-98.57567568033194,18.80390040021664],[-98.57579117960135,18.8037473101542],[-98.57592976974811,18.80357235022639],[-98.57599955037851,18.80328771043057],[-98.57590845013554,18.80289316991261],[-98.5757480496981,18.802586089733214],[-98.57551852002842,18.802300770296437],[-98.57538968999143,18.80210086019424],[-98.5753087098027,18.8019751799196],[-98.57530909046166,18.801819520163566],[-98.57535074980476,18.80150831959254],[-98.5754738899273,18.80133349007983],[-98.57555645995905,18.801022369814515],[-98.57557812027254,18.8005359995815],[-98.575497850163,18.799932660348453],[-98.5754373404084,18.799601769649517],[-98.57540315568862,18.79906285631937],[-98.5747932154441,18.79969105619225],[-98.5752257054101,18.804345205735892],[-98.57479644798784,18.804814687703697]]]]},"properties":{"N_CS_G1":"Eutrico","N_CP_G1":"Lítico","N_G2":"PHAEOZEM","TEXTURA":"GRUESA","F_SUPERF":"N"}},
{"type":"Feature","geometry":{"type":"Polygon","coordinates":[[[-98.52743310497857,18.724883376225065],[-98.52705149005679,18.72473289019783],[-98.52667448044464,18.724983050350446],[-98.52639037984184,18.724907340006645],[-98.52623788044839,18.72477697982058],[-98.525765500423,18.724461136160716],[-98.52575725007925,18.724455619603578],[-98.52556315164126,18.723856363848647],[-98.5255598499464,18.72384616968096],[-98.52464916035257,18.72383292015627],[-98.52464502978385,18.723832860083668],[-98.5242805249094,18.72317476975353],[-98.52427347957348,18.723162049715572],[-98.52409272012025,18.723321854452205],[-98.5240907795965,18.723323569903812],[-98.5240354502978,18.723239019556864],[-98.5238092602651,18.722791349609533],[-98.52381909033666,18.722740709937998],[-98.5238071496487,18.722705849892254],[-98.5234189698298,18.721993370225213],[-98.52329576958327,18.721604910425317],[-98.52316104959112,18.72112345003665],[-98.52319819992374,18.72070455011369],[-98.52310745125509,18.72045537532886],[-98.52310648038745,18.720452709784695],[-98.52299763722544,18.720358683949478],[-98.52298791999195,18.720350290145213],[-98.52297974985315,18.72015332030426],[-98.52294445032648,18.719922919773722],[-98.52283555008223,18.71957096964363],[-98.52276459960518,18.719476200248685],[-98.52265818799694,18.719120482917],[-98.52265681998878,18.719115910302147],[-98.52259394003741,18.719073259605516],[-98.52222283524044,18.718784242795383],[-98.52221947968565,18.71878162989398],[-98.52209987525747,18.71863907176057],[-98.52209312016235,18.718631019826407],[-98.52161981997513,18.71828268036494],[-98.52127045728326,18.718042903407486],[-98.52126818023639,18.718041340424712],[-98.52109595029819,18.71784142965648],[-98.5207623715319,18.717395087417657],[-98.52075898045871,18.717390550420703],[-98.52037828962037,18.717048629643152],[-98.52023991958852,18.71699254999352],[-98.520048020224,18.71692006013349],[-98.51973760401658,18.716760565034033],[-98.51973049007809,18.71675690987988],[-98.51965054986425,18.716559090375654],[-98.51966575753931,18.716182292698786],[-98.51966586032634,18.716179749767903],[-98.51949838136326,18.716048680702187],[-98.51949212024064,18.716043780306112],[-98.51944323037742,18.715969219564627],[-98.51944368012343,18.71587788956108],[-98.51947414972128,18.715789050356623],[-98.51967231955263,18.71573941971838],[-98.51979172016192,18.71560616970142],[-98.51988468952457,18.715427430052177],[-98.51992282969289,18.715259150231986],[-98.51978737041216,18.714890660045988],[-98.51976660035999,18.714644719567595],[-98.51985728038316,18.7145954198359],[-98.51990185978929,18.714592740118213],[-98.52031432012889,18.713485939569868],[-98.5206214299883,18.712821310245747],[-98.52079141955241,18.712683910025692],[-98.52098823026185,18.71224834960759],[-98.5210788202184,18.711478139939953],[-98.52110041315574,18.71137930485623],[-98.52110397986424,18.71136298009889],[-98.52044992036492,18.711658459694675],[-98.52037123001344,18.71207779970773],[-98.5200037803692,18.712501449607508],[-98.51965245988174,18.712864489839575],[-98.51907714034917,18.71359091041878],[-98.51832904998095,18.714485149919966],[-98.51785841977438,18.715008250171426],[-98.51787041877958,18.715016089484198],[-98.51797577970542,18.715084919939674],[-98.5179738921876,18.715087577313277],[-98.51760362008393,18.715608749936607],[-98.51686596999954,18.71608596970369],[-98.51639099998516,18.716259690124616],[-98.5163399101414,18.71690612020625],[-98.51589003015016,18.717651909623683],[-98.51564081991592,18.718073319907067],[-98.51554904967718,18.718061030105513],[-98.51539214022853,18.718008519781353],[-98.51512162998175,18.71835274984167],[-98.51496974979212,18.71948507989807],[-98.51498013718617,18.719490948948565],[-98.51518255023572,18.719605309627962],[-98.51518099732736,18.719609188085027],[-98.51501225034573,18.720030570211318],[-98.51486021815394,18.720224709994792],[-98.51462876972526,18.720520260431858],[-98.51460457811257,18.720744079960923],[-98.5145963621609,18.72082009009068],[-98.51457825955607,18.720987570010514],[-98.51500768893281,18.721486889789258],[-98.51493460548714,18.721649782586333],[-98.51464725883396,18.722290230377897],[-98.51487593806256,18.723128136130892],[-98.51482893857538,18.723451820963504],[-98.5143604201952,18.723801341183467],[-98.51422625023372,18.723750540441124],[-98.51401113988108,18.723632420349173],[-98.51355423801529,18.723440066951536],[-98.51354319957913,18.72343541959553],[-98.5138933019706,18.721847124694634],[-98.51389457020333,18.72184136980851],[-98.5138904806626,18.721839693683023],[-98.51317643780493,18.723904613114556],[-98.51286375602552,18.72625354106927],[-98.51034571946815,18.729173967350675],[-98.50877373328932,18.733351926349833],[-98.5050431303118,18.73604314414585],[-98.5055845180998,18.738852968627235],[-98.5053330378823,18.74131274925338],[-98.50371489251634,18.745781991098053],[-98.5027458568426,18.749672290972438],[-98.50189127004334,18.752941564769408],[-98.50231846587418,18.755061983617136],[-98.50327223694914,18.757581452506844],[-98.50340181193967,18.762110680848707],[-98.50405830290858,18.765721751138855],[-98.50291367823087,18.76939128705002],[-98.49876279123701,18.769730373867514],[-98.49858738178368,18.773279348292586],[-98.49773267541701,18.776319266830527],[-98.49719109995539,18.778949951834303],[-98.49628304990789,18.782159168312806],[-98.49778629294163,18.78400007812711],[-98.4995256904131,18.78880813860642],[-98.4994647903737,18.791739481183416],[-98.49922808327076,18.796947774226933],[-98.49843412169604,18.79946707014612],[-98.4997542063553,18.801526627437696],[-98.50168461667495,18.803597976967076],[-98.5028213890955,18.807098485687114],[-98.50305766967593,18.81144609937019],[-98.5040116375081,18.81460720952259],[-98.50492693964812,18.817816787268747],[-98.50401111174922,18.82182581374395],[-98.50410650731911,18.823165470632027],[-98.50494652002632,18.82327383028954],[-98.50681026018462,18.82351821963214],[-98.50687073995717,18.823528879763224],[-98.50866745965317,18.823740879731837],[-98.50873914004825,18.823710849769977],[-98.50915342722917,18.82377569351093],[-98.50960417219785,18.82228686318704],[-98.51015315574622,18.819136522680033],[-98.51045093823674,18.81546699775247],[-98.50985565324116,18.811917126477148],[-98.50979501158105,18.808707563305294],[-98.51245764174209,18.807277610930697],[-98.51467816580754,18.804468263830863],[-98.51624203855472,18.802068385312634],[-98.51798215320065,18.79920804025325],[-98.51882887370013,18.795766976657713],[-98.5190120965168,18.79266874602146],[-98.51600589001562,18.79363925734316],[-98.51323626711194,18.794209303672737],[-98.51047442851484,18.79168740541695],[-98.51005483524791,18.787909793418656],[-98.51174869728956,18.785440248175743],[-98.51167262973325,18.783038354905546],[-98.50873497007878,18.78291879483853],[-98.5077736567423,18.781080532303736],[-98.5086280294417,18.77850938237118],[-98.50868182781012,18.776329245871537],[-98.50855168795098,18.773979172528666],[-98.50898684920381,18.771169679477843],[-98.51000155314972,18.76911068606583],[-98.51162528199944,18.77092921170361],[-98.51192407447418,18.770344819752207],[-98.51263125257351,18.769008000452974],[-98.51268021487361,18.767250347579814],[-98.51383806477433,18.76590905146641],[-98.51387019410251,18.76587185605179],[-98.51453056521069,18.765539191746758],[-98.5166384080875,18.76583725558396],[-98.51747070947064,18.76676010071648],[-98.5180688892527,18.767852918946947],[-98.5187381767152,18.765850594682664],[-98.51924578597888,18.764185625887908],[-98.51926673349976,18.764117899626175],[-98.51933255524284,18.764118068737144],[-98.51999313795537,18.764122029704566],[-98.52020779880527,18.764122583063678],[-98.52039628727876,18.763943448168764],[-98.52059459549164,18.76385584369727],[-98.52089513585648,18.763475913456286],[-98.52109618767973,18.76304828084918],[-98.52144618322657,18.76300173270681],[-98.52179617851188,18.762955184658686],[-98.52205433476217,18.762882416727418],[-98.52186642192834,18.762650350439735],[-98.5207825925371,18.760301220203996],[-98.52098286543692,18.758685161049634],[-98.51927865699936,18.75598083729355],[-98.51940146185757,18.75554283741212],[-98.51982141140148,18.754038053180928],[-98.52101188158522,18.750970637598314],[-98.52142560307607,18.74977084738956],[-98.5222894908483,18.747267424866177],[-98.5228572100193,18.746118859775528],[-98.52062077134808,18.745460170631052],[-98.51896572406174,18.74448551359053],[-98.51776933783557,18.743815912917487],[-98.51751072061971,18.743644662041525],[-98.51729763409058,18.74372431844171],[-98.51523978635676,18.74366137016152],[-98.51432265396535,18.743002639972044],[-98.51438709263698,18.74059432397601],[-98.51462959794485,18.736053629149005],[-98.51561248859727,18.734030659441576],[-98.51762936033495,18.73179232823728],[-98.51780348065297,18.73102685222855],[-98.51850188274864,18.727908466039658],[-98.51942424306425,18.726706598138723],[-98.5209742273404,18.727039318587234],[-98.52280773731427,18.728795025796373],[-98.5228590626016,18.73098448647279],[-98.52210848328656,18.732241035512125],[-98.5223910742795,18.733993900074868],[-98.52284916714116,18.734487614323985],[-98.52365126840344,18.735146009127934],[-98.5247416967534,18.735531751623],[-98.52594484540055,18.73673905560504],[-98.52697624606714,18.73767140291256],[-98.52708071418675,18.737841120292806],[-98.52708621824496,18.737781261240922],[-98.527123501749,18.73738257703438],[-98.52729941266767,18.734693242944722],[-98.5285660507671,18.732913802807747],[-98.52959574819367,18.730623137850458],[-98.5304618015441,18.73004620856183],[-98.52993606019255,18.729799339861046],[-98.529194830153,18.72955868961222],[-98.5286569496588,18.72937247959741],[-98.52756448071638,18.728903393336164],[-98.52755425035248,18.728899000162897],[-98.5275682797636,18.728708380238732],[-98.52751337007965,18.728411819586608],[-98.52749918010971,18.72817471978156],[-98.5277215199758,18.727679150323205],[-98.52784328984076,18.727121489955003],[-98.52840201983872,18.726451569973026],[-98.52881609039986,18.726051380383907],[-98.52905106011869,18.725952769605627],[-98.52971144865535,18.725800948395264],[-98.52971692046174,18.725799690072872],[-98.52967419848491,18.72577442056982],[-98.52966450975435,18.725768689956368],[-98.5296584315759,18.725510819823043],[-98.52965817971197,18.725500120165528],[-98.5294151937875,18.72551057316357],[-98.52909181542155,18.725939318874005],[-98.5284906592614,18.725937801369017],[-98.52829870327885,18.725746415005165],[-98.52821788960588,18.72575186017947],[-98.52798599972728,18.725772349669384],[-98.52754239677985,18.72562992399303],[-98.52753384965156,18.725627179633737],[-98.52751587963554,18.72551866018344],[-98.52754474264361,18.72499468462079],[-98.52743310497857,18.724883376225065]]]},"properties":{"N_CS_G1":"N","N_CP_G1":"Háplico","N_G2":"VERTISOL","TEXTURA":"MEDIA","F_SUPERF":"PEDREGOSA"}},
{"type":"Feature","geometry":{"type":"Polygon","coordinates":[[[-98.40029009537821,18.792357962626994],[-98.40007708000867,18.79250891994871],[-98.39950297002565,18.792549090238396],[-98.39875194040484,18.79267272043385],[-98.39808907990336,18.792838650143405],[-98.3973814497566,18.793172480230883],[-98.39711551010282,18.793465709993175],[-98.39676138015761,18.793716650335192],[-98.39627542002968,18.793799090317865],[-98.39574484965495,18.794007460371557],[-98.39521717021354,18.794399180193313],[-98.39498617006606,18.794331319802563],[-98.39486093998318,18.79439065955864],[-98.39469951973665,18.79444220026576],[-98.39444254970077,18.794255969942206],[-98.39434008032167,18.794004179588196],[-98.39417504968033,18.79391711990431],[-98.39387042955579,18.79388211997207],[-98.39329553999355,18.793889139656372],[-98.39319580001712,18.793533519729177],[-98.39307060034803,18.793315830330254],[-98.39277982018918,18.793319969866154],[-98.39254751996585,18.793289450262975],[-98.39244285017803,18.793120719651384],[-98.39238478001124,18.79256526011442],[-98.39246350992879,18.792338600439333],[-98.39236524970151,18.79192763005899],[-98.3923480498781,18.79147703018343],[-98.39240242013781,18.79134674970529],[-98.39238631016279,18.79129210970412],[-98.39223406006039,18.79145600026566],[-98.39192997998683,18.791576050203133],[-98.39150482040586,18.791615679803133],[-98.39102679955072,18.79147480001328],[-98.39057524960334,18.79119074994622],[-98.39020546018371,18.791121260089344],[-98.39002554980435,18.791266369776828],[-98.38997826019107,18.79163285991375],[-98.39007338010644,18.792317710103084],[-98.38993848039617,18.79258261972368],[-98.38932801993066,18.793096110013305],[-98.38889922015925,18.79382351015731],[-98.3870608500293,18.79636364982154],[-98.38675002960076,18.79673073984129],[-98.38643987979023,18.79691376987897],[-98.38616869032445,18.797023319626163],[-98.3857803702593,18.797426949770003],[-98.38542926021124,18.798235650061976],[-98.38519704995682,18.798785999894136],[-98.38506502034032,18.79915860018622],[-98.38484586037693,18.799530919677284],[-98.38432135010677,18.800026570444366],[-98.38392810964103,18.800356859734322],[-98.38349100028654,18.800769909895134],[-98.38348949000012,18.801184380371478],[-98.38357495007197,18.801640600135794],[-98.38357359991217,18.802013629898497],[-98.3833975400699,18.80251042995731],[-98.3829599796179,18.80304781975241],[-98.38191150954398,18.803873309609898],[-98.3807335697654,18.804366779551255],[-98.37981834026483,18.804488090024265],[-98.37955805030269,18.80419708990818],[-98.37938425982486,18.804072169728567],[-98.37921016986556,18.80403013973297],[-98.37873099968222,18.804028540396544],[-98.37829479981099,18.804192879956112],[-98.3780754803677,18.804606630429646],[-98.37798621979944,18.80518661989667],[-98.37811583000389,18.805477180203834],[-98.37824529018116,18.805809200269014],[-98.37807028969212,18.80601586031627],[-98.37759082027388,18.806097149949554],[-98.37698097014794,18.80609511982987],[-98.37650102977999,18.806300769551516],[-98.37619517972692,18.806548429873263],[-98.37609325959328,18.80649514032901],[-98.376017170344,18.806723980088517],[-98.37547322032317,18.80711361987391],[-98.37486304953823,18.807316169613507],[-98.37391515025337,18.807158889965354],[-98.3734675098253,18.807283150243215],[-98.3731281500525,18.807280859879874],[-98.37293706020598,18.807211379555376],[-98.37282977982487,18.807067889963363],[-98.37293132016877,18.806729780363472],[-98.372705180115,18.806612550136574],[-98.37223474023104,18.806665799814066],[-98.37202515027657,18.806889740317423],[-98.37182750964317,18.80757414969264],[-98.37174070959138,18.808053519626274],[-98.37201857020804,18.80851230957454],[-98.37208141952813,18.80870171004643],[-98.3719285099424,18.80911489032493],[-98.37174620018394,18.809235599973427],[-98.37151425997106,18.809370920038013],[-98.37160762959664,18.809572799540394],[-98.37201613983788,18.809983449955308],[-98.37205323029876,18.81021331976951],[-98.37218163006332,18.81048125028915],[-98.37206811990004,18.81057245954552],[-98.37151576968698,18.81068831988562],[-98.37125285033886,18.810828769876103],[-98.37114425989922,18.810967059688384],[-98.37111608964968,18.81135067979809],[-98.37101350982326,18.811494980175052],[-98.37064743009222,18.81156836962533],[-98.37014578015336,18.81178656959773],[-98.36987892041434,18.8120737097848],[-98.36965370985565,18.812420549752378],[-98.36957064952699,18.812759110050607],[-98.3692604595338,18.81304202973976],[-98.36867431010053,18.81326862967396],[-98.36809144955389,18.813301889624984],[-98.367718030007,18.813187199684226],[-98.36749489002179,18.81322292010604],[-98.3672665500949,18.813223279744793],[-98.36693074977882,18.813086000012],[-98.36654396979557,18.81297014980568],[-98.36618311973986,18.812615029981547],[-98.365939349877,18.812231480434203],[-98.36588305973605,18.811795629863816],[-98.36597137037388,18.811492449765453],[-98.36622234999334,18.811105119620628],[-98.36661275004838,18.81086545038826],[-98.36678090990831,18.810575920272324],[-98.36684025018198,18.810201579579026],[-98.36681993971793,18.809793539933146],[-98.36670101990634,18.809351120172785],[-98.36626123016924,18.809162599727575],[-98.36592484975424,18.809048779602897],[-98.36541555035792,18.808996350450894],[-98.36489260009637,18.80887708968537],[-98.36422262993848,18.808931380340866],[-98.36351182011572,18.8089729204465],[-98.36272160014958,18.808983199654815],[-98.36169553966333,18.808988709801266],[-98.3613475104224,18.808941649778046],[-98.36126956978009,18.808931110350308],[-98.3607383801882,18.8089476496788],[-98.3603701203983,18.809103139612564],[-98.35984819965287,18.80946628958331],[-98.35969160018989,18.80973268021946],[-98.35962047997367,18.809854249797045],[-98.3593132002732,18.809805719665995],[-98.35918945978696,18.809585489737305],[-98.35904699977235,18.809141680088366],[-98.35909149007338,18.80860011998803],[-98.359099479758,18.808300860122284],[-98.35903647987483,18.808117319551954],[-98.3588843200993,18.808037320098197],[-98.35875972025138,18.80808128031771],[-98.35850451008622,18.80816318036268],[-98.35828063043591,18.80822822986682],[-98.35807522001276,18.80829371038659],[-98.35778236998655,18.808398179651967],[-98.35742688038334,18.808602370132235],[-98.35705974005423,18.808769680153674],[-98.3567450600709,18.80885015026007],[-98.35623889015181,18.80887828961381],[-98.35598694001366,18.809012879939775],[-98.35551934019726,18.80947508043863],[-98.3552111396339,18.809411819616003],[-98.35480691976548,18.808361690127995],[-98.35459430975885,18.80792674954106],[-98.35435963030012,18.807612740322128],[-98.35413004956857,18.807541120269974],[-98.3538965495863,18.807616219896797],[-98.35337940009191,18.807857510353053],[-98.35312091037866,18.80800173974516],[-98.35270837006262,18.80813490980174],[-98.35238015017293,18.808113020417107],[-98.35205785042281,18.808046480095808],[-98.35197377018898,18.80830505981087],[-98.35190683025274,18.808619399905705],[-98.35169548008763,18.80873171956039],[-98.35093835012881,18.808878880336156],[-98.35024137023646,18.808972089651725],[-98.3499701498138,18.809120420279204],[-98.34954297963858,18.80934579977286],[-98.34922933959005,18.80949200040116],[-98.34887117005114,18.809652519797005],[-98.34847765011064,18.810050630010295],[-98.34802156958172,18.810496679873754],[-98.34759161959748,18.810523139745055],[-98.34723364967373,18.810635599998783],[-98.3470719196393,18.810767489728242],[-98.34689674036217,18.811069690264564],[-98.3467919697478,18.811377449743397],[-98.34663474999981,18.811573029629333],[-98.34641388023158,18.811817910250866],[-98.34603722987902,18.812340289707876],[-98.34540845025663,18.81303134025312],[-98.34508212000442,18.813092709647027],[-98.34459183009542,18.813027509954043],[-98.3439942900555,18.81289891996596],[-98.34358627959543,18.81292064967864],[-98.3430442200576,18.81285835002254],[-98.34276677040485,18.81288058043394],[-98.34223504997118,18.81302065990901],[-98.34178769018928,18.812925219982926],[-98.34133215046992,18.812891859787396],[-98.34109762986792,18.81278048011707],[-98.34028297020828,18.812733450390084],[-98.33973861998798,18.812601110015162],[-98.3394764198287,18.812582880395365],[-98.33904966031467,18.81295737021869],[-98.33911671022364,18.813146290116403],[-98.33920071997399,18.813414400038834],[-98.33914134953065,18.813603520211597],[-98.3388689698228,18.81384559979802],[-98.33846537002556,18.814256659566162],[-98.3383093199851,18.814496490240234],[-98.33828308998157,18.81457710978147],[-98.33803371005229,18.815175170304865],[-98.33692914011826,18.814569979885796],[-98.33642642959474,18.81516268985954],[-98.33677837991331,18.815513340262537],[-98.33670786042545,18.81639082038707],[-98.33685417023989,18.816721909977698],[-98.33690190968717,18.81690996990019],[-98.3370275198463,18.81711657964293],[-98.33689532008627,18.817879950442176],[-98.33682728978204,18.81822857024538],[-98.33675877017554,18.81870403021653],[-98.33660014024208,18.819041879794767],[-98.33622113961806,18.819242690312453],[-98.33555779955473,18.819598110294475],[-98.3353474497984,18.81984339979055],[-98.33535184959987,18.820312019598884],[-98.33517216970628,18.820679199607298],[-98.33485125963962,18.82092987981918],[-98.33477422964141,18.821347969871407],[-98.33461397023883,18.82161410971015],[-98.33427347961673,18.821759570142564],[-98.33406827985789,18.821890019802776],[-98.33397982981529,18.82209102974443],[-98.33392034024256,18.82244282970682],[-98.33399370980194,18.822850720174927],[-98.3340784804739,18.823229909761288],[-98.33399788007041,18.823483649995236],[-98.33399655013835,18.823729280276012],[-98.33389068008925,18.82394300015518],[-98.33390388047164,18.824040179648577],[-98.33413011047922,18.82416025975127],[-98.33415442005855,18.82432703006097],[-98.33409217038658,18.82448597041256],[-98.33395539963857,18.824673150182107],[-98.33386517034208,18.824892179604554],[-98.33391799959018,18.825083999851685],[-98.33409756963685,18.825409880324575],[-98.33412928994797,18.82557234024299],[-98.33405190995279,18.825728690065894],[-98.3338485202068,18.825869320254174],[-98.33382398036325,18.826039620071768],[-98.33388265957281,18.826332199849897],[-98.3337860198051,18.826462779883578],[-98.33372116999922,18.826707909728363],[-98.33380731009112,18.826955970425676],[-98.33377082979173,18.827327180148387],[-98.33361390997317,18.827495539594718],[-98.33350843035906,18.82772001983416],[-98.33354123012067,18.82797937975735],[-98.33317852027949,18.82832622984965],[-98.33312700026825,18.82828651983444],[-98.33312330991548,18.82925329019349],[-98.33285174003161,18.830504290113996],[-98.33311984990851,18.831866879835186],[-98.33308434030387,18.832235969992112],[-98.33339278021812,18.835009720450095],[-98.3333159798557,18.83505292028154],[-98.33300917045581,18.83527884985195],[-98.33273354974034,18.835370450320678],[-98.33230811041568,18.83554267978385],[-98.33186810985819,18.83570754004841],[-98.33141868013452,18.835782249762342],[-98.3312385398794,18.83581845989368],[-98.33103832020227,18.836010880439286],[-98.33075368011012,18.836237339620446],[-98.33065641957123,18.836358970165076],[-98.33037223028442,18.83682492021646],[-98.32983430980518,18.83707500012241],[-98.32948261998885,18.837491150223173],[-98.32915429031851,18.837380349918007],[-98.32850949041574,18.837650260421253],[-98.32786158014507,18.838684780359955],[-98.32899929037872,18.839456090408397],[-98.3270147698596,18.840827579725794],[-98.32644857024088,18.840241549875767],[-98.32612082026776,18.8400254503543],[-98.32577271964797,18.839750649649783],[-98.32568405011071,18.839586170446424],[-98.32546731020973,18.83940415008196],[-98.32525797964873,18.839267150293754],[-98.32510188996613,18.839150819670312],[-98.32489564998478,18.83906762028863],[-98.32435587988677,18.838787120061614],[-98.32416193967067,18.8385857100155],[-98.32390270954737,18.83847670966806],[-98.32370826036433,18.838398800269363],[-98.32317337995205,18.83822702990412],[-98.32296271986776,18.838149079675905],[-98.32271976990098,18.83802468015243],[-98.32250898040449,18.837977580075304],[-98.32224987996987,18.83783768991322],[-98.321860940172,18.83769731976241],[-98.32161537023723,18.837637290195076],[-98.32142985970503,18.83755510958732],[-98.32117533977843,18.83761100035105],[-98.32090595043317,18.837612199757633],[-98.32070537998709,18.837483059694453],[-98.32054016959405,18.837556679685264],[-98.31795028954426,18.840346879589895],[-98.3165196003023,18.841891660021933],[-98.31637045044513,18.84204740044901],[-98.31620053998503,18.842223349993617],[-98.31616006026856,18.8424555998971],[-98.3160411101219,18.842637109601934],[-98.3159266799476,18.84265057969916],[-98.31576728039079,18.842641249875886],[-98.31558041984815,18.84264064974617],[-98.31541188956719,18.842663150331557],[-98.3152743998717,18.842720649752682],[-98.31508514969245,18.842769249624872],[-98.31488833985536,18.84280245998852],[-98.31467665022029,18.842793489633987],[-98.31438477038694,18.84279394975635],[-98.31423477987802,18.842831980266975],[-98.3140531200959,18.84289599972104],[-98.3138399096508,18.842944019770467],[-98.31370898038816,18.842906579960548],[-98.31355212028308,18.842843249921696],[-98.31342313963796,18.84279551034489],[-98.3133042004547,18.84272890967109],[-98.31314549043768,18.842662170289266],[-98.31297694040559,18.842576479712026],[-98.31279838031178,18.842500219985595],[-98.3126773698575,18.84243563031386],[-98.31251842958694,18.842358879769932],[-98.31240019963809,18.842295139551595],[-98.31230224953192,18.84222047994132],[-98.31215380032174,18.842091339666545],[-98.31194301981574,18.841914780107214],[-98.31182174037427,18.841723460003642],[-98.31159962000443,18.841402290355568],[-98.31148788042596,18.841216450242335],[-98.31128800032978,18.841111659888423],[-98.31104112005518,18.84102154987913],[-98.31094265041295,18.840929110352775],[-98.31085831976847,18.840779950417687],[-98.31071823048212,18.840666479688927],[-98.3105643800715,18.840609659617083],[-98.31042064996636,18.840473489568343],[-98.31030438031769,18.84050096976274],[-98.3101250203893,18.840504150195034],[-98.30993717964357,18.840378280352937],[-98.30972525995467,18.840157569795668],[-98.30953786044888,18.840205600148742],[-98.30933191011974,18.840195770245746],[-98.3088382203431,18.840040140283815],[-98.30879448988816,18.840215149999803],[-98.30871443035758,18.840358149811138],[-98.30859711019055,18.84047002971722],[-98.30827186038003,18.84052245008327],[-98.30807531975918,18.84051160022874],[-98.30787894021043,18.840494689747725],[-98.30768312038599,18.840482970407674],[-98.30761959541958,18.840535007302567],[-98.3074866495424,18.84064391036365],[-98.30757205019694,18.840828000032484],[-98.30768151017162,18.841205509846507],[-98.30772828011482,18.841401779996513],[-98.30780643025025,18.841673600222396],[-98.30786898029267,18.84188501964954],[-98.30782061990239,18.842080940136498],[-98.30783517007559,18.84239774975784],[-98.30792968968312,18.842548950236914],[-98.30799226027943,18.842760370342077],[-98.30795688044567,18.842899890198947],[-98.30783938000366,18.84303728991211],[-98.30768989021679,18.843268310086266],[-98.30781896966492,18.84349857960664],[-98.30790950968111,18.843673749912423],[-98.30792029024975,18.843863280429563],[-98.30815400032985,18.844043369753432],[-98.30830621971151,18.844171519956166],[-98.30861942962206,18.844156969655625],[-98.30904077969375,18.844481549787165],[-98.30938809017489,18.84465512018948],[-98.30967746020352,18.844770680306862],[-98.31007497957464,18.844946399625474],[-98.31027797951822,18.845095260340035],[-98.31043784968597,18.845294479848263],[-98.31054257038576,18.845582740209],[-98.3106706201865,18.84572714965245],[-98.3107903399007,18.84605144990234],[-98.311016980032,18.846716710120436],[-98.3101211097247,18.846682149914486],[-98.31007804997259,18.84675250968547],[-98.31016303010013,18.846865779957533],[-98.3102019696972,18.84699988016608],[-98.31035999985386,18.847167830321297],[-98.31042174977338,18.847304630356472],[-98.31038728954579,18.847503480131266],[-98.31036400001396,18.847579340015205],[-98.31029349000332,18.847672229804914],[-98.31004091988585,18.847770849594472],[-98.30997749046594,18.8478355199605],[-98.30988345996555,18.848042770238877],[-98.30982332040404,18.84840868959625],[-98.30987254021424,18.84843981990408],[-98.309734739899,18.848626850081644],[-98.30967835009106,18.84863373984572],[-98.30963110967865,18.848787429583258],[-98.30961803044632,18.84891691005332],[-98.30964895041285,18.849023339764358],[-98.30983294991994,18.84947872030614],[-98.30988266017351,18.84944751975154],[-98.3099624600197,18.849373259894662],[-98.31003853959942,18.849481999691346],[-98.31030191991022,18.84946951039587],[-98.31051254036149,18.849442710003775],[-98.31070284960379,18.84939425977691],[-98.31084096988141,18.849369050197623],[-98.3109511201629,18.849424849772237],[-98.31107502965702,18.8495919203533],[-98.31116886041445,18.849733550085023],[-98.31140205007854,18.849913429731547],[-98.31179597010001,18.850144279637096],[-98.31205107994805,18.85025325017254],[-98.31243121983073,18.850368249585316],[-98.31300474018667,18.850472719930224],[-98.31338229023959,18.85084680035983],[-98.31389958013533,18.850953739957866],[-98.31416547993858,18.850985850161923],[-98.31446271003097,18.851038950297202],[-98.3149000503292,18.851077140104206],[-98.31537134958724,18.851152600161928],[-98.31574833968595,18.85110685028007],[-98.31616221974765,18.8511215498604],[-98.31639219979954,18.85098971999448],[-98.31665141973384,18.85087649017191],[-98.31686976972641,18.85081768041265],[-98.31703530973145,18.850752999836697],[-98.31722551043573,18.85066602036098],[-98.31748671960335,18.850626579539394],[-98.31774631022994,18.850646680214272],[-98.31795918034638,18.850644150213807],[-98.31808320036293,18.85074271988067],[-98.31828860043596,18.850807310079993],[-98.31846931959137,18.850894180328847],[-98.31882753996403,18.85100831977153],[-98.31909144956035,18.851046859944862],[-98.31926648015396,18.851165689997064],[-98.31930027965565,18.851492679922103],[-98.3193277997912,18.851576370183864],[-98.3193676796756,18.85170564983299],[-98.31944702977329,18.851799219703953],[-98.3194743102434,18.851859449864342],[-98.31950765009826,18.852052709558386],[-98.3195771401965,18.85215522016837],[-98.31971169035715,18.852167659987096],[-98.3198219201885,18.852188679888457],[-98.32001371971576,18.852220179910248],[-98.32026110958404,18.8522042899851],[-98.32042049031884,18.852259419825124],[-98.32058414006204,18.852237800057527],[-98.32071285986615,18.852182689904573],[-98.32085317024966,18.852157920313843],[-98.3210209696507,18.852139850258162],[-98.32112695003042,18.8521402301349],[-98.32146149037595,18.852134149878285],[-98.32177391981047,18.852135289595996],[-98.32195228976948,18.85217839956101],[-98.32204170971386,18.852136259605736],[-98.32200268978781,18.85204165999366],[-98.32191983042091,18.85185580002631],[-98.32190999958164,18.851628649722475],[-98.32191402964527,18.8514789995551],[-98.3218780595756,18.851289290017522],[-98.32186842033731,18.851139309705072],[-98.32184508024258,18.850988970360657],[-98.32182208954818,18.850825629585625],[-98.32182543003101,18.850701999912356],[-98.32181418006432,18.850610570128858],[-98.32187154999892,18.850514309873574],[-98.32197367999852,18.85042509027853],[-98.32203271960532,18.85037174981115],[-98.32213073975295,18.8502965202088],[-98.32226738026957,18.850213119877843],[-98.32237931011879,18.850156509884634],[-98.32266294024434,18.850140599956443],[-98.32277411999277,18.85011136974496],[-98.32294777974954,18.850079080417228],[-98.3230919199338,18.85007346042372],[-98.32323632041823,18.850058740119934],[-98.32340948972077,18.850044690290623],[-98.32358747988052,18.849852720162396],[-98.32374017974882,18.849751419665417],[-98.32405924976877,18.849845940314335],[-98.32421188005476,18.850237720439445],[-98.3242818801673,18.850312480373624],[-98.32444951038941,18.850325709737163],[-98.32460135007825,18.8503100602242],[-98.32480262993104,18.850402799663527],[-98.32508427983247,18.8504598901322],[-98.3253751501724,18.850480309787528],[-98.32562145029522,18.85051469013184],[-98.32628910999739,18.850740619955534],[-98.32649477977846,18.851097819946816],[-98.32674214061608,18.85115589339337],[-98.32961262687235,18.84957597900741],[-98.331840212259,18.847226427163033],[-98.33261876834486,18.844934914296285],[-98.33425153578725,18.84310509112434],[-98.33689119382375,18.843335925640815],[-98.33972218976112,18.842885096123304],[-98.34206431500039,18.842135399607567],[-98.34410933019748,18.840135236417026],[-98.34508568764691,18.837726879476016],[-98.34761156187437,18.835155635373646],[-98.34978572886266,18.834235801276673],[-98.35242568735046,18.833897071283243],[-98.35217373270629,18.836937208033987],[-98.35073201488336,18.839286370372793],[-98.3484427366542,18.842034708654936],[-98.34699344212494,18.84386530407394],[-98.34885465468784,18.844895285134452],[-98.35026154420902,18.844364750888072],[-98.35216629761594,18.843646158745518],[-98.35439403654556,18.84347541676136],[-98.35423231445857,18.84418653334084],[-98.35586713866043,18.842998162217977],[-98.35588123826881,18.839314428494234],[-98.35589416429042,18.835936824321823],[-98.35687460904813,18.8325636930982],[-98.36107205910906,18.83104295212563],[-98.3630210343326,18.827364710985655],[-98.36593218058228,18.824918784599475],[-98.3701270652435,18.824012355030266],[-98.37465486178218,18.820342685609862],[-98.3788467907117,18.820356714206806],[-98.38498538235761,18.81700054752093],[-98.39079995487828,18.81394925013352],[-98.39435632616588,18.81119770486794],[-98.39887778986524,18.809062609854625],[-98.40179465468756,18.804773644605543],[-98.40213146778983,18.80078363707843],[-98.40335941709822,18.79971891381222],[-98.40042548227183,18.79650352206617],[-98.40021756691829,18.792928607186543],[-98.40029009537821,18.792357962626994]]]},"properties":{"N_CS_G1":"Húmico","N_CP_G1":"Réndzico","N_G2":"LEPTOSOL","TEXTURA":"FINA","F_SUPERF":"N"}},
{"type":"Feature","geometry":{"type":"Polygon","coordinates":[[[-98.43814209523396,18.775298544092397],[-98.43795063027937,18.775558850455788],[-98.43788793998804,18.77556355027357],[-98.43781986040074,18.77562276978514],[-98.4377845401731,18.775649819988622],[-98.43772605018341,18.775648429592604],[-98.43765094991397,18.775669430137874],[-98.43760747979064,18.775703890572455],[-98.43752262004693,18.775691769967647],[-98.43744804983548,18.775692520024027],[-98.43733437991675,18.776062970134394],[-98.43721649033597,18.776339889585273],[-98.43703881999825,18.776947779789968],[-98.43694622959592,18.77723342018863],[-98.43688111964696,18.777280509916142],[-98.43682831045163,18.77734818000853],[-98.43670435034616,18.777365489901566],[-98.43654251967041,18.777856219827775],[-98.43642151043102,18.778053850027092],[-98.43621648956282,18.778243549968565],[-98.43611182030779,18.77833837999224],[-98.43606272008243,18.778588550131083],[-98.43604082030463,18.778774490200423],[-98.43599662039901,18.77900045016],[-98.43601537976785,18.779422489592942],[-98.43598407969347,18.779594259723204],[-98.43532541707353,18.779787163383656],[-98.4352841479155,18.780043587243146],[-98.43218952992838,18.781843915850658],[-98.43147156503471,18.783539617882735],[-98.43186579274035,18.783584876168124],[-98.43236257991457,18.783641742863594],[-98.43349013162515,18.783771694808266],[-98.4344319788531,18.783748571805987],[-98.43438962472848,18.783999229984307],[-98.43763997968648,18.784408964596782],[-98.4386873068387,18.785124940775336],[-98.43977143574814,18.787976093027154],[-98.43928510300557,18.791369280296376],[-98.43749293552307,18.79453146435647],[-98.43641338810313,18.79758281963475],[-98.43533683139889,18.79972931384814],[-98.43295231645375,18.802436656292524],[-98.43235551043882,18.803883068671773],[-98.43219620512784,18.803810284428586],[-98.42887660763915,18.808849733102235],[-98.42695387238169,18.807910725587323],[-98.42340599498756,18.81043022139169],[-98.42111691019733,18.81323033020333],[-98.41660014345909,18.819189881182417],[-98.41641718809876,18.82165987349219],[-98.4163560472555,18.824238695676303],[-98.41490621460706,18.826988253516554],[-98.4141124611522,18.829387411419347],[-98.4139459256875,18.829853435736542],[-98.41252537074186,18.829288646766795],[-98.41125526951198,18.83150328188923],[-98.41037661011264,18.832886590058806],[-98.40988195300004,18.835566828525714],[-98.4091872433854,18.836758671693318],[-98.40880765062454,18.837411537116378],[-98.4069587858225,18.83851497614376],[-98.40453027800648,18.83878511514649],[-98.403857635127,18.83976237324066],[-98.40326190669106,18.840629168258015],[-98.40219018673471,18.841550915666613],[-98.4021872318151,18.842382332678238],[-98.40237557542325,18.84413955187718],[-98.4030499300309,18.84552893336372],[-98.4032041410413,18.845539595385237],[-98.40440935981975,18.8456247930288],[-98.40489693402492,18.844980191385968],[-98.40519182450728,18.843963315049738],[-98.4052963083268,18.841930268074194],[-98.40617309872893,18.841101642403167],[-98.40733855914621,18.841012727426893],[-98.40811544382625,18.84092256834401],[-98.40996562436257,18.83944972517576],[-98.4116224875274,18.837605724076077],[-98.41376291199754,18.836410524972028],[-98.41561240078401,18.834937620176465],[-98.41658864254973,18.833460831459476],[-98.41736868829078,18.832446582406458],[-98.41727775692256,18.830782310108635],[-98.41883684941068,18.829030565785658],[-98.41932683122168,18.827830137380595],[-98.42088555659053,18.826171004319853],[-98.42243976609521,18.825991699189604],[-98.42447351890347,18.827476723697274],[-98.42591024385867,18.828700064917435],[-98.42621604460359,18.82896083019619],[-98.4273760640814,18.830444257999634],[-98.42698247490473,18.831921771541868],[-98.42593043579322,18.83251837852161],[-98.42503708907795,18.833025097152067],[-98.42318393426537,18.835423276998824],[-98.42162641403549,18.836713030981393],[-98.42065242898872,18.837541429460117],[-98.4202590792345,18.83892742447256],[-98.41986727408293,18.84003552732618],[-98.41889421843584,18.840587153063307],[-98.41714491723968,18.841043709914285],[-98.41597592833705,18.842149367363298],[-98.41442091920887,18.842513876189443],[-98.41315616896597,18.843342447996935],[-98.41208513488718,18.84407786158725],[-98.41169488066949,18.844723920666688],[-98.41266125387918,18.845928928769805],[-98.41372520738737,18.847226871906468],[-98.4140129585525,18.848244470180358],[-98.413330490777,18.848981113638548],[-98.4125002876173,18.84903949363393],[-98.41305626110618,18.849869287872323],[-98.41399961117892,18.85037157039984],[-98.41423777202489,18.851490680424625],[-98.41703420998705,18.851927608097625],[-98.42003246972749,18.854746440764],[-98.42298475254393,18.855606259059183],[-98.42424361018897,18.857896587422037],[-98.42806651898132,18.86132560242715],[-98.42898950093699,18.86610575799211],[-98.43053788618663,18.868975319492638],[-98.43191880464614,18.871725741027245],[-98.43294863787101,18.873905734811697],[-98.43432229317804,18.87654541143013],[-98.43569574060078,18.878553599634184],[-98.43893776763224,18.882173803508582],[-98.44124482610259,18.884513500914835],[-98.44359585036563,18.88399414157406],[-98.44436975600206,18.88235055024119],[-98.44591389646666,18.880160241039196],[-98.44803355922376,18.878337638905638],[-98.45111325048006,18.876700855087062],[-98.45303340742669,18.87707253044288],[-98.45552796558087,18.87799375572624],[-98.45744992414042,18.877816376691218],[-98.45918197959523,18.876907535072707],[-98.46206401235956,18.876915907184383],[-98.46398478356598,18.877104466618064],[-98.4661030523564,18.875647659518556],[-98.46592186022977,18.872172301805108],[-98.4688096041213,18.870351662288336],[-98.47054441086495,18.86852769429239],[-98.4732363591489,18.86780332711646],[-98.4717116807688,18.863958144080144],[-98.46903135705057,18.861024677312937],[-98.46923746889671,18.85663539550041],[-98.46598178166735,18.853334230963917],[-98.46215073036487,18.84984834053533],[-98.46023790855484,18.84728185103062],[-98.45775675347245,18.84233687325561],[-98.45661529014173,18.838858696669462],[-98.45893122714861,18.83557360778816],[-98.46219871827859,18.83485106131264],[-98.46508934369488,18.831933563293063],[-98.46682494517172,18.829743605304465],[-98.46684117610519,18.82462287361782],[-98.46627388544579,18.821878416853544],[-98.4637882446228,18.8183964161386],[-98.46302999930882,18.815101251378415],[-98.46496053544938,18.811997964254992],[-98.46668087460304,18.81474686391593],[-98.46840183459328,18.81712860796307],[-98.47243249303231,18.817872100876006],[-98.47588780985701,18.818613888711745],[-98.47877055856137,18.81807296574203],[-98.48088736014462,18.816615960517144],[-98.48109026096006,18.813141661561904],[-98.47976200101535,18.80801603052286],[-98.479192823549,18.805637612789482],[-98.4813173818161,18.8018026610551],[-98.48420990979838,18.797969810422188],[-98.48479867975867,18.793764539517515],[-98.48230743002595,18.79211170020432],[-98.48116408024792,18.78918266718507],[-98.4823270928119,18.785711027597102],[-98.48284416184738,18.782452225072234],[-98.48190067905985,18.783009922991425],[-98.48122430696836,18.78291088933948],[-98.479489807849,18.782658655741347],[-98.47782659795874,18.781219318372735],[-98.4733631567633,18.780130182683905],[-98.46945651516647,18.779269591326145],[-98.46855610733317,18.77668911391676],[-98.46669465568486,18.774789338376447],[-98.46471065820815,18.77507962742008],[-98.46181945511042,18.773469430505497],[-98.45881329109378,18.77369909193789],[-98.45586046174168,18.77632828124318],[-98.45397294696794,18.775524845552194],[-98.45400732026744,18.777204080390113],[-98.45382028966604,18.77685625030272],[-98.4537625701291,18.776526709667884],[-98.45348069031037,18.776154030429485],[-98.45332993953821,18.77583491993055],[-98.45310637996478,18.775668429951832],[-98.45295933995821,18.775536909793452],[-98.45287675021997,18.77538862030369],[-98.45276934994396,18.775209250449894],[-98.45268534961615,18.775115800224427],[-98.45254032017513,18.775030079736563],[-98.45236826017624,18.77499857020868],[-98.4522094902442,18.774949090390578],[-98.45209356990382,18.774851850329703],[-98.45201283037488,18.77475543029639],[-98.45184057045313,18.774649109690017],[-98.4516876801331,18.774496110050634],[-98.45151666028129,18.77442500030581],[-98.45130924987079,18.774398769737402],[-98.45122493997417,18.77431751028557],[-98.4510117804321,18.77401977958257],[-98.45074352018601,18.773748199840764],[-98.45059482031401,18.773439779715705],[-98.45041318386244,18.77308791061093],[-98.44948969405283,18.772829067859444],[-98.44732275611626,18.773569371468525],[-98.44491899735938,18.77562839847076],[-98.44221078175272,18.777739577430154],[-98.44005134288102,18.776728830236998],[-98.44107758351815,18.775743448227075],[-98.43964754564651,18.77485554129042],[-98.43957806000704,18.77487776990308],[-98.43945948033932,18.774864679913737],[-98.43931374969135,18.774856059543666],[-98.43923555369128,18.77483401246267],[-98.43814209523396,18.775298544092397]]]},"properties":{"N_CS_G1":"N","N_CP_G1":"Eutrico","N_G2":"REGOSOL","TEXTURA":"GRUESA","F_SUPERF":"PEDREGOSA"}},
{"type":"Feature","geometry":{"type":"Polygon","coordinates":[[[-98.41219885975693,18.799890232582182],[-98.41211070979861,18.80004275020985],[-98.41191276993206,18.80024911007272],[-98.41175377961328,18.80069795027232],[-98.41119641984727,18.80144168044124],[-98.41079577006292,18.80186632021435],[-98.41037915007203,18.802322650340518],[-98.41003148966503,18.802588019593507],[-98.40971225955897,18.802985860208747],[-98.40946005027746,18.80326365992626],[-98.40931666032158,18.80345285034515],[-98.40926717981733,18.80371519990371],[-98.40920626033163,18.80400767965753],[-98.40924881978793,18.804414119884164],[-98.40929757989532,18.80457379967767],[-98.40867876980248,18.803998220330936],[-98.4067269400403,18.801401750090445],[-98.40670531556418,18.801324281229423],[-98.40350357824933,18.799876398222093],[-98.40335941709822,18.79971891381222],[-98.40213146778983,18.80078363707843],[-98.40179465468756,18.804773644605543],[-98.39887778986524,18.809062609854625],[-98.39435632616588,18.81119770486794],[-98.39079995487828,18.81394925013352],[-98.38498538235761,18.81700054752093],[-98.3788467907117,18.820356714206806],[-98.37465486178218,18.820342685609862],[-98.3701270652435,18.824012355030266],[-98.36593218058228,18.824918784599475],[-98.3630210343326,18.827364710985655],[-98.36107205910906,18.83104295212563],[-98.35687460904813,18.8325636930982],[-98.35589416429042,18.835936824321823],[-98.35588123826881,18.839314428494234],[-98.35586713866043,18.842998162217977],[-98.35423231445857,18.84418653334084],[-98.35378332667264,18.84616637593742],[-98.35084620420037,18.84828440544203],[-98.34915227715587,18.849545950457667],[-98.34770269510959,18.85143528972726],[-98.3473897314032,18.85533598597381],[-98.34758042895105,18.857565444144985],[-98.34637450467474,18.859634108071788],[-98.34323878692577,18.86071429590317],[-98.34006453105489,18.8611729891543],[-98.3374706781656,18.861743273138664],[-98.33308338197392,18.8604736881642],[-98.33150561343767,18.860624746344072],[-98.33151452009889,18.860798309903117],[-98.33152017987308,18.86112142970121],[-98.331549880026,18.861440579583007],[-98.33157738021805,18.861805950113244],[-98.33173754032896,18.862063510376448],[-98.33178992048046,18.86224896967482],[-98.3318065503628,18.862518509733114],[-98.3318061200578,18.862625649917362],[-98.3317056895649,18.863152400338574],[-98.33158657014539,18.86354001995508],[-98.33163014015607,18.863939340337023],[-98.33179747988248,18.86430534002956],[-98.33171717970889,18.8645129095998],[-98.3317214219293,18.86454806141669],[-98.33241184667835,18.864483765514656],[-98.33494503988702,18.86426352577912],[-98.33618062335094,18.864493869197087],[-98.33800495436299,18.864833618515316],[-98.34172776838611,18.864614129640145],[-98.34492458913626,18.865993418180633],[-98.34287242354837,18.86989360981282],[-98.33991926325163,18.871724463252264],[-98.33792817914384,18.872122923478674],[-98.33509743993099,18.872233690415698],[-98.33167941728621,18.873204219686848],[-98.33060362602149,18.875893409520412],[-98.33317442236721,18.87790324419654],[-98.33534166097932,18.87934339165598],[-98.3377446976924,18.879682956214157],[-98.34159041053837,18.880891783228225],[-98.34471069832078,18.883713361877145],[-98.34514140164829,18.88313085613029],[-98.3464042657628,18.881422766290207],[-98.34833506759338,18.879303562131323],[-98.35169970889393,18.876492354672816],[-98.35385884092783,18.874833650087602],[-98.35597242535901,18.872663032886802],[-98.35778091167109,18.87128434619153],[-98.35916955699501,18.86905470118237],[-98.36085598717904,18.8652739356501],[-98.3636865326362,18.863615157414394],[-98.36488393575682,18.865794951650262],[-98.36722657514495,18.869693444123754],[-98.36969103237874,18.87009380545337],[-98.37510056627659,18.86723485953727],[-98.37828940704917,18.86701397542675],[-98.3803422496962,18.863344952071795],[-98.38328715286455,18.864094665600977],[-98.38434764155977,18.863552560087367],[-98.38608959417694,18.863406948086805],[-98.3875465366938,18.863319122372875],[-98.38987978657869,18.862588003885495],[-98.3905973503396,18.861705840692427],[-98.39085540748894,18.86138925397521],[-98.3918323509641,18.85982110817601],[-98.3925143644261,18.859083415628877],[-98.39397126779613,18.858995539405758],[-98.39484454231014,18.859183646190623],[-98.39522916706679,18.86029421646605],[-98.39590677531535,18.860943710267247],[-98.3968771047214,18.861039492221888],[-98.39717041159017,18.860485784248013],[-98.39717472342353,18.859283847963244],[-98.39737297480119,18.858267804205123],[-98.398538557266,18.858178946470883],[-98.39941150547781,18.858458533903843],[-98.40028346605052,18.85901600825331],[-98.40125279734116,18.8593896592699],[-98.40238844112288,18.859212568415092],[-98.40291851326195,18.85847660823699],[-98.40355115407415,18.85792736796394],[-98.40455098772398,18.857730624086408],[-98.4051276868845,18.85823290712038],[-98.40559984425977,18.858434366174617],[-98.406337725741,18.857987121748074],[-98.40669871050844,18.857243832458586],[-98.40670086408618,18.856633825240475],[-98.40680246839307,18.855246934602803],[-98.40613457571622,18.852009471531698],[-98.40643012190692,18.850808462203688],[-98.40740398499688,18.849887510785386],[-98.40944437833966,18.849523474390896],[-98.4120676795477,18.849069756845893],[-98.4125002876173,18.84903949363393],[-98.413330490777,18.848981113638548],[-98.4140129585525,18.848244470180358],[-98.41372520738737,18.847226871906468],[-98.41266125387918,18.845928928769805],[-98.41169488066949,18.844723920666688],[-98.41208513488718,18.84407786158725],[-98.41315616896597,18.843342447996935],[-98.41442091920887,18.842513876189443],[-98.41597592833705,18.842149367363298],[-98.41714491723968,18.841043709914285],[-98.41889421843584,18.840587153063307],[-98.41986727408293,18.84003552732618],[-98.4202590792345,18.83892742447256],[-98.42065242898872,18.837541429460117],[-98.42162641403549,18.836713030981393],[-98.42318393426537,18.835423276998824],[-98.42503708907795,18.833025097152067],[-98.42593043579322,18.83251837852161],[-98.42698247490473,18.831921771541868],[-98.4273760640814,18.830444257999634],[-98.42621604460359,18.82896083019619],[-98.42591024385867,18.828700064917435],[-98.42447351890347,18.827476723697274],[-98.42243976609521,18.825991699189604],[-98.42088555659053,18.826171004319853],[-98.41932683122168,18.827830137380595],[-98.41883684941068,18.829030565785658],[-98.41727775692256,18.830782310108635],[-98.41736868829078,18.832446582406458],[-98.41658864254973,18.833460831459476],[-98.41561240078401,18.834937620176465],[-98.41376291199754,18.836410524972028],[-98.4116224875274,18.837605724076077],[-98.40996562436257,18.83944972517576],[-98.40811544382625,18.84092256834401],[-98.40733855914621,18.841012727426893],[-98.40617309872893,18.841101642403167],[-98.4052963083268,18.841930268074194],[-98.40519182450728,18.843963315049738],[-98.40489693402492,18.844980191385968],[-98.40440935981975,18.8456247930288],[-98.4032041410413,18.845539595385237],[-98.4030499300309,18.84552893336372],[-98.40237557542325,18.84413955187718],[-98.4021872318151,18.842382332678238],[-98.40219018673471,18.841550915666613],[-98.40326190669106,18.840629168258015],[-98.403857635127,18.83976237324066],[-98.40453027800648,18.83878511514649],[-98.4069587858225,18.83851497614376],[-98.40880765062454,18.837411537116378],[-98.4091872433854,18.836758671693318],[-98.40988195300004,18.835566828525714],[-98.41037661011264,18.832886590058806],[-98.41125526951198,18.83150328188923],[-98.41252537074186,18.829288646766795],[-98.4139459256875,18.829853435736542],[-98.4141124611522,18.829387411419347],[-98.41490621460706,18.826988253516554],[-98.4163560472555,18.824238695676303],[-98.41641718809876,18.82165987349219],[-98.41660014345909,18.819189881182417],[-98.42111691019733,18.81323033020333],[-98.42340599498756,18.81043022139169],[-98.42695387238169,18.807910725587323],[-98.42887660763915,18.808849733102235],[-98.43219620512784,18.803810284428586],[-98.43235551043882,18.803883068671773],[-98.43295231645375,18.802436656292524],[-98.43533683139889,18.79972931384814],[-98.43641338810313,18.79758281963475],[-98.43749293552307,18.79453146435647],[-98.43928510300557,18.791369280296376],[-98.43977143574814,18.787976093027154],[-98.4386873068387,18.785124940775336],[-98.43763997968648,18.784408964596782],[-98.43438962472848,18.783999229984307],[-98.4344319788531,18.783748571805987],[-98.43349013162515,18.783771694808266],[-98.43236257991457,18.783641742863594],[-98.43186579274035,18.783584876168124],[-98.42981948462905,18.78524488738112],[-98.42848095327527,18.789444275599916],[-98.42516484183278,18.790906032559462],[-98.4218427832043,18.794258768938516],[-98.41875209456684,18.794459273212457],[-98.41565192968275,18.797392351343365],[-98.41343698160294,18.799697811384828],[-98.41219885975693,18.799890232582182]]]},"properties":{"N_CS_G1":"Calcárico","N_CP_G1":"Lítico","N_G2":"LEPTOSOL","TEXTURA":"FINA","F_SUPERF":"N"}},
{"type":"Feature","geometry":{"type":"Polygon","coordinates":[[[-98.50577091272903,18.84610147041793],[-98.50486558425506,18.84770657966736],[-98.50407074741278,18.850062078290296],[-98.50496598854737,18.851885491379523],[-98.5059702278736,18.85478124411212],[-98.50472820987225,18.856063499561227],[-98.50292244144298,18.857773512214155],[-98.50178897455596,18.860448916394112],[-98.50245782316905,18.86259368718405],[-98.50424936061603,18.865920827916128],[-98.50638083451703,18.868282990508845],[-98.50772784188356,18.86946593892448],[-98.5096360902543,18.87129201209704],[-98.50962856900365,18.873864242336012],[-98.50973441938227,18.876221005725345],[-98.5099517924108,18.878793829536708],[-98.50994364868316,18.8815795629842],[-98.51016193650936,18.884045069209655],[-98.51015504893394,18.886401532356803],[-98.5104880071957,18.888009923870957],[-98.51150159890499,18.887799089392487],[-98.51195418983593,18.8870501831586],[-98.51195793707716,18.88576350372337],[-98.51173802586621,18.884049223026857],[-98.51174177422713,18.882762544003157],[-98.51264445592257,18.88190863046467],[-98.51388412617489,18.88148260966183],[-98.51389158288173,18.87891150910835],[-98.51310823021963,18.877301940726817],[-98.51311663162414,18.874408886242527],[-98.51401799406634,18.874196612177794],[-98.51514640911347,18.87323595715557],[-98.51492588934411,18.871520545794304],[-98.51425374609136,18.870446734143933],[-98.5140356907411,18.868089677750973],[-98.51471774574034,18.865733844625094],[-98.51573676876154,18.863593524785944],[-98.51450527091872,18.86144732843912],[-98.51259614598445,18.859942128526185],[-98.51147778794436,18.85747425344475],[-98.51170514506694,18.856618563099303],[-98.51339899138401,18.854800851754447],[-98.51452944936011,18.853088971888642],[-98.51520895304989,18.851591674199074],[-98.51431050284276,18.85083922719245],[-98.51454308085708,18.84837489545215],[-98.51297416104588,18.84601316903821],[-98.51196396187089,18.844939591900424],[-98.50971653945967,18.843754300657256],[-98.50712654766315,18.84428404381226],[-98.50577091272903,18.84610147041793]]]},"properties":{"N_CS_G1":"Calcárico","N_CP_G1":"Lítico","N_G2":"LEPTOSOL","TEXTURA":"MEDIA","F_SUPERF":"N"}},
{"type":"Feature","geometry":{"type":"Polygon","coordinates":[[[-98.34182182528393,18.8880082084844],[-98.3453785876147,18.88987112910904],[-98.35078879231204,18.88848710474403],[-98.35371702297819,18.893641706353858],[-98.35863415095537,18.89272341152931],[-98.36503589834453,18.88900403271731],[-98.36808924029972,18.89146916386746],[-98.36972073152816,18.890793532751893],[-98.3720020761732,18.888671882117052],[-98.37416908258295,18.884892625245907],[-98.37766326282821,18.88467278852072],[-98.38164634123969,18.882213294427476],[-98.3842861321656,18.879523334097822],[-98.38603346673237,18.876653032493],[-98.38593550025766,18.874235259790506],[-98.38489149689819,18.87447129304056],[-98.38264309412294,18.87418481262335],[-98.38176588372968,18.87343745742456],[-98.38206242610464,18.87250761354977],[-98.3836273517228,18.87260544192822],[-98.38451105029274,18.87158377941561],[-98.38539566584087,18.870470614055645],[-98.38657449107018,18.868891869995455],[-98.38706943387734,18.8674034951533],[-98.3878561999141,18.86610247124582],[-98.38913278552391,18.86471042371451],[-98.39089959919274,18.862947188104997],[-98.3905973503396,18.861705840692427],[-98.38987978657869,18.862588003885495],[-98.3875465366938,18.863319122372875],[-98.38608959417694,18.863406948086805],[-98.38434764155977,18.863552560087367],[-98.38328715286455,18.864094665600977],[-98.3803422496962,18.863344952071795],[-98.37828940704917,18.86701397542675],[-98.37510056627659,18.86723485953727],[-98.36969103237874,18.87009380545337],[-98.36722657514495,18.869693444123754],[-98.36488393575682,18.865794951650262],[-98.3636865326362,18.863615157414394],[-98.36085598717904,18.8652739356501],[-98.35916955699501,18.86905470118237],[-98.35778091167109,18.87128434619153],[-98.35597242535901,18.872663032886802],[-98.35385884092783,18.874833650087602],[-98.35169970889393,18.876492354672816],[-98.34833506759338,18.879303562131323],[-98.3464042657628,18.881422766290207],[-98.34514140164829,18.88313085613029],[-98.34471069832078,18.883713361877145],[-98.34217721594133,18.88772140949806],[-98.34182182528393,18.8880082084844]]]},"properties":{"N_CS_G1":"N","N_CP_G1":"Epiléptico","N_G2":"CALCISOL","TEXTURA":"MEDIA","F_SUPERF":"N"}},
{"type":"Feature","geometry":{"type":"MultiPolygon","coordinates":[[[[-98.3317214219293,18.86454806141669],[-98.3317469099727,18.864759259671093],[-98.33176982995487,18.865029739929593],[-98.33178006044541,18.8653228903502],[-98.33159370962433,18.865589570094592],[-98.33155277954118,18.865891769668085],[-98.3314919697381,18.8661938900055],[-98.3313357796962,18.866749940394428],[-98.3312837095827,18.867227199790968],[-98.3312317998405,18.867656709921373],[-98.33115509002859,18.86801451037653],[-98.33039785017232,18.867696549718758],[-98.32997073968643,18.868161650359085],[-98.33001173956693,18.86890489025801],[-98.33003503033656,18.87036396999733],[-98.32997791038777,18.871233890069018],[-98.33018545979742,18.87190031030217],[-98.33067091030478,18.872419170160065],[-98.32994550953006,18.8727930000639],[-98.32966797994153,18.87307505006097],[-98.3298225801474,18.8731807796612],[-98.3298801400224,18.873345030210654],[-98.32977494040338,18.873665199674672],[-98.32978081987895,18.874009000184813],[-98.32999231990304,18.87461382029978],[-98.32965007970249,18.874736309565776],[-98.32945117958957,18.87487594000727],[-98.32961209001327,18.875666020393826],[-98.32961753985843,18.87570125995197],[-98.32963342986595,18.875735399884793],[-98.32966562981808,18.87578770980097],[-98.32968099984261,18.875827459651138],[-98.32961041981522,18.875860709842428],[-98.329486719638,18.875960779714877],[-98.32945131018512,18.87601090962394],[-98.32941528024776,18.876211800078988],[-98.32941461959538,18.876379339607762],[-98.32926404962565,18.877119400063442],[-98.32947520030935,18.877675249736342],[-98.32928102011944,18.87815408000843],[-98.32925100031134,18.8786352199397],[-98.3292500303004,18.87887585002945],[-98.32921008975283,18.879109290209822],[-98.32934971955267,18.87915582972097],[-98.32950609009534,18.879049000184704],[-98.32968965982934,18.878860429564497],[-98.32985281996838,18.878721199667922],[-98.32995319956954,18.878618149910803],[-98.33009688994872,18.878543310120772],[-98.3302064495564,18.878511399570158],[-98.33031963015524,18.878532119741617],[-98.3304036296882,18.878612649870032],[-98.33075801994816,18.878723949868228],[-98.33088645980507,18.87873696968162],[-98.33101246022954,18.87880031970504],[-98.33116263022067,18.878823719910255],[-98.33137794994333,18.87885197991122],[-98.33156014003777,18.87892204976757],[-98.33245003017855,18.879480419603098],[-98.33263597030235,18.879762749843636],[-98.33288348995109,18.8802380496804],[-98.33322511983772,18.880565419919986],[-98.33372269036398,18.880878519805094],[-98.33380946020009,18.88098504960352],[-98.33413730975047,18.8811815703335],[-98.33464962959762,18.88147642031527],[-98.33535523018712,18.88191079982312],[-98.33594068009312,18.88222333973719],[-98.33677125970395,18.88287833996438],[-98.3372937204641,18.88287278003787],[-98.33762251045873,18.882834890180558],[-98.33801275019015,18.882836279598823],[-98.33844399983816,18.882857349600318],[-98.33873499981588,18.882897480192668],[-98.33944982037245,18.883017200204726],[-98.33981702016787,18.883134620385913],[-98.33977063040452,18.88386279998908],[-98.33938800031189,18.883887430013953],[-98.33899107968398,18.884074419594203],[-98.33822989012879,18.884542710379804],[-98.3378978904035,18.88501251011211],[-98.33763240037614,18.885356950397096],[-98.33723424991878,18.88585791954772],[-98.33693537973612,18.88629644968629],[-98.33673531043229,18.8867981201835],[-98.33666679955176,18.887425860062486],[-98.33669622968547,18.888336539767476],[-98.33679281989063,18.88896488037519],[-98.33965152211697,18.88975551986126],[-98.34182182528393,18.8880082084844],[-98.34217721594133,18.88772140949806],[-98.34471069832078,18.883713361877145],[-98.34159041053837,18.880891783228225],[-98.3377446976924,18.879682956214157],[-98.33534166097932,18.87934339165598],[-98.33317442236721,18.87790324419654],[-98.33060362602149,18.875893409520412],[-98.33167941728621,18.873204219686848],[-98.33509743993099,18.872233690415698],[-98.33792817914384,18.872122923478674],[-98.33991926325163,18.871724463252264],[-98.34287242354837,18.86989360981282],[-98.34492458913626,18.865993418180633],[-98.34172776838611,18.864614129640145],[-98.33800495436299,18.864833618515316],[-98.33618062335094,18.864493869197087],[-98.33494503988702,18.86426352577912],[-98.33241184667835,18.864483765514656],[-98.3317214219293,18.86454806141669]]],[[[-98.32674214061608,18.85115589339337],[-98.32701519978536,18.851219999569647],[-98.32735553993132,18.85135649007011],[-98.32739408993665,18.851473000281857],[-98.32756989007629,18.851632139950386],[-98.32775189042728,18.85212024970808],[-98.32795728012469,18.852427570449798],[-98.32829151028491,18.852612199597573],[-98.32895677977803,18.852795599778972],[-98.32959882045763,18.852843150418728],[-98.33038346003268,18.852913860391862],[-98.33008195515801,18.853181880354644],[-98.32995891998522,18.853291250168546],[-98.32975352001587,18.85345910997957],[-98.32950168962884,18.853753200335024],[-98.32961101995856,18.853956019870456],[-98.32978972509221,18.854246970363665],[-98.32994089006338,18.854507109656193],[-98.3300509702196,18.854682650239862],[-98.33016997963722,18.854881149877265],[-98.33036169030969,18.8552224600303],[-98.33051932011168,18.855408260097743],[-98.33083365965773,18.85541677966656],[-98.33110006014842,18.855451550138177],[-98.33126893974915,18.85550961967364],[-98.33141911024755,18.85565551957748],[-98.33152919959001,18.855798750376586],[-98.33163585009129,18.855924179597054],[-98.33182090982814,18.855978720133937],[-98.33210500016904,18.855940549858683],[-98.33219875032628,18.85601108026565],[-98.3323295396964,18.856127980311584],[-98.33243280036413,18.85623186008423],[-98.33238405033465,18.856444479844964],[-98.33234866016274,18.856693819652275],[-98.33291521986729,18.85661207989446],[-98.3331132900707,18.85671697976379],[-98.33316048961017,18.85691829005637],[-98.33312680626383,18.857092626317996],[-98.33311917014856,18.857132149866317],[-98.3330429127568,18.857240267947216],[-98.33296649008587,18.857348620176936],[-98.33272528041584,18.857692980337667],[-98.33299275039938,18.857576739760564],[-98.33279778036689,18.85776844978575],[-98.33250017964353,18.858239150246852],[-98.33251835021787,18.858357540281855],[-98.33217977023739,18.858854230123534],[-98.3320491402994,18.85908761990143],[-98.33189902008507,18.859334150077956],[-98.33174704957376,18.85949888018876],[-98.3316414504356,18.859647200192676],[-98.33154074968651,18.85981891004869],[-98.33149765023543,18.85999982986055],[-98.33149254954516,18.860370170346446],[-98.33150561343767,18.860624746344072],[-98.33308338197392,18.8604736881642],[-98.3374706781656,18.861743273138664],[-98.34006453105489,18.8611729891543],[-98.34323878692577,18.86071429590317],[-98.34637450467474,18.859634108071788],[-98.34758042895105,18.857565444144985],[-98.3473897314032,18.85533598597381],[-98.34770269510959,18.85143528972726],[-98.34915227715587,18.849545950457667],[-98.35084620420037,18.84828440544203],[-98.35378332667264,18.84616637593742],[-98.35423231445857,18.84418653334084],[-98.35439403654556,18.84347541676136],[-98.35216629761594,18.843646158745518],[-98.35026154420902,18.844364750888072],[-98.34885465468784,18.844895285134452],[-98.34699344212494,18.84386530407394],[-98.3484427366542,18.842034708654936],[-98.35073201488336,18.839286370372793],[-98.35217373270629,18.836937208033987],[-98.35242568735046,18.833897071283243],[-98.34978572886266,18.834235801276673],[-98.34761156187437,18.835155635373646],[-98.34508568764691,18.837726879476016],[-98.34410933019748,18.840135236417026],[-98.34206431500039,18.842135399607567],[-98.33972218976112,18.842885096123304],[-98.33689119382375,18.843335925640815],[-98.33425153578725,18.84310509112434],[-98.33261876834486,18.844934914296285],[-98.331840212259,18.847226427163033],[-98.32961262687235,18.84957597900741],[-98.32674214061608,18.85115589339337]]]]},"properties":{"N_CS_G1":"Calcárico","N_CP_G1":"Epiléptico","N_G2":"LEPTOSOL","TEXTURA":"MEDIA","F_SUPERF":"N"}},
{"type":"Feature","geometry":{"type":"Polygon","coordinates":[[[-98.38593550025766,18.874235259790506],[-98.38592681621897,18.874013820386434],[-98.38814713730547,18.873214575748445],[-98.39084070549005,18.87133465054165],[-98.39397622488359,18.872424849141794],[-98.39718082710877,18.873125489868283],[-98.39776048617806,18.87810461122558],[-98.39877529234182,18.880223733220408],[-98.40298686523776,18.88114329809209],[-98.40472596578877,18.88218476992529],[-98.40719075486649,18.884083689895625],[-98.41025767537533,18.88689386089048],[-98.4125920767636,18.88861381244531],[-98.41541544274291,18.891203977297504],[-98.41733811164102,18.892582549111545],[-98.41992408379846,18.893673985045204],[-98.42341131865618,18.89465409183559],[-98.42737098575412,18.89528427105679],[-98.43014835461967,18.89649251200173],[-98.43323888330868,18.899697765018022],[-98.4339236760606,18.898134156511123],[-98.43419695892227,18.89329894252529],[-98.43418246189746,18.89267081072216],[-98.4296766389881,18.891409881929754],[-98.43123844979009,18.887239472807487],[-98.43732823493531,18.88896606951828],[-98.43930128446489,18.88952331109399],[-98.44263419376261,18.88659624423021],[-98.44267154492395,18.886606523876818],[-98.44241476002681,18.88620020604377],[-98.4420724625066,18.885277377860046],[-98.44176822720601,18.885043754872797],[-98.44124482610259,18.884513500914835],[-98.43893776763224,18.882173803508582],[-98.43569574060078,18.878553599634184],[-98.43432229317804,18.87654541143013],[-98.43294863787101,18.873905734811697],[-98.43191880464614,18.871725741027245],[-98.43053788618663,18.868975319492638],[-98.42898950093699,18.86610575799211],[-98.42806651898132,18.86132560242715],[-98.42424361018897,18.857896587422037],[-98.42298475254393,18.855606259059183],[-98.42003246972749,18.854746440764],[-98.41703420998705,18.851927608097625],[-98.41423777202489,18.851490680424625],[-98.41399961117892,18.85037157039984],[-98.41305626110618,18.849869287872323],[-98.4125002876173,18.84903949363393],[-98.4120676795477,18.849069756845893],[-98.40944437833966,18.849523474390896],[-98.40740398499688,18.849887510785386],[-98.40643012190692,18.850808462203688],[-98.40613457571622,18.852009471531698],[-98.40680246839307,18.855246934602803],[-98.40670086408618,18.856633825240475],[-98.40669871050844,18.857243832458586],[-98.406337725741,18.857987121748074],[-98.40559984425977,18.858434366174617],[-98.4051276868845,18.85823290712038],[-98.40455098772398,18.857730624086408],[-98.40355115407415,18.85792736796394],[-98.40291851326195,18.85847660823699],[-98.40238844112288,18.859212568415092],[-98.40125279734116,18.8593896592699],[-98.40028346605052,18.85901600825331],[-98.39941150547781,18.858458533903843],[-98.398538557266,18.858178946470883],[-98.39737297480119,18.858267804205123],[-98.39717472342353,18.859283847963244],[-98.39717041159017,18.860485784248013],[-98.3968771047214,18.861039492221888],[-98.39590677531535,18.860943710267247],[-98.39522916706679,18.86029421646605],[-98.39484454231014,18.859183646190623],[-98.39397126779613,18.858995539405758],[-98.3925143644261,18.859083415628877],[-98.3918323509641,18.85982110817601],[-98.39085540748894,18.86138925397521],[-98.3905973503396,18.861705840692427],[-98.39089959919274,18.862947188104997],[-98.38913278552391,18.86471042371451],[-98.3878561999141,18.86610247124582],[-98.38706943387734,18.8674034951533],[-98.38657449107018,18.868891869995455],[-98.38539566584087,18.870470614055645],[-98.38451105029274,18.87158377941561],[-98.3836273517228,18.87260544192822],[-98.38206242610464,18.87250761354977],[-98.38176588372968,18.87343745742456],[-98.38264309412294,18.87418481262335],[-98.38489149689819,18.87447129304056],[-98.38593550025766,18.874235259790506]]]},"properties":{"N_CS_G1":"N","N_CP_G1":"Eutrico","N_G2":"PHAEOZEM","TEXTURA":"GRUESA","F_SUPERF":"N"}},
{"type":"Feature","geometry":{"type":"MultiPolygon","coordinates":[[[[-98.62557446531392,18.67416159210178],[-98.62491142971967,18.673937219847858],[-98.62453811963042,18.673660849545687],[-98.62428330990424,18.673358150448614],[-98.62422345976569,18.672857050181758],[-98.62409470981555,18.67174757984084],[-98.6242634599179,18.670900430110002],[-98.62438965996162,18.670460140301998],[-98.62452636962362,18.6701293096443],[-98.6245320203774,18.668983260211213],[-98.62443600005196,18.667540249571946],[-98.62447051969538,18.666716979677826],[-98.62417014012223,18.665830740208616],[-98.62408449040795,18.664924020072572],[-98.62365268001444,18.663557539559896],[-98.62374731973739,18.663232829851463],[-98.62366975015556,18.6630066201108],[-98.62331249014345,18.663021710319303],[-98.62317552004059,18.66263218003097],[-98.62281316996662,18.662489979930925],[-98.62246638001362,18.661717999730552],[-98.6216007396886,18.66087403010327],[-98.62196257989397,18.660141420143585],[-98.62133924978254,18.659457080424065],[-98.62126845030409,18.65890580041654],[-98.62148451983177,18.65870283018662],[-98.62103814980617,18.656972999634974],[-98.62090737961428,18.656326859763354],[-98.62039011000122,18.655832449915394],[-98.62037364997494,18.655163919552255],[-98.6201365398836,18.654421400050968],[-98.61989468971879,18.653581940161377],[-98.61985205032843,18.65270476957326],[-98.61974952029044,18.65339338022421],[-98.61958164971037,18.65361519956789],[-98.61784337952454,18.654108355348153],[-98.61795111113739,18.65497129078268],[-98.61802718393199,18.65828938731403],[-98.61639414638346,18.66183896252938],[-98.61885071516184,18.663389420897776],[-98.61735521256364,18.6658592868987],[-98.61609675108508,18.667798665855983],[-98.61819486515017,18.668548566659382],[-98.62024715235017,18.667808273859286],[-98.62318482688863,18.66655008128618],[-98.6231238195419,18.6707897339422],[-98.62335974607463,18.675028854638533],[-98.62528254359,18.67577945476231],[-98.62557446531392,18.67416159210178]]],[[[-98.6669118398822,18.656801324134598],[-98.66624105962211,18.656694750163556],[-98.66581763036642,18.65694286009041],[-98.66539249020029,18.657261150184933],[-98.66489488011426,18.657531019557453],[-98.66449028008006,18.65801362007948],[-98.66404230972726,18.658261169715928],[-98.66363997954018,18.658650179828985],[-98.66328616966885,18.659063689566068],[-98.6627096601316,18.659326580311745],[-98.66229557960602,18.659317400238653],[-98.66189504975189,18.659381659901463],[-98.66152303027962,18.659534339746546],[-98.66116528971698,18.659731219954377],[-98.66071408959489,18.659984550340738],[-98.66025257000477,18.660032829873096],[-98.65983420035738,18.660199109729515],[-98.65936694014856,18.660481320310357],[-98.65869094015362,18.660805249706517],[-98.658322850468,18.660797080235998],[-98.65798579960179,18.660774950128783],[-98.65770723032799,18.660871179574695],[-98.65751674981112,18.66113029038468],[-98.65703631007695,18.661324429811536],[-98.65665289040906,18.66131592015497],[-98.65630228988726,18.661220340178552],[-98.65599842013768,18.661096550282412],[-98.65584827965172,18.660961539622633],[-98.65551156998441,18.66092480030697],[-98.65520628018314,18.66085948018378],[-98.65497622032998,18.660854370428037],[-98.65484994993895,18.66099785993542],[-98.65473793954344,18.661185569935363],[-98.65468441989555,18.661491620016516],[-98.6541443498168,18.66224036973611],[-98.65393637999344,18.66258688035048],[-98.65364102967654,18.662741229781815],[-98.65337499956775,18.662683830350105],[-98.65314962961293,18.66240728029418],[-98.65292521957912,18.662268910208766],[-98.65272054961646,18.66224000044048],[-98.65242082984295,18.662301279607625],[-98.65209133967123,18.66225534958452],[-98.65178722975767,18.66224134028059],[-98.6515043500227,18.66229309010456],[-98.65119847984857,18.6623515798667],[-98.65093682021259,18.662469119910856],[-98.65077191022907,18.66267588998378],[-98.65063868012058,18.662832569769858],[-98.6505822298153,18.662961940030975],[-98.65051835041903,18.66308386006683],[-98.65045483028481,18.66319130988776],[-98.65029570979253,18.663343450130466],[-98.65007154981063,18.66348357964093],[-98.64985234009741,18.66373268958201],[-98.6499246297589,18.664198709871275],[-98.64982762026644,18.66474078043943],[-98.649623080435,18.665011980293265],[-98.64947213960193,18.66526986013317],[-98.64914077009246,18.665436629960382],[-98.64896878047166,18.665621480037323],[-98.64884337994413,18.666005859701375],[-98.64901919958933,18.66628534026472],[-98.6492569402979,18.666522689862536],[-98.64921112030353,18.666737779682887],[-98.6486464303478,18.666726030018623],[-98.648459170132,18.666853940308926],[-98.64831465011582,18.66708184998201],[-98.6484637699874,18.667208449849777],[-98.64874859973017,18.667481819822164],[-98.64907643041775,18.66771930987663],[-98.6491920499131,18.667756229709],[-98.64923008033081,18.668013279602324],[-98.64926833967436,18.66816017963965],[-98.64942238040472,18.6682706199984],[-98.64946017994869,18.668637780101264],[-98.64922831993773,18.668857600184808],[-98.64895077957428,18.669075739763752],[-98.64895322956667,18.669286109929917],[-98.6490340499841,18.669554720317358],[-98.64910180006187,18.66974628025778],[-98.64938037975696,18.669922480089774],[-98.64950904961694,18.670174229933835],[-98.64953768977759,18.670286949778074],[-98.64964405956655,18.6704733098035],[-98.64905799987706,18.67124680000979],[-98.64867445975943,18.673418740221457],[-98.64969188002615,18.6748689096437],[-98.65033328025189,18.675493030456824],[-98.65021308987892,18.67557944980844],[-98.65009411993671,18.676186180026207],[-98.65187915006085,18.676665280051175],[-98.65218582978585,18.676496350083152],[-98.65240911987273,18.676719259597252],[-98.65230557970872,18.676794769767312],[-98.65177225965546,18.677478629629793],[-98.65196556969403,18.677861259907218],[-98.65158802023504,18.678298650048962],[-98.65153587962882,18.678338679717182],[-98.65016585955674,18.677914680348003],[-98.6497232802353,18.67746268988367],[-98.64956168011516,18.67735477035158],[-98.64869417968974,18.67674545988784],[-98.64795241996909,18.67591314974052],[-98.6477796797177,18.675920680286254],[-98.64680949040714,18.676204940073315],[-98.64643600005944,18.67534991016894],[-98.6461245099896,18.67455461975188],[-98.64587745961525,18.67338904971287],[-98.64571646015237,18.672666479653437],[-98.64550894010854,18.672355970241725],[-98.64536648960025,18.67209106018932],[-98.64517417960751,18.671675000322168],[-98.64498519988501,18.671418509561708],[-98.64477037007218,18.67113623015679],[-98.64440906029161,18.670628940194366],[-98.64424362977394,18.67052279990333],[-98.64374301966949,18.671095849949054],[-98.64397594955375,18.67203911989165],[-98.64419680019397,18.673047880215094],[-98.64411714043003,18.673467939600954],[-98.64370324980284,18.67424649004081],[-98.64363317991219,18.67453789016097],[-98.64392190996115,18.675132600180383],[-98.64435942021866,18.675844170049157],[-98.6444834604595,18.676528090415047],[-98.64438290959481,18.67709349043666],[-98.6435288798925,18.67834388988991],[-98.64322627982922,18.679637539677852],[-98.64329812023738,18.68068153969797],[-98.64332623010154,18.681301419852264],[-98.64335978021575,18.682015479760274],[-98.64226361982111,18.681339619557406],[-98.64128115355435,18.68105907066677],[-98.6409773673504,18.682038334087448],[-98.64031334160572,18.68518779836754],[-98.63905434902047,18.687427827525887],[-98.64139639675996,18.688748444695594],[-98.64331181984359,18.690576584647904],[-98.64506663445665,18.69184745554125],[-98.64620345425462,18.694427595065733],[-98.64698168299233,18.69700817887976],[-98.64782813211325,18.699007091733073],[-98.64998781598582,18.699477722476633],[-98.65143289658359,18.700962956194942],[-98.65184837017487,18.70078208968395],[-98.6518496599758,18.700150650110647],[-98.65208912006625,18.699772230038615],[-98.65216935014676,18.69944402964755],[-98.65243481954187,18.699318250157223],[-98.65324378021947,18.699238919766845],[-98.65331104966556,18.69878946035835],[-98.65368660003676,18.698685949889217],[-98.65371654028797,18.697961830307488],[-98.65374480029075,18.697455769735118],[-98.65386762017229,18.69689974963086],[-98.65411018029815,18.696828049867722],[-98.65472360047126,18.69693741959803],[-98.6551999499907,18.697400059750592],[-98.65517197035481,18.697718350436634],[-98.65453130980853,18.698351969627552],[-98.65459071989878,18.698936509656114],[-98.65536309019882,18.69914646025177],[-98.6560449199667,18.69914048999949],[-98.65672725986965,18.699461659974347],[-98.65671105952953,18.699988339964577],[-98.65640002969282,18.700509739781598],[-98.65605060037194,18.70097087996268],[-98.65599665002534,18.701425339684707],[-98.65610750843436,18.701702989921177],[-98.65684698022612,18.700857406225698],[-98.65889156481522,18.70286750849559],[-98.65976573354439,18.705003393884006],[-98.6597820802602,18.70478301970093],[-98.65985407995072,18.703364459814342],[-98.65993196959133,18.702240380286554],[-98.65994634991971,18.702104000166006],[-98.6598903796833,18.701908219729415],[-98.6599434796331,18.70184872010572],[-98.6603062204252,18.701033249605093],[-98.66061508989233,18.700835719919368],[-98.66067940025277,18.699168310444808],[-98.66067842004509,18.699155310120645],[-98.66131708984068,18.698659800384927],[-98.66144028974021,18.69820052022762],[-98.66147537004251,18.69820576960455],[-98.66190239964916,18.6981308004215],[-98.66209213988203,18.697437880375247],[-98.66224721968223,18.696515750365652],[-98.66232258019636,18.69637116960936],[-98.6631095799936,18.696334979926863],[-98.66343290955011,18.696320119624527],[-98.66346265008325,18.6956762503527],[-98.66350051968469,18.695423259561174],[-98.66382965992194,18.695022769721923],[-98.6640858500604,18.69467979963596],[-98.66406388032281,18.694426710195216],[-98.66403944981131,18.69444924987555],[-98.6637393401125,18.69427473960391],[-98.66347906039562,18.693675519599225],[-98.6636245698953,18.69357302957842],[-98.66395131971585,18.69345947964843],[-98.66415791962126,18.69330059964635],[-98.6643644203941,18.693008089976995],[-98.6644196903978,18.691719819645645],[-98.66400156993394,18.69175823010022],[-98.66404944981713,18.691124950258978],[-98.66403719991075,18.69050937990859],[-98.66389411976085,18.689799849596945],[-98.66426018020883,18.689775599949375],[-98.66440254005481,18.689764779727792],[-98.66456228990852,18.689767830303],[-98.66483912024289,18.689692380378233],[-98.66523202955452,18.68947405028765],[-98.66535627999208,18.688919060154298],[-98.66534084963305,18.68841073968288],[-98.66484072035226,18.6880501396482],[-98.66382943020562,18.68770797016789],[-98.66381099983361,18.687690649986536],[-98.66365117962556,18.68706145043737],[-98.6640121099849,18.686842259596887],[-98.66419427990185,18.68675112026836],[-98.66478509034822,18.686812020260717],[-98.66541528971004,18.686471980104244],[-98.66592284964368,18.686382510365394],[-98.6663093102625,18.686385459732502],[-98.66701131031263,18.68565015009433],[-98.66755028967893,18.68587931008164],[-98.66776664721415,18.685917380355786],[-98.6675669182102,18.68516828585044],[-98.6648582559528,18.683327670269836],[-98.6627524970011,18.682350070833103],[-98.66299705883924,18.67919863488149],[-98.66414891947085,18.676399040609468],[-98.66721634377588,18.67387964108847],[-98.66752606928803,18.673325860903763],[-98.66735199999538,18.673168660435735],[-98.66696671022326,18.673006780225126],[-98.66679585040298,18.672892710077146],[-98.66661445010705,18.672815170251308],[-98.66643798029274,18.67253554044869],[-98.66614737964935,18.67218904971413],[-98.6659619402944,18.671893020367726],[-98.6656551101219,18.671742349803143],[-98.66551663028984,18.671699769690644],[-98.66539322973271,18.67165752005094],[-98.66530375013984,18.671616020356172],[-98.66519086046414,18.67160634007885],[-98.66509699957717,18.67158987991882],[-98.66503677002888,18.671561510345096],[-98.66479922034759,18.671243910454987],[-98.66452438003377,18.670843999864445],[-98.66494757996934,18.670600140044773],[-98.66567899973636,18.670435030240867],[-98.66577156969898,18.670278260377906],[-98.66586379973054,18.670122059704617],[-98.66508301974004,18.66969671009097],[-98.66513751991334,18.669648829921996],[-98.66539128046641,18.6689200001775],[-98.66545887997931,18.668725800359265],[-98.66626624985035,18.66850025029728],[-98.666307420197,18.66826182968993],[-98.6662847495305,18.668012800179287],[-98.66625357021611,18.66767007967803],[-98.66618670967236,18.66688656969024],[-98.666169489629,18.666684720430382],[-98.66658777006647,18.665483260054934],[-98.66679891982429,18.664876749873603],[-98.66647004995696,18.66433733976377],[-98.66578567993251,18.663297690436305],[-98.66585597043557,18.662862910355376],[-98.66640682976312,18.66230594970536],[-98.66677078917975,18.662091885859155],[-98.6660359353156,18.660572971081784],[-98.66690355964211,18.656965101759067],[-98.6669118398822,18.656801324134598]]]]},"properties":{"N_CS_G1":"N","N_CP_G1":"Epiléptico","N_G2":"VERTISOL","TEXTURA":"MEDIA","F_SUPERF":"N"}},
{"type":"Feature","geometry":{"type":"Polygon","coordinates":[[[-98.66677078917975,18.662091885859155],[-98.66705960014453,18.661922019745674],[-98.6676274301105,18.66162759974429],[-98.66791433997106,18.661668059969998],[-98.66812964988438,18.6618509104194],[-98.66851558024773,18.66225580041598],[-98.66886903034765,18.66178637979946],[-98.6691529096061,18.66141618040241],[-98.66925737971566,18.661321090379843],[-98.66930214046405,18.661280350031348],[-98.66949069013886,18.66116437969666],[-98.66952647976689,18.661146260187195],[-98.66976603020034,18.661025030145606],[-98.67023527980794,18.660893600047192],[-98.67039381987856,18.660849200207515],[-98.66998955042908,18.660018149842667],[-98.67003462992116,18.65964736994904],[-98.6700826598865,18.659591480423696],[-98.67020528963761,18.65944878005764],[-98.67058378004927,18.659431860438445],[-98.67077928037534,18.659575320064278],[-98.67087034026909,18.659568449696557],[-98.67103842971915,18.659555750076958],[-98.67132902970216,18.65933452003542],[-98.67130796992195,18.659231949660597],[-98.67120661997626,18.658738369608844],[-98.67113335027983,18.658381619593342],[-98.67122173961931,18.658026179774968],[-98.67143671988468,18.657756020073094],[-98.67167769030092,18.65762765027273],[-98.67179877028003,18.65753639962181],[-98.6722106200379,18.657264290146742],[-98.67228910984267,18.657150480011232],[-98.67244861977257,18.656919180022808],[-98.67246887956559,18.656572510313335],[-98.67237517964391,18.656368919639256],[-98.67209411042434,18.655926349795973],[-98.6719638301128,18.65555668987765],[-98.6720638501132,18.65512119981301],[-98.6721337795486,18.654673769558503],[-98.6723349995717,18.654205280124845],[-98.67237984982602,18.653997569668107],[-98.67227437004618,18.653801119623232],[-98.67149034036973,18.654028490134056],[-98.67116611007627,18.653724090420017],[-98.67094625967992,18.65321964981366],[-98.67084458010623,18.65275591019908],[-98.67085545984177,18.65268020032558],[-98.67075814037284,18.65245111001752],[-98.67067066030532,18.652269950146145],[-98.67056696990429,18.652411029609134],[-98.67044467969899,18.65282688989919],[-98.67037604974809,18.65312358015464],[-98.67033137017103,18.653249619973636],[-98.67024491984355,18.65343882002093],[-98.67009706018715,18.654046770261573],[-98.6700647399789,18.65438050983971],[-98.6698023197715,18.6547014203805],[-98.66920116973863,18.654790619939526],[-98.66877885956329,18.655103420139618],[-98.66842937957885,18.655578920221775],[-98.66812811003447,18.65596762987984],[-98.66792248041487,18.656212020391205],[-98.66756585022075,18.656350549848877],[-98.66725338030022,18.656459690161693],[-98.66692584991588,18.656803550023692],[-98.6669118398822,18.656801324134598],[-98.66690355964211,18.656965101759067],[-98.6660359353156,18.660572971081784],[-98.66677078917975,18.662091885859155]]]},"properties":{"N_CS_G1":"N","N_CP_G1":"Epiléptico","N_G2":"REGOSOL","TEXTURA":"MEDIA","F_SUPERF":"N"}},
{"type":"Feature","geometry":{"type":"MultiPolygon","coordinates":[[[[-98.56365321581842,18.710204272022537],[-98.56318119953983,18.710249550208847],[-98.56288479996715,18.71058777014629],[-98.56250211375388,18.710894328352456],[-98.56177804967105,18.711474349557523],[-98.56178953868448,18.711483281018005],[-98.5618107134859,18.71149974327537],[-98.56233575078959,18.711126370478063],[-98.56365321581842,18.710204272022537]]],[[[-98.57810423629432,18.699543175589817],[-98.5774326795912,18.700546570171046],[-98.57728117046933,18.701396849613385],[-98.57681473994744,18.702301799661047],[-98.57642291007468,18.702990029759608],[-98.57636731039086,18.70428914040385],[-98.57541691980596,18.704636019753284],[-98.5751157796842,18.705032970126574],[-98.57567001986708,18.705765290152083],[-98.57537437983012,18.706257170404363],[-98.57533367995835,18.706628379621293],[-98.57534799575383,18.70669486610256],[-98.57671816015002,18.7048863356654],[-98.57786263134459,18.702595646494164],[-98.57822117729907,18.700017363041894],[-98.57810423629432,18.699543175589817]]]]},"properties":{"N_CS_G1":"Eutrico","N_CP_G1":"Lítico","N_G2":"LEPTOSOL","TEXTURA":"MEDIA","F_SUPERF":"N"}},
{"type":"Feature","geometry":{"type":"MultiPolygon","coordinates":[[[[-98.52754474264361,18.72499468462079],[-98.52754802381772,18.724935118350835],[-98.52754836992477,18.724928829554194],[-98.52743310497857,18.724883376225065],[-98.52754474264361,18.72499468462079]]],[[[-98.5294151937875,18.72551057316357],[-98.52928951042786,18.72551597977462],[-98.5288162499735,18.725679689701582],[-98.52854535020332,18.72570960016806],[-98.52836125979347,18.725742199956628],[-98.52829870327885,18.725746415005165],[-98.5284906592614,18.725937801369017],[-98.52909181542155,18.725939318874005],[-98.5294151937875,18.72551057316357]]]]},"properties":{"N_CS_G1":"N","N_CP_G1":"Háplico","N_G2":"N","TEXTURA":"MEDIA","F_SUPERF":"N"}},
{"type":"Feature","geometry":{"type":"Polygon","coordinates":[[[-98.66776664721415,18.685917380355786],[-98.66805626025798,18.685968340152925],[-98.66825671997626,18.686224000409453],[-98.6685280895714,18.68658490963019],[-98.66850857969135,18.687070660190546],[-98.6688690796141,18.6873289796971],[-98.66937406006457,18.687536029938038],[-98.67007629006142,18.687806550066522],[-98.6707498899398,18.687968170042442],[-98.67156311974712,18.688110950063123],[-98.67203396988639,18.6884720197302],[-98.67232904956977,18.6888453400419],[-98.67258590958907,18.68930897029727],[-98.67296575011756,18.68969490968541],[-98.673675680237,18.690128430075347],[-98.67407965969905,18.690219859962838],[-98.67442224975558,18.690548540049086],[-98.6752463700038,18.690351120302136],[-98.6759837495571,18.690601710025188],[-98.67678204960521,18.688520119546933],[-98.6771913503407,18.68855220015829],[-98.67747915040758,18.688601650106914],[-98.6776754003792,18.687955969708238],[-98.67742409004244,18.687876860234034],[-98.67730657991584,18.687824489664056],[-98.67718565010352,18.687717709935658],[-98.67709419973245,18.687570859750714],[-98.67704172031407,18.687384119831083],[-98.6768006903871,18.686745150162267],[-98.67662353961272,18.68641082993479],[-98.67649785041215,18.68630395012571],[-98.67621812044844,18.68627965991028],[-98.67582873975108,18.68627105967056],[-98.67547544979783,18.68614558001167],[-98.6748597795981,18.686064089544058],[-98.67361361953986,18.68600308967469],[-98.67347314027836,18.68591850956608],[-98.67315939987213,18.68592514966884],[-98.67300478029892,18.685641119873512],[-98.67294193992556,18.685490370238],[-98.67247600026623,18.68511344980488],[-98.67212935046112,18.684911150253665],[-98.67192377976173,18.684705199808807],[-98.671865479813,18.6845635999828],[-98.67187242012164,18.684278620418908],[-98.67190187968218,18.684043909991264],[-98.67096407959045,18.6833397195724],[-98.67086744959346,18.68321085006683],[-98.67064799980463,18.683052110239338],[-98.6703801995861,18.682733880005756],[-98.67027562003268,18.68254148036965],[-98.67013083037212,18.682438690038822],[-98.67004392037677,18.682300980161887],[-98.67005772005942,18.682124769875127],[-98.67022695019273,18.681944549725543],[-98.67029928045453,18.68190089043121],[-98.67042825955382,18.68167745020151],[-98.67048269034329,18.681588120268316],[-98.67052354014058,18.681471349931225],[-98.67054518028915,18.68136319963108],[-98.67046819954881,18.681207619694195],[-98.67028234965336,18.68103603020253],[-98.67005375003392,18.680863509770766],[-98.66988633988512,18.68071496968985],[-98.66976509016881,18.68062176977154],[-98.6696083796951,18.68061829019892],[-98.66930349040727,18.680652280345594],[-98.66911674995434,18.680516890029107],[-98.66909764972729,18.680326369739763],[-98.66914623036386,18.680087569921632],[-98.66919381957214,18.679889480121513],[-98.66920517981586,18.67961814973018],[-98.66922914998979,18.679402579667066],[-98.66912630986124,18.678797420397395],[-98.66912962038849,18.678028979894925],[-98.66914395030011,18.67783014983021],[-98.66923483043809,18.677610380099438],[-98.6693592596244,18.677377780038203],[-98.66952334977957,18.677078170141947],[-98.66947084975591,18.67686129011122],[-98.66938714000788,18.676592399637133],[-98.6693004498906,18.676251030302804],[-98.66921817994829,18.67631256964857],[-98.66908887966396,18.676354970408422],[-98.66893682022135,18.676356139989558],[-98.66888082997185,18.676314149628737],[-98.66882793985565,18.676145520211698],[-98.66876498023606,18.67599929044145],[-98.6686988302675,18.67578963033927],[-98.66860784953865,18.675624680079746],[-98.66869585977018,18.67542258023999],[-98.66871939964732,18.675248479653163],[-98.66871512032888,18.675027800048696],[-98.66865100016275,18.6748885200106],[-98.66852699953816,18.674830630389398],[-98.66825791962738,18.67478790960137],[-98.66795251958726,18.67465248043867],[-98.6677175201267,18.674399119554582],[-98.66775451025555,18.674069080001832],[-98.66783970998154,18.673740110140077],[-98.66774844955576,18.67352668982368],[-98.66752606928803,18.673325860903763],[-98.66721634377588,18.67387964108847],[-98.66414891947085,18.676399040609468],[-98.66299705883924,18.67919863488149],[-98.6627524970011,18.682350070833103],[-98.6648582559528,18.683327670269836],[-98.6675669182102,18.68516828585044],[-98.66776664721415,18.685917380355786]]]},"properties":{"N_CS_G1":"Mázico","N_CP_G1":"Pélico","N_G2":"PHAEOZEM","TEXTURA":"FINA","F_SUPERF":"PEDREGOSA"}},
{"type":"Feature","geometry":{"type":"Polygon","coordinates":[[[-98.5228572100193,18.746118859775528],[-98.52361315850574,18.74634220991916],[-98.5244935906271,18.745735556354784],[-98.52483660218921,18.74457624524605],[-98.52695780453962,18.74298426180349],[-98.52710508398819,18.74289990878633],[-98.52711885766527,18.74285136696206],[-98.527850257792,18.74230871199193],[-98.52818058435156,18.739737255692052],[-98.52728472004314,18.73803594331221],[-98.52714926270416,18.737922631235065],[-98.52708621824496,18.737781261240922],[-98.52708071418675,18.737841120292806],[-98.52697624606714,18.73767140291256],[-98.52594484540055,18.73673905560504],[-98.5247416967534,18.735531751623],[-98.52365126840344,18.735146009127934],[-98.52284916714116,18.734487614323985],[-98.5223910742795,18.733993900074868],[-98.52210848328656,18.732241035512125],[-98.5228590626016,18.73098448647279],[-98.52280773731427,18.728795025796373],[-98.5209742273404,18.727039318587234],[-98.51942424306425,18.726706598138723],[-98.51850188274864,18.727908466039658],[-98.51780348065297,18.73102685222855],[-98.51762936033495,18.73179232823728],[-98.51561248859727,18.734030659441576],[-98.51462959794485,18.736053629149005],[-98.51438709263698,18.74059432397601],[-98.51432265396535,18.743002639972044],[-98.51523978635676,18.74366137016152],[-98.51729763409058,18.74372431844171],[-98.51751072061971,18.743644662041525],[-98.51776933783557,18.743815912917487],[-98.51896572406174,18.74448551359053],[-98.52062077134808,18.745460170631052],[-98.5228572100193,18.746118859775528]]]},"properties":{"N_CS_G1":"N","N_CP_G1":"Háplico","N_G2":"N","TEXTURA":"MEDIA","F_SUPERF":"N"}},
{"type":"Feature","geometry":{"type":"MultiPolygon","coordinates":[[[[-98.54850408830121,18.737391473013435],[-98.54896065554749,18.736689727301897],[-98.54896082958456,18.736689459641987],[-98.54878998008724,18.736517799704494],[-98.54854696952991,18.736546060273202],[-98.54756220248501,18.736408478914527],[-98.54756173892798,18.736581464039375],[-98.54762097909581,18.73704252001176],[-98.54816551498521,18.73739065325292],[-98.54850408830121,18.737391473013435]]],[[[-98.54986340417913,18.747759739187952],[-98.54980894752903,18.74775361964627],[-98.54978596761475,18.74781593065127],[-98.54986340417913,18.747759739187952]]],[[[-98.56108184334684,18.747049255376723],[-98.55948948964382,18.747380310086054],[-98.55813709015054,18.74812490965219],[-98.55771909043763,18.74774342993191],[-98.5576762795507,18.74774649034662],[-98.55699470967409,18.748554910070187],[-98.55681441982,18.748682889659687],[-98.55665874008706,18.748976720258796],[-98.55661460037133,18.7489472601022],[-98.55570344496942,18.748499158864263],[-98.55573539964782,18.748531733496947],[-98.55790994415901,18.750252895302715],[-98.55815851725396,18.749977841373784],[-98.5600769018893,18.747852916911672],[-98.56108184334684,18.747049255376723]]],[[[-98.5618107134859,18.71149974327537],[-98.56197274026714,18.711625710074387],[-98.56197110952583,18.711627111608642],[-98.5618853939158,18.711700785341733],[-98.56181877027561,18.711758049882622],[-98.56181596962037,18.71234392003526],[-98.56170302357239,18.712709541828005],[-98.56157437976988,18.713125979572354],[-98.56158884126847,18.71312116873474],[-98.56191022043863,18.71301426006746],[-98.5630154001264,18.712849739810302],[-98.56350998012287,18.712789509941427],[-98.56377474028211,18.712849690253062],[-98.56398751963334,18.712930229816653],[-98.56480458005228,18.713480830389624],[-98.56562777998633,18.714014229828358],[-98.56612822006834,18.714334309919145],[-98.56730191001455,18.71508348021198],[-98.56807374047052,18.715553369663304],[-98.56868397002674,18.715855709873892],[-98.56887585961304,18.715936078751685],[-98.56897251600306,18.715976556851665],[-98.5693017503654,18.71611445011053],[-98.56940544772118,18.716140127306875],[-98.56997679965274,18.716281599693172],[-98.57085624979383,18.716525820198623],[-98.57165567977611,18.715412880187117],[-98.5719239403709,18.71503940015951],[-98.57253543023953,18.714219949812183],[-98.57301744984534,18.71354597977494],[-98.5736894304184,18.712656650140364],[-98.57400834959347,18.712213550023222],[-98.57638585955021,18.71450736955262],[-98.57716251028711,18.715256659878193],[-98.57716250385755,18.715257485522045],[-98.5771612819334,18.715424118835703],[-98.5771608998834,18.71547623996568],[-98.57716052661478,18.715527176036353],[-98.57715992479872,18.715609236131552],[-98.57715950931068,18.71566584041121],[-98.57715518629018,18.716255133064237],[-98.577154647179,18.716328620743276],[-98.57715330825954,18.71651115174068],[-98.57715317823049,18.716528897865743],[-98.57715123766206,18.716793481896918],[-98.5771424186231,18.71799584780254],[-98.57714235869805,18.718003967643277],[-98.57714223763683,18.718020407407582],[-98.57714208681193,18.718040804325835],[-98.57714162825324,18.718103413825162],[-98.57714147307914,18.718124629196186],[-98.57714127755607,18.7181512484305],[-98.57713919493091,18.718435233234924],[-98.57713886038802,18.71848079186373],[-98.57713668016036,18.71877807963405],[-98.57714650098491,18.718785459885584],[-98.57720122954412,18.718826588146996],[-98.57724876389896,18.718862310060608],[-98.57781644985879,18.71928891970876],[-98.57781596856127,18.719291479411204],[-98.57766854972267,18.720075709823977],[-98.57767888863089,18.720083126280365],[-98.57825127986119,18.72049373972862],[-98.57847441166173,18.72057599673888],[-98.57850316498164,18.72058659622544],[-98.57854344278837,18.720601444535507],[-98.57863490145978,18.720635160313947],[-98.57863552481585,18.720635389989308],[-98.57866645800765,18.72064679326618],[-98.57888311007399,18.720726660400974],[-98.57889122795693,18.72073632620152],[-98.57916515611643,18.72106247024643],[-98.57929376971256,18.721215599862717],[-98.57929462093497,18.72121523076082],[-98.57934421961545,18.721193720265095],[-98.57934774904324,18.721195430348867],[-98.57988203003507,18.72145425018563],[-98.57988040486624,18.72145900051731],[-98.57953785039892,18.72246009022805],[-98.57940097024719,18.722776429775774],[-98.57921418004274,18.7229948797564],[-98.57907449460022,18.723031023286296],[-98.5787479867412,18.72311550640239],[-98.57871968020785,18.7231228302224],[-98.5786813596418,18.72320250248018],[-98.5785916504205,18.723389015859055],[-98.57852801980069,18.72352130972319],[-98.57855527717311,18.72361341471753],[-98.57872413881823,18.724184015449236],[-98.57872854957942,18.724198920352418],[-98.57906816966107,18.72457009037639],[-98.5790685611373,18.72457009293666],[-98.58006452037847,18.724577140034366],[-98.58006173532954,18.724587336766064],[-98.57991642015733,18.725119380299247],[-98.57967248960041,18.72565891957389],[-98.57915866042713,18.726675200248525],[-98.57901231047522,18.72763751967279],[-98.57865189010862,18.728672539732774],[-98.57846050993525,18.729216769662855],[-98.57822562039627,18.729922630034245],[-98.57825177005763,18.730127649611855],[-98.57808112021176,18.730106199556516],[-98.57743392006991,18.72996174980553],[-98.57739697035562,18.7299580300659],[-98.57749634963578,18.7303206295694],[-98.57758541999843,18.730920520216287],[-98.5776471996712,18.731462520200314],[-98.57770912014564,18.732086749627705],[-98.5777179385843,18.732087139398075],[-98.578934919584,18.732140890071225],[-98.57899552028358,18.732031969643756],[-98.5789973194624,18.732056636286114],[-98.57904575017862,18.7327207401009],[-98.57884214026156,18.73289985984949],[-98.57810982024816,18.73308646011771],[-98.57764671141778,18.73263846662525],[-98.577636740105,18.732628820046067],[-98.57768254003955,18.732457739194178],[-98.57768756977357,18.73243894960623],[-98.57744327961474,18.7325790302142],[-98.57691997982182,18.732534459817064],[-98.5763688598829,18.732504659890896],[-98.57534733925473,18.73303872449585],[-98.57533698004688,18.733044139958977],[-98.57538971251826,18.73156210176668],[-98.57538998020856,18.73155456964161],[-98.57465460012625,18.731353430383116],[-98.57421988297175,18.731054766546094],[-98.57420849021241,18.73104694003107],[-98.57450077650653,18.730595591183228],[-98.57450091986077,18.73059536988448],[-98.57413962814115,18.730229659602966],[-98.57412972006462,18.730219630324342],[-98.57420877622492,18.73003305718203],[-98.57421075004972,18.730028399902924],[-98.57373082451232,18.729798982846606],[-98.57371946023541,18.72979355016197],[-98.57376286008719,18.72965891035546],[-98.5738981173292,18.72949255707061],[-98.57390135044298,18.729488580418526],[-98.57336859694009,18.7292307071916],[-98.57335657995297,18.729224890181662],[-98.57359573433135,18.72874275035481],[-98.57359936992323,18.728735419892875],[-98.57304676974177,18.72861385969526],[-98.57296012007437,18.72875240029411],[-98.57238303016126,18.728283289680604],[-98.57212559958991,18.72814388966036],[-98.57188455004375,18.728775890035084],[-98.57069818032672,18.732388059995092],[-98.57039725958076,18.73321699996097],[-98.5702509697595,18.734434569583737],[-98.56948677964503,18.735871540021915],[-98.56922899981105,18.7362629157282],[-98.56940814516364,18.736173379802437],[-98.57150634779168,18.73783320657533],[-98.57254979030533,18.739498503958092],[-98.57301689504564,18.740244039211166],[-98.5747566898122,18.73852297852125],[-98.57657239677052,18.73583392721454],[-98.57884615622609,18.734172781064753],[-98.58041833473828,18.735433670809947],[-98.58240201277022,18.73693270374528],[-98.58305750673725,18.738768336331297],[-98.58319480036967,18.738723050156857],[-98.58316377014407,18.73797335001346],[-98.58358857998161,18.737871290319234],[-98.58417410054307,18.73800640645365],[-98.58547651386475,18.735843762508438],[-98.58619357721616,18.73332501288034],[-98.59131329090319,18.73401298650493],[-98.59444183671518,18.73333409267912],[-98.59731810994461,18.735004363656934],[-98.60087352712415,18.73683420190467],[-98.60243795951645,18.735174636943853],[-98.6014840793661,18.731623103450133],[-98.59966847857784,18.7299540470458],[-98.59697489069565,18.728523702384962],[-98.59517455576439,18.726454723807993],[-98.5967917174473,18.72181405433011],[-98.59834841274449,18.719875467865837],[-98.59824173123,18.716375443395794],[-98.59920316506833,18.71368657616079],[-98.59963001290744,18.712586441628048],[-98.59890584974133,18.712479849952373],[-98.59757303003266,18.712607139987696],[-98.59698268045305,18.7118466296909],[-98.59676583037312,18.711714830358865],[-98.5961818897384,18.711902370239027],[-98.59596677995465,18.711908770310174],[-98.59569594006473,18.712184920410913],[-98.59515243033083,18.712407799631276],[-98.59471324961827,18.712360829560733],[-98.59445075033013,18.71212828033255],[-98.59390338038315,18.710590569600242],[-98.59391970962787,18.710380140116126],[-98.59389061976415,18.710314849732523],[-98.59385873952189,18.709626420223184],[-98.59382631971874,18.709033749775678],[-98.59371367959531,18.70806089008947],[-98.59313967955248,18.70749611042058],[-98.59303180042733,18.707365690348944],[-98.59298614958635,18.707240940225443],[-98.59279209040385,18.706670830054286],[-98.59277686011124,18.706272860326795],[-98.59349210988373,18.70578511011871],[-98.59373603036224,18.705773169969934],[-98.59382094043973,18.70564275031323],[-98.59385111028767,18.705370060292676],[-98.59383333991667,18.7053493097165],[-98.59348243025455,18.70471699957356],[-98.59347547968042,18.704677660416547],[-98.59399835019359,18.704093509795623],[-98.59452217030227,18.703687019680032],[-98.59468598017727,18.703536820302705],[-98.59529560032685,18.70303075002285],[-98.59633793965703,18.70224231986615],[-98.59645001971296,18.702154569574343],[-98.5971203502996,18.701619339888317],[-98.59824058031948,18.700755109888675],[-98.5987184197922,18.700383049952897],[-98.59969880038632,18.699655480120306],[-98.59971273991422,18.699638539968607],[-98.60063538034278,18.698933909933743],[-98.60091758025101,18.69969185979415],[-98.60109040002406,18.700195280063618],[-98.60124231039998,18.700473250063105],[-98.60133745038247,18.700376199664376],[-98.60137231039627,18.70057446023106],[-98.60142945040822,18.701273319840016],[-98.6015262598655,18.701366770331376],[-98.60155842028672,18.70136800009815],[-98.60195604970467,18.701470520240523],[-98.60225703044152,18.70164045001919],[-98.6024858897616,18.70189280028666],[-98.60255937970604,18.701922370100956],[-98.60278151014786,18.701877030309642],[-98.60345695008158,18.70244504979314],[-98.60357431486172,18.70272119230621],[-98.60535329776224,18.701426656559647],[-98.60631447635944,18.69901565199641],[-98.60722275082688,18.69512688320329],[-98.60451376922235,18.694147366002376],[-98.60506335629215,18.691566038398957],[-98.60181319376217,18.690367306041402],[-98.60229349563141,18.68600656233496],[-98.60001269421782,18.683998736253972],[-98.60272087555987,18.682968580206545],[-98.60489546479954,18.68452652790548],[-98.60639122855135,18.68285772885901],[-98.60765009101743,18.67879797480689],[-98.61066358586699,18.677937796949838],[-98.60922203932189,18.675417814156354],[-98.60604004742372,18.67305909702045],[-98.60597919869393,18.670938519744826],[-98.6030954969623,18.669568869663372],[-98.60270687232163,18.66988933072927],[-98.60290043041219,18.671074860210865],[-98.6031373702471,18.672539680048008],[-98.60216712014757,18.67291934977435],[-98.60183499993762,18.67286083024736],[-98.6010007400255,18.67306517992583],[-98.6009786900007,18.673722579597],[-98.60021742007882,18.673673180402567],[-98.59990489007029,18.673811279738754],[-98.59988317013861,18.673886519841517],[-98.59993611995378,18.674354720311438],[-98.59932446011547,18.67453646019823],[-98.5990740498529,18.67473193965375],[-98.59887475002682,18.674979080278806],[-98.5988660499965,18.67496049001015],[-98.59874157996781,18.674653939718134],[-98.59862328001768,18.67440009029539],[-98.59812814013102,18.674693650416312],[-98.5979701203956,18.674906679893212],[-98.59724881958246,18.675447749941814],[-98.59612855029665,18.67575365965878],[-98.59602280044969,18.675919449944182],[-98.59546591961383,18.67615655021021],[-98.59500412034045,18.676227650042108],[-98.59489213982569,18.676642979613067],[-98.59451562039175,18.67681420022816],[-98.59394870983925,18.676812980192143],[-98.59279085995328,18.676982969642573],[-98.59109501981347,18.677397349654058],[-98.59082844996185,18.677891080039412],[-98.5904406001763,18.67801951004035],[-98.59021705996534,18.67822647999915],[-98.58996981954861,18.67823041971221],[-98.58948665976334,18.678427429801225],[-98.58853355001422,18.67906120033899],[-98.58723738000529,18.679572480403785],[-98.58702274977566,18.679794379618126],[-98.58648380009822,18.68026295033427],[-98.58591523023453,18.680457340159418],[-98.58552463024955,18.68059462965724],[-98.58528342002839,18.680749429821287],[-98.58435681991348,18.680233450225227],[-98.58336391960492,18.680078690195085],[-98.58296057964013,18.679598150254336],[-98.58232439994102,18.679135889741875],[-98.58186864981144,18.679086309713988],[-98.58155142006221,18.679314779615574],[-98.58132679955904,18.679399249847428],[-98.58133544548997,18.679407691123355],[-98.58141872010523,18.67948900012779],[-98.58141880919511,18.67948980617163],[-98.58143445031983,18.67963165997498],[-98.58104183032265,18.67972822997521],[-98.58081997980938,18.6795322898991],[-98.58054017977948,18.679546029725014],[-98.57991882973155,18.67924490977848],[-98.57912484959509,18.678591179714783],[-98.57907978008616,18.678705170432647],[-98.57949477978146,18.679950579664986],[-98.5795018919537,18.679952809353164],[-98.58063308013058,18.680307430417685],[-98.58063607020196,18.6803155811333],[-98.5809326897,18.68112404957678],[-98.58081819982526,18.68130228022242],[-98.5805788595884,18.68258701983597],[-98.58070965957613,18.682848819998444],[-98.58071413583482,18.68284845542748],[-98.58136397967603,18.68279547963878],[-98.58203620029445,18.68300415033555],[-98.58204031937792,18.6830126725722],[-98.58218679974134,18.683315749641814],[-98.58211650979165,18.68374807955569],[-98.58211817003544,18.683994779783717],[-98.58228422972829,18.684402619584073],[-98.58264467996916,18.68497440033663],[-98.58301677025732,18.68582010989686],[-98.58302071354605,18.685817088374517],[-98.58306679980744,18.685781779963815],[-98.58307427836394,18.685793840876382],[-98.58309631045819,18.685829369778236],[-98.58326401999659,18.686117849806422],[-98.58363092003583,18.686555340287622],[-98.58416859985654,18.687368480370264],[-98.58442866020421,18.68789310982357],[-98.58433814047464,18.6887111996066],[-98.58352517045317,18.689717619559467],[-98.58298065019439,18.690350339939076],[-98.58309927966307,18.690840479773946],[-98.58310727421161,18.69084331516818],[-98.58393204976115,18.691135799947737],[-98.58432867986033,18.691196649780903],[-98.5843267755149,18.69120513943002],[-98.58420466007168,18.691749399826286],[-98.58409611004716,18.692359769743593],[-98.58406288994665,18.692815079990016],[-98.58405634007869,18.693551630214916],[-98.5839291195925,18.69441335027211],[-98.58372822041493,18.695355059772254],[-98.58340891022216,18.69599711028827],[-98.58270138045003,18.69629821987513],[-98.58220375005638,18.696612579987384],[-98.58199904987593,18.697363849553724],[-98.58117508966077,18.698138399862973],[-98.57962931965972,18.698659920440335],[-98.57893616990606,18.698850250024563],[-98.57826224993056,18.69930707992654],[-98.57810423629432,18.699543175589817],[-98.57822117729907,18.700017363041894],[-98.57786263134459,18.702595646494164],[-98.57671816015002,18.7048863356654],[-98.57534799575383,18.70669486610256],[-98.57542019958206,18.707030199570895],[-98.5760724601574,18.707776370323447],[-98.57569072040063,18.708459520315728],[-98.57520563026601,18.708886850435977],[-98.57395436996313,18.709398460418704],[-98.57256900038824,18.709743880143137],[-98.5722396302981,18.710002597572387],[-98.57168402023697,18.710439020201637],[-98.57148805937884,18.710596281988025],[-98.57120975437985,18.7108196262825],[-98.57109899999041,18.710908509593047],[-98.57044268006864,18.711034520119057],[-98.56996421739858,18.710897510644063],[-98.56994271866877,18.710891354198534],[-98.56968944566312,18.710818828130243],[-98.56962337960844,18.710799909987532],[-98.56848377923008,18.710665556828808],[-98.56776154023024,18.710580403257385],[-98.56735792371764,18.710532814230266],[-98.56695435010904,18.71048522962367],[-98.56683312496256,18.710493306073044],[-98.56585729042573,18.71055831976265],[-98.56583549596532,18.71054261506761],[-98.56530127772812,18.71015767535742],[-98.56510934003367,18.71001937033499],[-98.56461813984059,18.709610109745743],[-98.56392594023855,18.71017811023109],[-98.56365321581842,18.710204272022537],[-98.56233575078959,18.711126370478063],[-98.5618107134859,18.71149974327537]]]]},"properties":{"N_CS_G1":"N","N_CP_G1":"Mólico","N_G2":"PHAEOZEM","TEXTURA":"MEDIA","F_SUPERF":"GRAVOSA"}},
{"type":"Feature","geometry":{"type":"MultiPolygon","coordinates":[[[[-98.53404063257103,18.73395791630872],[-98.53432509027361,18.733008149869764],[-98.5353343804265,18.731970920203572],[-98.53537755043607,18.73189844008689],[-98.53537925980613,18.731895570072524],[-98.53528395622439,18.731834128886856],[-98.53409410983323,18.732911866652593],[-98.53404063257103,18.73395791630872]]],[[[-98.54756220248501,18.736408478914527],[-98.5469705274867,18.736325813048783],[-98.54695811975027,18.736324079578036],[-98.54722227968506,18.735458000385847],[-98.54690896727412,18.735087147105176],[-98.54690302989606,18.735080120026797],[-98.54654388980902,18.734776879623272],[-98.54617347964995,18.734589829763586],[-98.54554129001545,18.734483750296715],[-98.5451266502248,18.734904569654002],[-98.54348365962315,18.73579454008232],[-98.54355030972077,18.737059779547238],[-98.5431759495404,18.737408259663383],[-98.54261508017741,18.737831170221227],[-98.5421222495462,18.738448169686077],[-98.54164000021184,18.738687259569932],[-98.54138522012607,18.738884579603656],[-98.54065374971812,18.73949394981137],[-98.53993590960478,18.740130310316157],[-98.5394015703412,18.74080391031027],[-98.53869521974843,18.74094799990205],[-98.53822712026106,18.742370820093505],[-98.53811690952962,18.743075219965267],[-98.53795639973187,18.743738080377746],[-98.5375090298066,18.7438779396269],[-98.53724941445674,18.744957099018045],[-98.53724914986736,18.744958200373688],[-98.53716586947215,18.744858702652724],[-98.53715722981019,18.74484838024408],[-98.53644018020034,18.744869379707158],[-98.53590671025644,18.74491989016356],[-98.53588943542273,18.744918378798374],[-98.53588282993654,18.74491780027452],[-98.5354978295506,18.74374690966544],[-98.53559760821706,18.74303551733869],[-98.53560046024465,18.743015180005482],[-98.5355473100884,18.74305740033037],[-98.53539595025384,18.74311759999504],[-98.53520217030417,18.742949660090524],[-98.5342831067187,18.74284649182291],[-98.53426428957287,18.742844379716324],[-98.53436291005869,18.742754980223573],[-98.53425397964257,18.741633680312415],[-98.53409162034256,18.740830690218207],[-98.53383086031346,18.738036490047485],[-98.53401217012106,18.738086510320986],[-98.53402137962689,18.73744495013784],[-98.53403244967448,18.7371063199753],[-98.53403855000774,18.736397110392023],[-98.53395221527911,18.73568738344215],[-98.533902333111,18.73666307511296],[-98.53329336801491,18.737757347461798],[-98.53328586957913,18.740469703086397],[-98.5338281557445,18.741625597195508],[-98.53388456818256,18.74331235807548],[-98.53385662912767,18.743338270616906],[-98.53397721725015,18.743686514938048],[-98.53347088881418,18.744534771871226],[-98.53265120097309,18.746343605281485],[-98.53264434307594,18.748819855647582],[-98.53261562713413,18.749554078119154],[-98.53264229738605,18.749558664111202],[-98.53318410031824,18.75004013643232],[-98.53392071583993,18.750189966788056],[-98.53593678235296,18.750601679740896],[-98.53775805599382,18.751345016236417],[-98.5379669914251,18.75148222547424],[-98.53808122526192,18.75155706817453],[-98.53894893136017,18.751910546989873],[-98.53991796658863,18.751854196689898],[-98.54191738403576,18.7518591186044],[-98.54266364194483,18.751958102424634],[-98.54271536560807,18.751907393258907],[-98.54527939630755,18.751867346262593],[-98.54667545749751,18.7508901786093],[-98.54807011470514,18.750431522332182],[-98.5492239451855,18.749338519821443],[-98.54978596761475,18.74781593065127],[-98.54980894752903,18.74775361964627],[-98.54966586013083,18.747737540167737],[-98.54936905965798,18.74805576993131],[-98.54895181953503,18.748542630284735],[-98.54817966205918,18.74835456058118],[-98.54816989011624,18.74835218044703],[-98.54816608997946,18.747246050112622],[-98.54788561940398,18.74518840574907],[-98.54788454007146,18.74518049036271],[-98.54684590159133,18.744897919587928],[-98.54682667995885,18.744892690249458],[-98.54736075045149,18.744606000287494],[-98.54738122952567,18.744518830145225],[-98.54737478026783,18.74335746000073],[-98.54734209044504,18.742540310117107],[-98.54734850964971,18.741432280118083],[-98.54739779961191,18.740937600308],[-98.54759766024381,18.74056783026003],[-98.54766876963316,18.739610279791183],[-98.54761514029843,18.73922448978732],[-98.54761957009303,18.7389848898127],[-98.54794614046202,18.73824903032883],[-98.54850408830121,18.737391473013435],[-98.54816551498521,18.73739065325292],[-98.54762097909581,18.73704252001176],[-98.54756173892798,18.736581464039375],[-98.54756220248501,18.736408478914527]]]]},"properties":{"N_CS_G1":"N","N_CP_G1":"Háplico","N_G2":"N","TEXTURA":"MEDIA","F_SUPERF":"N"}},
{"type":"Feature","geometry":{"type":"Polygon","coordinates":[[[-98.47620019271949,18.750165775927503],[-98.47580817016583,18.750470570012617],[-98.4752174001534,18.750377169622027],[-98.47437647980837,18.75056578012533],[-98.47373402963775,18.751827169947813],[-98.47269391961032,18.753881290224605],[-98.47265616962575,18.75394851985275],[-98.47218919994543,18.75420242035646],[-98.47169437981408,18.754291229759225],[-98.47072186009886,18.754369179961103],[-98.47014278010388,18.754732220430352],[-98.46899986035093,18.754655380087087],[-98.46900054014984,18.754677927652725],[-98.47086100128182,18.755201358980667],[-98.47344008503623,18.754341063624],[-98.4771175065951,18.754751309331983],[-98.4771707577884,18.752681891256174],[-98.47620019271949,18.750165775927503]]]},"properties":{"N_CS_G1":"Calcárico","N_CP_G1":"Lítico","N_G2":"LEPTOSOL","TEXTURA":"MEDIA","F_SUPERF":"N"}},
{"type":"Feature","geometry":{"type":"MultiPolygon","coordinates":[[[[-98.63223988900236,18.71105020847691],[-98.63332890972363,18.71095608988794],[-98.6342067197648,18.711017630435816],[-98.63564589032772,18.7103816601871],[-98.63644602005411,18.709951020402293],[-98.63668605968262,18.70980381974211],[-98.63763988009482,18.709274119617824],[-98.63846914022244,18.7088475697578],[-98.63909597971755,18.70847880012328],[-98.63983216999057,18.708042200375605],[-98.64032929032972,18.707643940031435],[-98.64034948046537,18.707662489894602],[-98.64132499978842,18.708455970348194],[-98.64225576994934,18.70901473974799],[-98.64234809005553,18.70883750978732],[-98.64261652029789,18.707409619698627],[-98.64269964991135,18.706887910372227],[-98.64269940005362,18.706839490301245],[-98.64379971983242,18.706507779674915],[-98.64365561951887,18.706216910318965],[-98.64455232011885,18.706089150053607],[-98.64575166028737,18.705213109805033],[-98.6467503401383,18.705089380079798],[-98.64779764987598,18.7048939200007],[-98.64803156992954,18.70498651020937],[-98.64853302884423,18.704946460227188],[-98.64824811151264,18.702846609387446],[-98.64602764049036,18.703077387795997],[-98.64306709528009,18.704276007619317],[-98.64084685624452,18.70243598225104],[-98.64247240149477,18.699577572018704],[-98.63952698591633,18.698427517850835],[-98.63813068305267,18.69636762930051],[-98.63585730597553,18.695327271662222],[-98.63128699512833,18.695387211191793],[-98.6285172694015,18.695546656253928],[-98.62574030190208,18.696296878487413],[-98.62653360602076,18.69835678088622],[-98.62803639143401,18.700996501924354],[-98.6298905425877,18.70237729205178],[-98.6309738420892,18.704146287635183],[-98.63170647647442,18.70661612879497],[-98.63283529787296,18.70873541071105],[-98.63223988900236,18.71105020847691]]],[[[-98.62164160558878,18.742353740566784],[-98.6216959997905,18.742021350129754],[-98.6223419096813,18.741533820021548],[-98.62263746045448,18.740886750231027],[-98.62312959978023,18.74080305971747],[-98.62304626035333,18.739852379802304],[-98.6228044201523,18.73959943035925],[-98.62271950988811,18.739239579773667],[-98.62250064994954,18.73882794003292],[-98.62208487985318,18.738442799951272],[-98.62155108032327,18.737457580408126],[-98.62124017011024,18.736750340373742],[-98.62087648993281,18.736365309546017],[-98.6205402798145,18.735292660242965],[-98.62076462040439,18.733941879855852],[-98.6206878904106,18.733321879559835],[-98.62051814018618,18.73288743040347],[-98.61991970959829,18.732238630426547],[-98.61966758462917,18.73191359582734],[-98.61916757736525,18.732624819777538],[-98.61859290059857,18.73479491861496],[-98.61818161136956,18.73680945169133],[-98.6167946062081,18.73820290756631],[-98.61491908450714,18.739826931097006],[-98.6145078534764,18.741531918805432],[-98.61605177024687,18.74285345817806],[-98.61849500223707,18.742160325965173],[-98.61917799441618,18.741922227417238],[-98.62164160558878,18.742353740566784]]]]},"properties":{"N_CS_G1":"N","N_CP_G1":"Epiléptico","N_G2":"REGOSOL","TEXTURA":"MEDIA","F_SUPERF":"N"}},
{"type":"Feature","geometry":{"type":"MultiPolygon","coordinates":[[[[-98.6133862693244,18.757558904301213],[-98.61366040036191,18.757308750456694],[-98.61402940031505,18.75697201966943],[-98.61436125041068,18.75666919994841],[-98.61467026018038,18.756387199911924],[-98.61509474975074,18.75599981993875],[-98.61548229022628,18.75564614998155],[-98.61593298024684,18.755234850413544],[-98.6165921318612,18.754633310929464],[-98.61588872077267,18.752213758987242],[-98.61469849373566,18.749692086342616],[-98.61229497435595,18.74647312450447],[-98.6112117639336,18.744123366527806],[-98.60867099900281,18.7456838024257],[-98.60542826264395,18.74314306532594],[-98.60345239033904,18.741483872712287],[-98.60230782139591,18.739824175310822],[-98.59937053864334,18.738323302892645],[-98.60087352712415,18.73683420190467],[-98.59731810994461,18.735004363656934],[-98.59444183671518,18.73333409267912],[-98.59131329090319,18.73401298650493],[-98.58619357721616,18.73332501288034],[-98.58547651386475,18.735843762508438],[-98.58417410054307,18.73800640645365],[-98.58501304960164,18.738199999965357],[-98.58519283017657,18.738276799562637],[-98.58512804971367,18.738674199963587],[-98.58555531974373,18.73904139989094],[-98.58629876953573,18.73968228958348],[-98.58718611006184,18.74078185027515],[-98.58819764956824,18.741356090411067],[-98.58938872916653,18.74256370527123],[-98.59003915880129,18.74255291839302],[-98.59031458999054,18.74272366390132],[-98.59066357997334,18.74278340035805],[-98.59220909040047,18.742415170434207],[-98.59334556415095,18.74440143750427],[-98.59695190159394,18.74583392974874],[-98.60045393885164,18.747262621461612],[-98.60489449868186,18.748763282850504],[-98.60856419201042,18.750311927303642],[-98.6110743132235,18.751011945032978],[-98.61139495307282,18.75570196493556],[-98.61305817408488,18.757533268507547],[-98.6133862693244,18.757558904301213]]],[[[-98.58127618144059,18.76024388602349],[-98.58127642022616,18.760148680434703],[-98.58121244961153,18.75980939985001],[-98.58111602980934,18.759500860206366],[-98.58101922976564,18.75934649008919],[-98.5808254204725,18.759130249668136],[-98.5807284596697,18.759037540117813],[-98.58076147995585,18.758790969995378],[-98.58115085964737,18.758514369880142],[-98.58153972021769,18.758453570317265],[-98.58205802956714,18.7584547401768],[-98.5824141804739,18.758517179806315],[-98.58273706001073,18.758949539998756],[-98.58276885013181,18.75919625978354],[-98.58289805016203,18.759350689598048],[-98.58324050963827,18.759505019619155],[-98.58344812025689,18.759598570158744],[-98.58393386032452,18.759661309662505],[-98.58438729026426,18.759693149641635],[-98.58490505957873,18.759910119902106],[-98.58519638032651,18.760003259908963],[-98.58555515016083,18.759596450222357],[-98.58678328024686,18.758642690094735],[-98.58675564954784,18.7581771495846],[-98.5869000900819,18.757931049571543],[-98.58713085017736,18.757685110100915],[-98.58739008011467,18.7575487798528],[-98.58759181955978,18.757412320361446],[-98.58767897012198,18.757056550279053],[-98.58750794988681,18.756399020162366],[-98.58719262958236,18.755932850072448],[-98.58690594997714,18.755521489851656],[-98.58670537993423,18.755192480155465],[-98.58636082983456,18.754917910165293],[-98.58598724989872,18.754752780202878],[-98.5858101403427,18.75467288976361],[-98.58547918009276,18.754185799695783],[-98.58517366010443,18.753747400030296],[-98.58502132039762,18.753357980219963],[-98.58486962958656,18.752701059606046],[-98.58453892015899,18.75211671018682],[-98.58409570971844,18.75162614955764],[-98.58397834038682,18.751507520363234],[-98.58362134988297,18.75121491017536],[-98.58301152015447,18.750715909668926],[-98.58276826023987,18.750514050169993],[-98.5818902896008,18.750045419883538],[-98.5818797798082,18.75000006042945],[-98.58181388032162,18.749731579903827],[-98.58175180003568,18.749448180027827],[-98.58260554999563,18.749050149702246],[-98.58290013957766,18.74836584970432],[-98.58268406032309,18.747996449892735],[-98.58268762009136,18.747507629680218],[-98.58320244962415,18.747031739679688],[-98.5831212896423,18.74611186036809],[-98.58271103006751,18.744872419616325],[-98.58247408046978,18.744080349780756],[-98.58232397003283,18.7428025404052],[-98.58250307995468,18.741754829991436],[-98.5820429756138,18.74116826855435],[-98.58161216521933,18.741754712031227],[-98.58106703352253,18.74209013644653],[-98.57946605799398,18.74307840053621],[-98.57806866750762,18.745159520628846],[-98.57739307506954,18.750461881335283],[-98.57791858394422,18.752294297669874],[-98.57784458474733,18.755323954650034],[-98.57982944386208,18.756907744510844],[-98.5798881796485,18.759749042441477],[-98.58127618144059,18.76024388602349]]]]},"properties":{"N_CS_G1":"N","N_CP_G1":"Endoléptico","N_G2":"REGOSOL","TEXTURA":"MEDIA","F_SUPERF":"N"}},
{"type":"Feature","geometry":{"type":"Polygon","coordinates":[[[-98.48065738630314,18.760941654848292],[-98.47747612689572,18.76111126019822],[-98.47530106992558,18.765120020347172],[-98.4787271699052,18.76729973362488],[-98.47855130471211,18.769711097799046],[-98.47981057251587,18.772110654831796],[-98.4829310949835,18.774410315439194],[-98.48588359644036,18.775439707141775],[-98.48799691205429,18.775909819621965],[-98.4897370447533,18.7744787733493],[-98.49040070420142,18.77229918466874],[-98.48913388896364,18.769600310285856],[-98.48781409534494,18.767371228073074],[-98.48480038055213,18.766621858925177],[-98.48312172253029,18.764840233609828],[-98.48155005535786,18.76318089699215],[-98.48065738630314,18.760941654848292]]]},"properties":{"N_CS_G1":"N","N_CP_G1":"Réndzico","N_G2":"LEPTOSOL","TEXTURA":"FINA","F_SUPERF":"N"}},
{"type":"Feature","geometry":{"type":"Polygon","coordinates":[[[-98.53735996411275,18.77044584102243],[-98.54800993644012,18.77950943836385],[-98.55111182990156,18.772738842840834],[-98.54466600440303,18.766903075536604],[-98.54122914162689,18.764219557146497],[-98.53862864707168,18.76798176059763],[-98.53735996411275,18.77044584102243]]]},"properties":{"N_CS_G1":"N/A","N_CP_G1":"N/A","N_G2":"N/A","TEXTURA":"N/A","F_SUPERF":"N/A"}},
{"type":"Feature","geometry":{"type":"MultiPolygon","coordinates":[[[[-98.45041318386244,18.77308791061093],[-98.45025837992458,18.772788020415557],[-98.45000698011165,18.772411400255283],[-98.44988282973324,18.772262140382676],[-98.44975611040965,18.772174050145285],[-98.44963069045578,18.77207353991831],[-98.44958825984864,18.77193077028307],[-98.44955571017105,18.771848150015654],[-98.4495322595292,18.77169780027099],[-98.44949464993584,18.771566629581447],[-98.4493613396608,18.771433219790076],[-98.44920454978293,18.771153819780075],[-98.44896316978605,18.770742629777903],[-98.44883714035403,18.770511219887357],[-98.44860717041729,18.77012314960369],[-98.44841546015627,18.76987875007528],[-98.44829937016095,18.769727539638637],[-98.4480752899735,18.769573750312055],[-98.44786264985811,18.769596479987516],[-98.44771271963526,18.769536540347996],[-98.44746082977476,18.769345710426894],[-98.44734219980103,18.769131939705186],[-98.44725814027609,18.768988200102367],[-98.44723091963797,18.769007719871322],[-98.4469072799055,18.768763449547816],[-98.44665845990534,18.76860125028953],[-98.4465449800097,18.7684943502623],[-98.44649868004174,18.76837290989955],[-98.44635801959593,18.768250860226832],[-98.44622456955935,18.768193689818744],[-98.44612051987428,18.768139370431033],[-98.44597663022363,18.768185799689256],[-98.44593717976505,18.76819854034856],[-98.44575888987528,18.76834603038649],[-98.44554857958754,18.768557800280544],[-98.44534810987693,18.768683109834004],[-98.44515748043648,18.768721949970843],[-98.44500857035763,18.768906260221474],[-98.44478578020563,18.769305549690916],[-98.44462910403998,18.769552298095565],[-98.44516368204263,18.770469924439706],[-98.44185990627736,18.774990042533826],[-98.44107758351815,18.775743448227075],[-98.44005134288102,18.776728830236998],[-98.44221078175272,18.777739577430154],[-98.44491899735938,18.77562839847076],[-98.44732275611626,18.773569371468525],[-98.44948969405283,18.772829067859444],[-98.45041318386244,18.77308791061093]]],[[[-98.46900054014984,18.754677927652725],[-98.46900978017584,18.75498440010517],[-98.46682069012557,18.755020020247798],[-98.4667561403505,18.754841319715602],[-98.46466890975178,18.75506122990454],[-98.46434927967944,18.753092740005705],[-98.46238071006144,18.75328428959205],[-98.46262168953726,18.755229689877506],[-98.46258792046922,18.755239819768995],[-98.46279388017079,18.75702040033815],[-98.4628273501248,18.757093750436823],[-98.46276503007543,18.757084890416348],[-98.46253318038735,18.757033060147446],[-98.46107528042643,18.757223649886047],[-98.46135177961465,18.758585309854745],[-98.45979931003227,18.758743619844825],[-98.45990254991487,18.75900490974544],[-98.46103582017075,18.76069025009424],[-98.46119785024338,18.761820430077236],[-98.46116488029807,18.76188026040151],[-98.46146360029694,18.76269675021806],[-98.46157745037698,18.763795970417],[-98.46157127993705,18.76384268021334],[-98.45981542044352,18.7634200597297],[-98.4593687398467,18.763359820343336],[-98.45871063030107,18.76327882027476],[-98.45799246011053,18.76318318037164],[-98.45789792009812,18.76318054012954],[-98.45719670964654,18.763381569826155],[-98.4552563697455,18.763760569569076],[-98.4548018297574,18.763770180213612],[-98.45477476956931,18.763769280293044],[-98.45346084985319,18.76373056983602],[-98.45202301977449,18.76273836967581],[-98.45173122000618,18.764937079652345],[-98.45216606039659,18.766824030132476],[-98.45356471959425,18.771673779890584],[-98.45368077041967,18.7720391501355],[-98.4539775196932,18.773157920123726],[-98.45397016978023,18.77538917028068],[-98.45397294696794,18.775524845552194],[-98.45586046174168,18.77632828124318],[-98.45881329109378,18.77369909193789],[-98.46181945511042,18.773469430505497],[-98.46471065820815,18.77507962742008],[-98.46669465568486,18.774789338376447],[-98.46855610733317,18.77668911391676],[-98.46945651516647,18.779269591326145],[-98.4733631567633,18.780130182683905],[-98.47782659795874,18.781219318372735],[-98.479489807849,18.782658655741347],[-98.48122430696836,18.78291088933948],[-98.48190067905985,18.783009922991425],[-98.48284416184738,18.782452225072234],[-98.48491469138737,18.781228873667274],[-98.48624238685852,18.778940428414007],[-98.48799691205429,18.775909819621965],[-98.48588359644036,18.775439707141775],[-98.4829310949835,18.774410315439194],[-98.47981057251587,18.772110654831796],[-98.47855130471211,18.769711097799046],[-98.4787271699052,18.76729973362488],[-98.47530106992558,18.765120020347172],[-98.47747612689572,18.76111126019822],[-98.48065738630314,18.760941654848292],[-98.48048232897386,18.757901208822993],[-98.47807135834438,18.756930866263495],[-98.4771175065951,18.754751309331983],[-98.47344008503623,18.754341063624],[-98.47086100128182,18.755201358980667],[-98.46900054014984,18.754677927652725]]]]},"properties":{"N_CS_G1":"N","N_CP_G1":"Eutrico","N_G2":"FLUVISOL","TEXTURA":"GRUESA","F_SUPERF":"N"}},
{"type":"Feature","geometry":{"type":"Polygon","coordinates":[[[-98.5802096793743,18.769583960456405],[-98.58021002997634,18.76944171004267],[-98.58021105956159,18.769025109970173],[-98.58025585996906,18.76901101975571],[-98.58064911980297,18.76888723043889],[-98.58079605963002,18.768470980190234],[-98.5810565853277,18.7683889782958],[-98.58109093078896,18.76825942688371],[-98.57755035865738,18.763175747494202],[-98.57859325351883,18.760639701191558],[-98.5798881796485,18.759749042441477],[-98.57982944386208,18.756907744510844],[-98.57784458474733,18.755323954650034],[-98.57791858394422,18.752294297669874],[-98.57739307506954,18.750461881335283],[-98.57806866750762,18.745159520628846],[-98.57946605799398,18.74307840053621],[-98.58106703352253,18.74209013644653],[-98.57783139972267,18.740933943773907],[-98.57493944056723,18.745292494964893],[-98.5727118312271,18.748322877425252],[-98.57367272299763,18.751241932867693],[-98.57216236873982,18.75502292673593],[-98.57197915044085,18.75852227848975],[-98.56962911318581,18.760640677943666],[-98.567889502965,18.76241138930775],[-98.56547799467148,18.766020776566396],[-98.56463119488171,18.76877184344098],[-98.56354775917059,18.77129076535246],[-98.56345395719185,18.771331214333],[-98.56212026220146,18.77132808425039],[-98.56081694247518,18.771502377157592],[-98.55932949812365,18.77087866756059],[-98.55746686130277,18.771317088417252],[-98.55634881067667,18.771846510605382],[-98.5555067894251,18.77361810689344],[-98.55466486144066,18.775123094121778],[-98.55391826466904,18.77600697977361],[-98.55261207491706,18.777245368387007],[-98.55195702810967,18.778484186265405],[-98.55185542844825,18.781675294797964],[-98.5520331563241,18.784867073959344],[-98.55305348720546,18.78611104653193],[-98.55481943780772,18.78709019232544],[-98.55602673202269,18.788067990420725],[-98.55565193960678,18.788953896630318],[-98.55518556065503,18.789484863562613],[-98.55416295742916,18.78886109243865],[-98.55276779635687,18.78850302616595],[-98.55248622156167,18.789566509314017],[-98.55294860668988,18.79054253556141],[-98.55424949841556,18.791343209968865],[-98.55517736149766,18.79258694894855],[-98.55563953440027,18.793652212672153],[-98.55666100803744,18.794717678607004],[-98.55824059945849,18.795785594596786],[-98.5589981962583,18.796614318213322],[-98.56003784315749,18.79392022814268],[-98.55987426065433,18.79387691356114],[-98.56045869338867,18.792426653913367],[-98.56151479109742,18.790228523464304],[-98.56214724623457,18.789230243819578],[-98.5635125150102,18.789233449301435],[-98.5650858502328,18.789736452338843],[-98.5659277938126,18.789138555552057],[-98.56530000943093,18.788337274819],[-98.5642525204537,18.787234514714413],[-98.5639432972305,18.78503429835311],[-98.56457597793417,18.783935466688884],[-98.56615063319832,18.78413909706929],[-98.56720189456493,18.78354168207258],[-98.56699606911195,18.78194044100284],[-98.5684680438945,18.78124458378515],[-98.57025313061789,18.781248712129894],[-98.57046613420843,18.780048349670487],[-98.57057646092645,18.77794851968885],[-98.56984423777863,18.776947058773043],[-98.56932085256521,18.776146032224137],[-98.57005825730752,18.775347919487558],[-98.5708997742465,18.77464945556824],[-98.57195409466274,18.77305224668242],[-98.57216758382812,18.771651926978162],[-98.57280092057921,18.770253699801632],[-98.57364527017066,18.768655999544706],[-98.57438228285002,18.76775732452062],[-98.57543442241636,18.76675995232593],[-98.57658984231452,18.766662040035612],[-98.57690221552541,18.76766252244867],[-98.57784470781692,18.768764976322416],[-98.57889158289598,18.769867660728302],[-98.5802096793743,18.769583960456405]]]},"properties":{"N_CS_G1":"Calcárico","N_CP_G1":"Lítico","N_G2":"LEPTOSOL","TEXTURA":"MEDIA","F_SUPERF":"N"}},
{"type":"Feature","geometry":{"type":"Polygon","coordinates":[[[-98.5461134522924,18.787839616840586],[-98.54325945434262,18.79137870467053],[-98.53976527246923,18.7934385434135],[-98.5384452823012,18.795729654221187],[-98.53789572721767,18.798877835850828],[-98.53795672185957,18.80128872130001],[-98.53885713264587,18.803867750649605],[-98.54180975579075,18.801468828027456],[-98.54721935087872,18.801357802685896],[-98.54865899472794,18.801751039348286],[-98.5497448054294,18.802048516125637],[-98.55179731744622,18.800157867949274],[-98.55330016513453,18.797298871345006],[-98.55035523182077,18.793799938068737],[-98.54849362581197,18.791098884763308],[-98.5461134522924,18.787839616840586]]]},"properties":{"N_CS_G1":"Eutrico","N_CP_G1":"Lítico","N_G2":"LEPTOSOL","TEXTURA":"MEDIA","F_SUPERF":"N"}}
]}