{"type":"FeatureCollection", "features": [
{"type":"Feature","geometry":{"type":"Polygon","coordinates":[[[-98.61385962818291,18.72188863057619],[-98.61339034962155,18.7215080901272],[-98.61380787962759,18.72108745977192],[-98.613834630015,18.7207776003744],[-98.61327406005958,18.72040089031763],[-98.61290407979828,18.71929617967827],[-98.61314727974035,18.71874837977467],[-98.61313353168144,18.718662051687126],[-98.61198075612984,18.7186400595152],[-98.60935352256503,18.718351100091343],[-98.60905457412181,18.720452307946417],[-98.6075802989963,18.724132481950758],[-98.61287055296845,18.724621477157154],[-98.61360257338485,18.7232999051136],[-98.6136418682656,18.723084171282768],[-98.61362164958838,18.723072029546568],[-98.6134418198589,18.722897690232234],[-98.61377694953309,18.72234255335666],[-98.61385962818291,18.72188863057619]]]},"properties":{"CLAVE":"AH","DESCRIPCIO":"ASENTAMIENTOS HUMANOS"}},
{"type":"Feature","geometry":{"type":"Polygon","coordinates":[[[-98.48721946588293,18.738501680530213],[-98.48680593996718,18.738750340223998],[-98.48661695038228,18.73943549027202],[-98.48662630982248,18.739491579903948],[-98.48635354044819,18.73931271992637],[-98.48616725036236,18.73913236962989],[-98.48596545039649,18.738957520215113],[-98.48553471974792,18.738583719846645],[-98.48508550969815,18.738209780198126],[-98.48420774774925,18.73743189213709],[-98.48417310714235,18.737401191970516],[-98.48415898439578,18.737388675676154],[-98.48397638218975,18.737226848094462],[-98.48390044776025,18.737159552186537],[-98.48325591031197,18.73658833956109],[-98.48284202045544,18.736135739778636],[-98.48234523656782,18.735724181528397],[-98.48119671200624,18.74188949001766],[-98.48398676531153,18.742390268383755],[-98.48465163484131,18.74157252936474],[-98.48628028137371,18.741574750980888],[-98.48721946588293,18.738501680530213]]]},"properties":{"CLAVE":"AH","DESCRIPCIO":"ASENTAMIENTOS HUMANOS"}},
{"type":"Feature","geometry":{"type":"Polygon","coordinates":[[[-98.50496540235395,18.73622429380245],[-98.50521323776883,18.73863406435024],[-98.50833702219356,18.740445635049365],[-98.51000597600898,18.743221632260422],[-98.51069671678668,18.743422750891646],[-98.5111999212046,18.74339756040273],[-98.51312785231758,18.742074309582954],[-98.51171886946268,18.738194932778054],[-98.51204204688067,18.737647748758295],[-98.51347423311495,18.73605401942198],[-98.5135147459127,18.735980999788648],[-98.51050783808356,18.734135327184266],[-98.50496540235395,18.73622429380245]]]},"properties":{"CLAVE":"AH","DESCRIPCIO":"ASENTAMIENTOS HUMANOS"}},
{"type":"Feature","geometry":{"type":"Polygon","coordinates":[[[-98.58708965460248,18.757729015601416],[-98.58713085017736,18.757685110100915],[-98.58739008011467,18.7575487798528],[-98.58759181955978,18.757412320361446],[-98.58767897012198,18.757056550279053],[-98.58750794988681,18.756399020162366],[-98.58721321320559,18.75596328104551],[-98.58665538245837,18.755951700370023],[-98.58276516580048,18.755621833491304],[-98.57953963133109,18.75386359393729],[-98.57863568013396,18.75480518028139],[-98.58270784013843,18.75790615745096],[-98.58251189171625,18.758648022907668],[-98.58273706001073,18.758949539998756],[-98.58276885013181,18.75919625978354],[-98.58289805016203,18.759350689598048],[-98.58324050963827,18.759505019619155],[-98.58344812025689,18.759598570158744],[-98.58393386032452,18.759661309662505],[-98.58438729026426,18.759693149641635],[-98.58490505957873,18.759910119902106],[-98.5850730685251,18.75996383519251],[-98.58423116685043,18.757339641320954],[-98.58708965460248,18.757729015601416]]]},"properties":{"CLAVE":"AH","DESCRIPCIO":"ASENTAMIENTOS HUMANOS"}},
{"type":"Feature","geometry":{"type":"Polygon","coordinates":[[[-98.55199680270184,18.753949796019246],[-98.54946181793642,18.754733116644214],[-98.55117960139725,18.761389331140435],[-98.55380387569446,18.76205162104406],[-98.5559497387875,18.761740394890012],[-98.55761714610615,18.760455677006135],[-98.55852431757589,18.75939396730354],[-98.55986415149474,18.758452817858203],[-98.55855774114912,18.758071458301476],[-98.55710117554345,18.755992711877305],[-98.55496757208883,18.75582304146235],[-98.55438782336442,18.753884876095434],[-98.55199680270184,18.753949796019246]]]},"properties":{"CLAVE":"AH","DESCRIPCIO":"ASENTAMIENTOS HUMANOS"}},
{"type":"Feature","geometry":{"type":"Polygon","coordinates":[[[-98.4966707795844,18.759202580378894],[-98.49306450360352,18.75665610596874],[-98.48913747373598,18.75806446182736],[-98.48809360169234,18.763293191724852],[-98.49130136475671,18.766701034851536],[-98.49463740984179,18.763867728573988],[-98.49503912047663,18.76165575220021],[-98.49663788709694,18.75926184467316],[-98.4966707795844,18.759202580378894]]]},"properties":{"CLAVE":"AH","DESCRIPCIO":"ASENTAMIENTOS HUMANOS"}},
{"type":"Feature","geometry":{"type":"Polygon","coordinates":[[[-98.44428738230968,18.770053319422914],[-98.44417823033754,18.77020868965084],[-98.44388891956281,18.77054139995572],[-98.4435815698305,18.77069306007193],[-98.44340270954922,18.770862229843424],[-98.44319555030934,18.7711773698163],[-98.44309702002018,18.771432370028915],[-98.44305518011319,18.771585770281348],[-98.44301312012043,18.7717494796824],[-98.44297669014504,18.77190299966128],[-98.44292659991169,18.77195841992059],[-98.44292365976317,18.77207156992909],[-98.44294837981892,18.772159650193686],[-98.44259334969436,18.77292321972154],[-98.44240601960061,18.773268739781447],[-98.44218647970243,18.773603199585505],[-98.44214585032533,18.773710320021753],[-98.44214437982343,18.773766880202956],[-98.4420734599688,18.773963449812374],[-98.44202621978394,18.77411674986852],[-98.44200018007722,18.774285970043632],[-98.44196928983055,18.77443445955551],[-98.44190866041049,18.774479339773166],[-98.4418284201989,18.7744465798076],[-98.44174811032981,18.77441894001924],[-98.44165032038666,18.77443722015221],[-98.44158944015567,18.774465774234816],[-98.44198331788583,18.774597176738578],[-98.44436522211318,18.770082419125096],[-98.44428738230968,18.770053319422914]]]},"properties":{"CLAVE":"AH","DESCRIPCIO":"ASENTAMIENTOS HUMANOS"}},
{"type":"Feature","geometry":{"type":"Polygon","coordinates":[[[-98.54647025093284,18.793902697500055],[-98.54403233645316,18.788327424936966],[-98.54381768287416,18.78751956310517],[-98.54294657926081,18.78345287416767],[-98.54247846281754,18.783377772366098],[-98.53918870364768,18.78336554432658],[-98.53897604899707,18.78381020332388],[-98.53883245857163,18.78550894117786],[-98.54059564925595,18.79014238598903],[-98.54286914658337,18.79584757653442],[-98.54350265468909,18.796022870910484],[-98.54556570949968,18.795428443851815],[-98.54562045228515,18.795421409345174],[-98.54621675233358,18.79528431440781],[-98.54668604423934,18.795099644908476],[-98.54684045894987,18.79487211279036],[-98.54675518990514,18.79456790908827],[-98.54647025093284,18.793902697500055]]]},"properties":{"CLAVE":"AH","DESCRIPCIO":"ASENTAMIENTOS HUMANOS"}},
{"type":"Feature","geometry":{"type":"Polygon","coordinates":[[[-98.43955391951738,18.795353346711984],[-98.44861222139772,18.80014190735037],[-98.45036258465952,18.800761384148],[-98.45060779039261,18.795978312333293],[-98.45001995046702,18.794400152443217],[-98.44957038291516,18.792344030481555],[-98.44258369170349,18.790131822867444],[-98.43955391951738,18.795353346711984]]]},"properties":{"CLAVE":"AH","DESCRIPCIO":"ASENTAMIENTOS HUMANOS"}},
{"type":"Feature","geometry":{"type":"Polygon","coordinates":[[[-98.44200282863626,18.81079683571044],[-98.4440541191046,18.815778149001364],[-98.44880236650859,18.816363169661315],[-98.44894656013828,18.815902698750044],[-98.4527596504021,18.808355042810962],[-98.45739281486424,18.81160897776939],[-98.4599888632696,18.80852518069794],[-98.45583496896822,18.80498311162491],[-98.45391804439991,18.806136010491965],[-98.44783575968707,18.804195589884905],[-98.44585255889722,18.80789265150234],[-98.44365627487996,18.807691037740977],[-98.44200282863626,18.81079683571044]]]},"properties":{"CLAVE":"AH","DESCRIPCIO":"ASENTAMIENTOS HUMANOS"}},
{"type":"Feature","geometry":{"type":"Polygon","coordinates":[[[-98.408733683769,18.809653249031008],[-98.40738117602248,18.81323043095918],[-98.40837119047804,18.813855964250877],[-98.40782065676699,18.81564761366575],[-98.41230598954726,18.81732007576907],[-98.41228799731431,18.813228451612687],[-98.40979550209761,18.812326059799044],[-98.41063550519611,18.80909749099942],[-98.408733683769,18.809653249031008]]]},"properties":{"CLAVE":"AH","DESCRIPCIO":"ASENTAMIENTOS HUMANOS"}},
{"type":"Feature","geometry":{"type":"Polygon","coordinates":[[[-98.38813559465606,18.8178185229497],[-98.39136335633819,18.819461115129634],[-98.3930457688486,18.81769692509434],[-98.38569106414093,18.81511192206432],[-98.3868801321131,18.812974865967377],[-98.38442613180632,18.810629047048973],[-98.381725047347,18.81284964429241],[-98.37883957162023,18.812538818623008],[-98.37527421878134,18.814136643772276],[-98.3765932926495,18.81657535806109],[-98.37964935512021,18.815205757898838],[-98.38297713096786,18.81781359515593],[-98.38489833068475,18.816536630541776],[-98.38813559465606,18.8178185229497]]]},"properties":{"CLAVE":"AH","DESCRIPCIO":"ASENTAMIENTOS HUMANOS"}},
{"type":"Feature","geometry":{"type":"Polygon","coordinates":[[[-98.40061869473472,18.81679726423268],[-98.39957145050683,18.818336233988916],[-98.40227415371427,18.820808210531794],[-98.40408218003678,18.81904692546062],[-98.40500999259588,18.817264376043223],[-98.40202405722583,18.815988932475584],[-98.40061869473472,18.81679726423268]]]},"properties":{"CLAVE":"AH","DESCRIPCIO":"ASENTAMIENTOS HUMANOS"}},
{"type":"Feature","geometry":{"type":"Polygon","coordinates":[[[-98.35339285362133,18.82058830817357],[-98.35795854634053,18.817083222657114],[-98.35555647521713,18.81281287498409],[-98.35117197685793,18.81679668557762],[-98.35339285362133,18.82058830817357]]]},"properties":{"CLAVE":"AH","DESCRIPCIO":"ASENTAMIENTOS HUMANOS"}},
{"type":"Feature","geometry":{"type":"Polygon","coordinates":[[[-98.61608626569745,18.826086096949368],[-98.61548557974973,18.82598062961093],[-98.61474893995724,18.82620226022172],[-98.61423098034508,18.82639518024386],[-98.61384510979168,18.826421170323254],[-98.61303980012549,18.828015650316058],[-98.61231255039651,18.82896435031498],[-98.61189556389606,18.82926396076164],[-98.61407471912496,18.831784510529133],[-98.61698181036223,18.831250824135882],[-98.61716985899007,18.82873916749857],[-98.61608626569745,18.826086096949368]]]},"properties":{"CLAVE":"AH","DESCRIPCIO":"ASENTAMIENTOS HUMANOS"}},
{"type":"Feature","geometry":{"type":"Polygon","coordinates":[[[-98.39678138406501,18.833430880633202],[-98.39861359326855,18.835520977227073],[-98.40254060312321,18.83453288027355],[-98.40333961013798,18.832867452295716],[-98.40339680099311,18.830702761171747],[-98.40125586166494,18.830771355006014],[-98.39920568132834,18.832165823833275],[-98.39887614363592,18.830352794834447],[-98.39659990813057,18.830779059293352],[-98.39678138406501,18.833430880633202]]]},"properties":{"CLAVE":"AH","DESCRIPCIO":"ASENTAMIENTOS HUMANOS"}},
{"type":"Feature","geometry":{"type":"Polygon","coordinates":[[[-98.51616409021626,18.824826700783888],[-98.51636698025128,18.824864310424946],[-98.51688138009895,18.824988999906843],[-98.51890065977861,18.825362429700448],[-98.51894724958586,18.825368970264673],[-98.5201737504674,18.825648889578567],[-98.52159188964009,18.825944090298293],[-98.52193152043606,18.826005119836548],[-98.52318562962344,18.826240770104796],[-98.52340604389654,18.82628522709821],[-98.52317076150936,18.82561910110891],[-98.52172672057178,18.822590003424374],[-98.51616409021626,18.824826700783888]]]},"properties":{"CLAVE":"AH","DESCRIPCIO":"ASENTAMIENTOS HUMANOS"}},
{"type":"Feature","geometry":{"type":"Polygon","coordinates":[[[-98.58494940376347,18.839862950749],[-98.58495759365813,18.84394623709636],[-98.58839811294878,18.847258999284705],[-98.59264121893382,18.848672934197204],[-98.59444673844943,18.84691666484253],[-98.59269476030425,18.841485742960174],[-98.58727547535717,18.839103539221128],[-98.58722579438032,18.839245821564973],[-98.58673131925043,18.839646385357543],[-98.58618175735117,18.8400971717582],[-98.58558863831324,18.84013505624078],[-98.58494940376347,18.839862950749]]]},"properties":{"CLAVE":"AH","DESCRIPCIO":"ASENTAMIENTOS HUMANOS"}},
{"type":"Feature","geometry":{"type":"Polygon","coordinates":[[[-98.3722900355242,18.841139537732627],[-98.37058141320496,18.84386578331819],[-98.37481569233402,18.84553343300122],[-98.37749098720136,18.839581401139224],[-98.37302777782304,18.83706590148755],[-98.3722900355242,18.841139537732627]]]},"properties":{"CLAVE":"AH","DESCRIPCIO":"ASENTAMIENTOS HUMANOS"}},
{"type":"Feature","geometry":{"type":"Polygon","coordinates":[[[-98.47516140460323,18.84362679462954],[-98.47269281231864,18.84322773191036],[-98.47215411214444,18.84250430906786],[-98.47129798297303,18.839676950113617],[-98.47129980908583,18.83960592856209],[-98.4643891553526,18.839619580087966],[-98.46393079135606,18.84010614177718],[-98.46362765392217,18.846103974930294],[-98.46490895528403,18.846845078737918],[-98.47013717481207,18.847253438944957],[-98.47083354240073,18.84762528687716],[-98.47516371625777,18.84993860883106],[-98.47772406669381,18.85130634839653],[-98.48056709208242,18.850556326179223],[-98.48440719672875,18.850043013870998],[-98.48482474598106,18.84969753857164],[-98.48472790337271,18.849126715072266],[-98.4823860421295,18.847721111848653],[-98.47924191342325,18.84572797391626],[-98.47516140460323,18.84362679462954]]]},"properties":{"CLAVE":"AH","DESCRIPCIO":"ASENTAMIENTOS HUMANOS"}},
{"type":"Feature","geometry":{"type":"Polygon","coordinates":[[[-98.35677872508104,18.845146239468864],[-98.35462514982675,18.84797886951751],[-98.35439950137811,18.84852081463277],[-98.3564745467091,18.849646172961524],[-98.35876051691774,18.846035213631314],[-98.35677872508104,18.845146239468864]]]},"properties":{"CLAVE":"AH","DESCRIPCIO":"ASENTAMIENTOS HUMANOS"}},
{"type":"Feature","geometry":{"type":"Polygon","coordinates":[[[-98.54404278195462,18.857342535034228],[-98.54417814035257,18.85771774001223],[-98.54438411886312,18.858154220038305],[-98.5445411999669,18.85849287958105],[-98.54455522017156,18.85858268999695],[-98.54453881981532,18.85866572018989],[-98.54449172048353,18.8587440603342],[-98.54440433980218,18.85877614957659],[-98.54427172015703,18.85879428991836],[-98.54405180038032,18.85881374986351],[-98.54399834976888,18.85885361987155],[-98.54397388954057,18.8589320002606],[-98.54397188024922,18.859079679730506],[-98.54400563027004,18.859147450324986],[-98.54408474956811,18.85918148958365],[-98.54419628039628,18.85919560015223],[-98.54440978029353,18.859156120060028],[-98.54456996995683,18.859105749767085],[-98.54462976956682,18.859110519654447],[-98.54469270999367,18.859153750153485],[-98.54500419923674,18.85980064980154],[-98.54503697979433,18.859957119805443],[-98.54501251963171,18.86009460036725],[-98.54501473860522,18.86027695017601],[-98.54506551039964,18.860415630324475],[-98.54517214985565,18.860529349873612],[-98.54535797033587,18.860722350200803],[-98.5454237200798,18.860859779891825],[-98.54548062000194,18.861242199456754],[-98.5454442199244,18.861474689896912],[-98.54531625987407,18.86175992021068],[-98.54513707953689,18.861964060147905],[-98.54495739996473,18.862072400512936],[-98.54478353965133,18.862222029676005],[-98.54470931962226,18.86237973976048],[-98.54468145982507,18.862737830068927],[-98.5447608496984,18.86322411980933],[-98.54508185979348,18.86389008027113],[-98.54535005011154,18.864197719983935],[-98.54599434978176,18.864685380413995],[-98.5463166199339,18.864890850289125],[-98.54669254037572,18.865147599617284],[-98.54691164833064,18.865315167529797],[-98.54706380277285,18.865290912227],[-98.54743650248591,18.86050704106183],[-98.54404278195462,18.857342535034228]]]},"properties":{"CLAVE":"AH","DESCRIPCIO":"ASENTAMIENTOS HUMANOS"}},
{"type":"Feature","geometry":{"type":"Polygon","coordinates":[[[-98.42790094975011,18.861105129240734],[-98.42890538973184,18.860807472802463],[-98.42898111734311,18.857920885211247],[-98.43071378800386,18.856638596310912],[-98.43249197804504,18.856019301520394],[-98.43317442706403,18.853989738766806],[-98.4338882327557,18.853164407815736],[-98.43620871862245,18.853460669869843],[-98.43702316563557,18.851193579802086],[-98.43726690691288,18.849093367317042],[-98.44016587182236,18.84892202717322],[-98.44152259262862,18.84757050166638],[-98.44446555498162,18.848122196676712],[-98.44959036346584,18.846028883757135],[-98.45144120029929,18.84634190131333],[-98.45732176701317,18.85184746153866],[-98.46188956712128,18.857084977719474],[-98.46464723502602,18.855730202862237],[-98.46003149941255,18.849150289413817],[-98.45131813561912,18.83701126337182],[-98.44969213524787,18.834791621584568],[-98.44845369544615,18.83329910456579],[-98.45336479360189,18.82295876417637],[-98.44727172954008,18.821250957648914],[-98.44435953927483,18.820434607969897],[-98.44423083762632,18.820548176210085],[-98.44102846792048,18.823373905947175],[-98.43296845807433,18.82107901742223],[-98.43140688874612,18.825266233558114],[-98.43591057879381,18.826533374870053],[-98.4360205484689,18.83118089731541],[-98.43458451262195,18.834471316475387],[-98.43284463404474,18.83637165117852],[-98.43256885672318,18.83667299027185],[-98.4298214892732,18.839674924493835],[-98.42603516937776,18.83704837966511],[-98.42295279901369,18.836248555420504],[-98.41880416003866,18.833965641735546],[-98.41450057295145,18.829675879829004],[-98.41357861002928,18.83038081923089],[-98.41295785983041,18.831023654317192],[-98.41245322910459,18.831402931854566],[-98.41176137328162,18.831473226877144],[-98.40969945716812,18.832146969575835],[-98.40864499829863,18.832370547436952],[-98.40601491759003,18.8331058546599],[-98.406359457861,18.8353152966836],[-98.4070445111327,18.83970821712567],[-98.41093217698126,18.846075262839676],[-98.40960989827732,18.85208898855793],[-98.40983797567168,18.854585832553834],[-98.40970577021082,18.855003398787726],[-98.41481062264498,18.858233824149256],[-98.41089608653536,18.862205522756746],[-98.41466654650932,18.864360475011768],[-98.415297507508,18.86402567303496],[-98.41779454930472,18.862700648297153],[-98.42060870690624,18.861203128531706],[-98.42288223617963,18.857234570721584],[-98.42773721156802,18.858730302673262],[-98.42790094975011,18.861105129240734]]]},"properties":{"CLAVE":"AH","DESCRIPCIO":"ASENTAMIENTOS HUMANOS"}},
{"type":"Feature","geometry":{"type":"Polygon","coordinates":[[[-98.45844106057146,18.862561578829524],[-98.4593346841502,18.86691551074613],[-98.46389108072144,18.865940626701683],[-98.46332466038832,18.863520132629407],[-98.462135610793,18.860844162579486],[-98.45844106057146,18.862561578829524]]]},"properties":{"CLAVE":"AH","DESCRIPCIO":"ASENTAMIENTOS HUMANOS"}},
{"type":"Feature","geometry":{"type":"Polygon","coordinates":[[[-98.42797557768228,18.862187510057954],[-98.42624165749262,18.8636936709814],[-98.42456060677853,18.863484814964195],[-98.42392134531445,18.86578023473519],[-98.4250716026706,18.86607263705033],[-98.42499854598503,18.86693742891726],[-98.42474042468297,18.869097610286982],[-98.42792126143905,18.86929500921952],[-98.42808392632438,18.863758908215274],[-98.42797557768228,18.862187510057954]]]},"properties":{"CLAVE":"AH","DESCRIPCIO":"ASENTAMIENTOS HUMANOS"}},
{"type":"Feature","geometry":{"type":"Polygon","coordinates":[[[-98.46443921869536,18.87565343805671],[-98.46680656478406,18.87556135578158],[-98.4679732084835,18.875674848755306],[-98.46851395842728,18.8756741641138],[-98.4679929839211,18.87277783225223],[-98.46817495264523,18.870615754381756],[-98.46733501055618,18.869031219628198],[-98.4618823857343,18.870586699745438],[-98.46443921869536,18.87565343805671]]]},"properties":{"CLAVE":"AH","DESCRIPCIO":"ASENTAMIENTOS HUMANOS"}},
{"type":"Feature","geometry":{"type":"Polygon","coordinates":[[[-98.39793108798305,18.866072517369926],[-98.39841043039117,18.87174081891789],[-98.4027875992199,18.87280949923954],[-98.40562993999607,18.874803870410066],[-98.40726205405443,18.874963623634972],[-98.40972290414105,18.872775063494267],[-98.40872509994134,18.871989987185078],[-98.40602443882634,18.869397339063774],[-98.40404363141366,18.868145956186034],[-98.39974295341801,18.86419068641889],[-98.39793108798305,18.866072517369926]]]},"properties":{"CLAVE":"AH","DESCRIPCIO":"ASENTAMIENTOS HUMANOS"}},
{"type":"Feature","geometry":{"type":"Polygon","coordinates":[[[-98.47603201453036,18.866123528467693],[-98.4730212038479,18.86761113221771],[-98.47086525909369,18.87562990642306],[-98.4735788690149,18.877008663595902],[-98.47764154256161,18.876890893741287],[-98.4778780980599,18.873900812690596],[-98.47780989455437,18.87157604115623],[-98.47815834837618,18.87045328496188],[-98.48130555628751,18.868632542606377],[-98.48137101120199,18.868572956267084],[-98.48066309336166,18.866263678257067],[-98.47703069471632,18.867064184682103],[-98.4764059304964,18.8664991869221],[-98.47603201453036,18.866123528467693]]]},"properties":{"CLAVE":"AH","DESCRIPCIO":"ASENTAMIENTOS HUMANOS"}},
{"type":"Feature","geometry":{"type":"Polygon","coordinates":[[[-98.4268193642847,18.87658776378345],[-98.42948818759655,18.877155100602756],[-98.43060140942303,18.877903946352877],[-98.4304251442205,18.87982547334556],[-98.43355745358097,18.880381979979738],[-98.43406719755095,18.8753391125523],[-98.43218661665392,18.87505334312679],[-98.43227772898199,18.8763794637571],[-98.43015816799186,18.875606507507943],[-98.43000122492715,18.8719920311768],[-98.42842231986424,18.87460201372739],[-98.42703873348512,18.87432820778701],[-98.4268193642847,18.87658776378345]]]},"properties":{"CLAVE":"AH","DESCRIPCIO":"ASENTAMIENTOS HUMANOS"}},
{"type":"Feature","geometry":{"type":"Polygon","coordinates":[[[-98.54814022322047,18.884090100330276],[-98.54812288994788,18.884235339711175],[-98.54814462011385,18.884602690004723],[-98.54815503003948,18.884778649739495],[-98.5482544902779,18.885290170152626],[-98.54829893994736,18.885536979557234],[-98.54838694022413,18.88602545996322],[-98.54837666023309,18.88607826003043],[-98.54832411991944,18.88634821991267],[-98.5483035798245,18.88645381963743],[-98.5482511395671,18.886922489734037],[-98.5482436199401,18.886999020317052],[-98.54822021953125,18.887237280106106],[-98.54803083016034,18.887308780188576],[-98.54779571037018,18.887334620095814],[-98.54678731992769,18.88718448003947],[-98.54623131009933,18.88709925013434],[-98.54611915757378,18.887100747242968],[-98.55002312874332,18.891364071085608],[-98.55190488731085,18.888627458104438],[-98.55623816520882,18.884509132635582],[-98.55795212525817,18.88193012648246],[-98.5562535415126,18.879908658568247],[-98.55359121426096,18.87851249119156],[-98.55351620028136,18.878579030088684],[-98.5532068903255,18.878940939611326],[-98.55285401993356,18.87933591954627],[-98.55280848990029,18.879568350264393],[-98.55322531011285,18.87986768009814],[-98.55324922024232,18.879996619551907],[-98.55283560042803,18.880376829624044],[-98.55249471971221,18.880635380078512],[-98.55247005042817,18.880650319677777],[-98.55189805016725,18.880877600061464],[-98.55119430999407,18.88108956960175],[-98.55097576998342,18.881089050005027],[-98.55088561973669,18.881088819865088],[-98.55075800285468,18.881088509207732],[-98.54814022322047,18.884090100330276]]]},"properties":{"CLAVE":"AH","DESCRIPCIO":"ASENTAMIENTOS HUMANOS"}},
{"type":"Feature","geometry":{"type":"Polygon","coordinates":[[[-98.3837959494011,18.885672742529795],[-98.38287379985782,18.887495085508718],[-98.38067455583129,18.89574348222624],[-98.38397359959656,18.8968121006594],[-98.3849053509691,18.89454901352343],[-98.38748464609586,18.894735196332604],[-98.38972124605706,18.890327692295987],[-98.39087606087323,18.88737357339676],[-98.39101525005307,18.8845353487379],[-98.38865435532176,18.882192464290984],[-98.3859705045156,18.88598815786024],[-98.3837959494011,18.885672742529795]]]},"properties":{"CLAVE":"AH","DESCRIPCIO":"ASENTAMIENTOS HUMANOS"}},
{"type":"Feature","geometry":{"type":"Polygon","coordinates":[[[-98.42696607000799,18.890189174272468],[-98.42357989942478,18.891907629602773],[-98.41956995791749,18.89121329092695],[-98.41935933858508,18.894443360025274],[-98.41930593234407,18.896478996915388],[-98.4225235237463,18.898592349387812],[-98.42531324950843,18.897819842818237],[-98.42594818155393,18.89280255789007],[-98.42745330481547,18.891917655204487],[-98.42720768524339,18.891740855026104],[-98.42697274843326,18.891110325064883],[-98.42692938785169,18.89084490750708],[-98.42696607000799,18.890189174272468]]]},"properties":{"CLAVE":"AH","DESCRIPCIO":"ASENTAMIENTOS HUMANOS"}},
{"type":"Feature","geometry":{"type":"Polygon","coordinates":[[[-98.45542965917707,18.899920354576388],[-98.45899980168895,18.90273128502699],[-98.46027804759329,18.901272514159793],[-98.46193218795459,18.901614730328575],[-98.46294269645688,18.9003010201372],[-98.4648529442663,18.897872887847058],[-98.46503290773589,18.896009419345425],[-98.46353839987931,18.895620557987254],[-98.46338142662708,18.895566350190794],[-98.45789946874133,18.8942244797149],[-98.45770375257594,18.89464889340906],[-98.45542965917707,18.899920354576388]]]},"properties":{"CLAVE":"AH","DESCRIPCIO":"ASENTAMIENTOS HUMANOS"}},
{"type":"Feature","geometry":{"type":"Polygon","coordinates":[[[-98.44478788457783,18.912625548701858],[-98.44913496359074,18.91472495657482],[-98.45241929057262,18.916308236727946],[-98.45586429029356,18.908293457415517],[-98.45418531764629,18.90761637530528],[-98.44930311453967,18.905648951465388],[-98.44478788457783,18.912625548701858]]]},"properties":{"CLAVE":"AH","DESCRIPCIO":"ASENTAMIENTOS HUMANOS"}},
{"type":"Feature","geometry":{"type":"Polygon","coordinates":[[[-98.39546402163123,18.911697719025643],[-98.39466126747614,18.913483930302398],[-98.39535250509552,18.91590821543749],[-98.39785635336246,18.91645032068093],[-98.39948577415433,18.916730485648806],[-98.40062286313255,18.91182251369305],[-98.39727971246822,18.909695277858788],[-98.39546402163123,18.911697719025643]]]},"properties":{"CLAVE":"AH","DESCRIPCIO":"ASENTAMIENTOS HUMANOS"}},
{"type":"Feature","geometry":{"type":"Polygon","coordinates":[[[-98.47421880518107,18.91801369115779],[-98.47441530423316,18.918035475413294],[-98.47553622628271,18.91806202351658],[-98.47648653714249,18.918493070681723],[-98.47689653008318,18.9191666647254],[-98.47687426213757,18.920034300635596],[-98.4767393684735,18.920605875721566],[-98.47879737205143,18.922007412617216],[-98.48447816391291,18.92177994252787],[-98.48534637856073,18.91746009789927],[-98.48333926890811,18.917051018580878],[-98.48419815186837,18.913092729237178],[-98.47426412106721,18.91201390747295],[-98.47421880518107,18.91801369115779]]]},"properties":{"CLAVE":"AH","DESCRIPCIO":"ASENTAMIENTOS HUMANOS"}},
{"type":"Feature","geometry":{"type":"Polygon","coordinates":[[[-98.35988753507456,18.914737539268796],[-98.35986962978615,18.914825319792854],[-98.35983447975582,18.915081339632575],[-98.35965947989091,18.9160717699532],[-98.3596173997124,18.916253050209445],[-98.35960237991671,18.91631480041746],[-98.360257460042,18.916450220409644],[-98.36161496973156,18.91672516971638],[-98.36176237981721,18.916744909580952],[-98.36147285952796,18.916871880183585],[-98.3610464495969,18.91706002036561],[-98.36098403630403,18.917070252266495],[-98.36067777960099,18.91712046030176],[-98.35986175040897,18.91724219980726],[-98.35965436962233,18.917282779925884],[-98.35935502029723,18.917636000425414],[-98.35906637961044,18.917994340436916],[-98.35807093957223,18.919226199723173],[-98.35803411092526,18.919384333215646],[-98.35798882043271,18.919578800014058],[-98.35789725958166,18.919619599762886],[-98.3578110300709,18.919763460134],[-98.35774867968273,18.91986027989356],[-98.357621229707,18.920066339549656],[-98.35760383019735,18.920106660345393],[-98.35751807004941,18.920175651132617],[-98.35745167963005,18.920229060310348],[-98.35738567281658,18.920283214204982],[-98.35733725677532,18.920322935473898],[-98.35727024956877,18.920377910203335],[-98.35707674959012,18.920448310192675],[-98.35690282028447,18.920500449565893],[-98.35688595069101,18.920507364641995],[-98.35680126013312,18.920542080254222],[-98.35676187459165,18.920574826263667],[-98.35673541998759,18.92059682032156],[-98.35671781998354,18.920677220088173],[-98.35668791984023,18.920735261124506],[-98.35659660022266,18.92077960023453],[-98.35647485031113,18.920806050363726],[-98.35643375168263,18.920837861808053],[-98.35637574420738,18.92088275999356],[-98.35636543214255,18.920890741155677],[-98.3563644000485,18.920891540427746],[-98.35630219983355,18.92100270954951],[-98.356297387323,18.921012672338396],[-98.35628582996797,18.921036600788263],[-98.3562276896828,18.921058060376627],[-98.3561778801128,18.92105838016229],[-98.35614488976864,18.92103008016389],[-98.35614274777721,18.92101267240473],[-98.35613829008527,18.920976449681767],[-98.35617306987336,18.9208927908001],[-98.35618293954747,18.920869049796796],[-98.35618839974276,18.920844740222893],[-98.35617426023546,18.920772579666007],[-98.35612363046916,18.920729519608376],[-98.35602761992031,18.920722449680458],[-98.35594565984661,18.920713780304705],[-98.35588257956773,18.920711309958087],[-98.35583608952297,18.92068826099403],[-98.35577301547285,18.920684952028996],[-98.35572930982453,18.920682660387723],[-98.35570224244833,18.920685753690908],[-98.3556205400838,18.920695090308804],[-98.355535150234,18.920721120301398],[-98.35550043185498,18.920754750585864],[-98.35546334026246,18.920790680216605],[-98.35536777067334,18.92088594752769],[-98.35782189835419,18.92144427205852],[-98.3590904368694,18.921524901367533],[-98.36048855194504,18.92160868803628],[-98.36223702776563,18.92021336828684],[-98.36469010159153,18.919872090441423],[-98.36883632711971,18.92225850683564],[-98.37222557884448,18.91954436016507],[-98.37110409336884,18.91743648838073],[-98.37103549910537,18.91733249462539],[-98.36937341501903,18.914085927647108],[-98.3679064518882,18.914254771055507],[-98.3630019626911,18.91491944472414],[-98.35988753507456,18.914737539268796]]]},"properties":{"CLAVE":"AH","DESCRIPCIO":"ASENTAMIENTOS HUMANOS"}},
{"type":"Feature","geometry":{"type":"Polygon","coordinates":[[[-98.38010245650354,18.925415974998064],[-98.37720519381169,18.925788094285235],[-98.37563635719661,18.92404511068386],[-98.3717360614871,18.925236703372555],[-98.37213746685477,18.92659745693375],[-98.37037706907617,18.930832646918844],[-98.37248642107984,18.932492407652557],[-98.37551158162927,18.932598280895736],[-98.37639369613943,18.931043595703663],[-98.37875401454222,18.930843714650937],[-98.37962933722449,18.93337401167027],[-98.38270338051755,18.932901922947188],[-98.38281211058145,18.931328399634193],[-98.38359811379736,18.930865005475926],[-98.3834002430562,18.928158225159073],[-98.38439218609133,18.92753900478962],[-98.38349819426608,18.92571599008387],[-98.38165893210143,18.92536846650606],[-98.38010245650354,18.925415974998064]]]},"properties":{"CLAVE":"AH","DESCRIPCIO":"ASENTAMIENTOS HUMANOS"}},
{"type":"Feature","geometry":{"type":"Polygon","coordinates":[[[-98.3974272781951,18.947229482881315],[-98.39787567000519,18.948026865150577],[-98.3977534888201,18.948838764860543],[-98.39813809989265,18.949518759185292],[-98.3978254988042,18.950012729783108],[-98.39880904727592,18.95178776691972],[-98.40191458790154,18.951502465597027],[-98.40391442718776,18.949361144521692],[-98.40412605370888,18.949703767253883],[-98.40422387067846,18.94981000624954],[-98.40631911083884,18.948755689934373],[-98.40583967111216,18.947833576338336],[-98.40466430371602,18.946559346339924],[-98.40254133516014,18.94492697674719],[-98.39966118259888,18.943228276586655],[-98.39951651626644,18.944449089671874],[-98.39885735434757,18.945953993944133],[-98.39759235511283,18.947114058379746],[-98.3974272781951,18.947229482881315]]]},"properties":{"CLAVE":"AH","DESCRIPCIO":"ASENTAMIENTOS HUMANOS"}},
{"type":"Feature","geometry":{"type":"Polygon","coordinates":[[[-98.38478961937298,18.96894674716276],[-98.38304077033102,18.969760016107305],[-98.38147149160139,18.970340099943165],[-98.38080945031061,18.971152670652934],[-98.3809335824909,18.972887386708955],[-98.38093752106766,18.97415860176856],[-98.38440842917811,18.975842045741615],[-98.38250711454995,18.9774777042482],[-98.38705259586676,18.978637670604186],[-98.39219711234904,18.9750397024244],[-98.39031739596132,18.972652757527904],[-98.39177736528093,18.97131726348699],[-98.38956477646904,18.96980346421361],[-98.38787582636594,18.97102332129353],[-98.38654862388486,18.97172007239988],[-98.3850991619655,18.972012323636193],[-98.38449464121737,18.97131783753616],[-98.38478961937298,18.96894674716276]]]},"properties":{"CLAVE":"AH","DESCRIPCIO":"ASENTAMIENTOS HUMANOS"}},
{"type":"Feature","geometry":{"type":"Polygon","coordinates":[[[-98.3487680654597,18.98636729110304],[-98.34885387986273,18.98651264969861],[-98.34914576997429,18.98688862977372],[-98.34921061885998,18.986972170401323],[-98.3492570493098,18.987031979763668],[-98.34935410971073,18.98715700105678],[-98.34972502933863,18.98761571025763],[-98.34990874899378,18.987828001074597],[-98.35000805906733,18.987952119968394],[-98.35004572003241,18.987999200082452],[-98.3501925691553,18.988238461032285],[-98.3502989402333,18.988443479843394],[-98.35046069611128,18.98874588354495],[-98.3504760292352,18.988774550110342],[-98.35055551977291,18.98894000006287],[-98.35068228924274,18.98916777062148],[-98.35079785019491,18.98939872097698],[-98.3508640793743,18.9895177395617],[-98.35098800039265,18.98974040101631],[-98.35104073987314,18.989839800672698],[-98.3511423804738,18.990031379987443],[-98.35131124974407,18.99034082075829],[-98.3514020301931,18.990500280926543],[-98.35156196959178,18.99075553973916],[-98.35168445002786,18.990908429866497],[-98.35184087958368,18.99103758091804],[-98.35199901960826,18.991160680607543],[-98.35217018138725,18.99129629136532],[-98.35226246006788,18.991369380322926],[-98.35234511021761,18.99142992056452],[-98.35253945873345,18.99157226073145],[-98.35262497955931,18.991635350455656],[-98.35277119860767,18.991743220176733],[-98.35291583043478,18.991845429779737],[-98.35299867910693,18.99190397985033],[-98.35312305950374,18.991985941316926],[-98.35343928994178,18.992194280367638],[-98.35353709013705,18.99225871018029],[-98.35397892203054,18.992551970001013],[-98.354205910211,18.992719850364832],[-98.35459028903907,18.992362620439977],[-98.35702524147085,18.993106337124757],[-98.35882012783844,18.992007649400527],[-98.35588829500657,18.98858145510294],[-98.35717277355363,18.987653835800646],[-98.35912625541474,18.989977869858677],[-98.36105614867664,18.98846663802771],[-98.35565460828288,18.98318331720871],[-98.3487680654597,18.98636729110304]]]},"properties":{"CLAVE":"AH","DESCRIPCIO":"ASENTAMIENTOS HUMANOS"}},
{"type":"Feature","geometry":{"type":"Polygon","coordinates":[[[-98.42398399484964,18.99453829324515],[-98.42595238007762,18.99400105000993],[-98.42550868038609,18.99656568009907],[-98.42534706123685,18.997078856587038],[-98.42534555931306,18.997940598596088],[-98.42608371171785,19.000424154898788],[-98.4283118569559,19.000787933334188],[-98.4305421319231,18.99973057179563],[-98.4312877959895,18.997960031618977],[-98.4301783387564,18.994408274334575],[-98.43018426910037,18.991924725110213],[-98.43092742911666,18.990864527444025],[-98.43093063522176,18.989800031285462],[-98.4316738280638,18.989092188468994],[-98.43533813438039,18.990070991381998],[-98.43967222145103,18.98812765809885],[-98.43995864922867,18.986809984826778],[-98.43734950004502,18.985423081006434],[-98.43514651285102,18.98517602165852],[-98.4359910385765,18.981655333834297],[-98.43521251897721,18.980588428856908],[-98.43409655778873,18.979043426326268],[-98.42732095221989,18.978676141071006],[-98.42530406795066,18.97969553276033],[-98.42411144616106,18.981162352606983],[-98.42327036456695,18.98286693461566],[-98.42322562419996,18.983034810818157],[-98.42092036995149,18.98302720707085],[-98.42128742893597,18.984801210894393],[-98.41905515181749,18.98656891574115],[-98.41571106994896,18.987265684168865],[-98.41607844332833,18.989040132866588],[-98.41644859659874,18.989751766947364],[-98.41941616581316,18.990826627719283],[-98.42090153066698,18.990831514629107],[-98.42164348181407,18.991188125123713],[-98.42275182640954,18.994029461589655],[-98.42398399484964,18.99453829324515]]]},"properties":{"CLAVE":"AH","DESCRIPCIO":"ASENTAMIENTOS HUMANOS"}},
{"type":"Feature","geometry":{"type":"Polygon","coordinates":[[[-98.4936552989006,19.0083406151451],[-98.49497701938057,19.007622088986068],[-98.49687505803314,19.007305482875687],[-98.49677703138423,19.006219407814626],[-98.49401620818108,19.005793193544303],[-98.49150722929714,19.005372860737264],[-98.48928735743942,19.00351428615732],[-98.4868374772288,19.00080735224386],[-98.48400215684343,19.003269202024878],[-98.4821584896984,19.00635654299396],[-98.48221595000385,19.00900713082426],[-98.4826387259229,19.01214805886261],[-98.48625622151691,19.013558079006312],[-98.48887866368581,19.011316407344502],[-98.48871771202779,19.01037150106636],[-98.48888421646502,19.009743134697143],[-98.48970904612867,19.00880116047811],[-98.49086201137148,19.008175719436647],[-98.49250681804541,19.007867287811347],[-98.4936552989006,19.0083406151451]]]},"properties":{"CLAVE":"AH","DESCRIPCIO":"ASENTAMIENTOS HUMANOS"}},
{"type":"Feature","geometry":{"type":"Polygon","coordinates":[[[-98.51512039000794,19.013996694507153],[-98.51430909816841,19.015300993048676],[-98.51402333004945,19.016618955738412],[-98.51552826596077,19.016895013904964],[-98.51750918284324,19.01826599840348],[-98.52013825008555,19.018929560183796],[-98.52113733273595,19.017614175766873],[-98.52160037491092,19.015953127248437],[-98.51686762836577,19.01379535696036],[-98.51512039000794,19.013996694507153]]]},"properties":{"CLAVE":"AH","DESCRIPCIO":"ASENTAMIENTOS HUMANOS"}},
{"type":"Feature","geometry":{"type":"Polygon","coordinates":[[[-98.45802001777831,19.045063818525662],[-98.46607118729165,19.04622424358239],[-98.46951019021306,19.0466889917531],[-98.47035203202142,19.043631017471974],[-98.47650315496257,19.045466400972018],[-98.47743757998386,19.04209313772446],[-98.4808465952678,19.042103405578576],[-98.48195726882363,19.04210663530523],[-98.48380061828799,19.043531221905372],[-98.48553849474123,19.043350703633706],[-98.48713592940105,19.043184766393484],[-98.48714593721498,19.041411521736833],[-98.48715430184984,19.039992580072024],[-98.48679609839014,19.037864118516897],[-98.48606341155099,19.036442915429426],[-98.4853266774015,19.035730069362145],[-98.48458988382984,19.03501949155755],[-98.4838560087675,19.033952353564036],[-98.48311421928365,19.033950236946534],[-98.48126722505344,19.0328799242357],[-98.47977891332923,19.034294346310354],[-98.47902800147591,19.036065084468788],[-98.47754528550993,19.036417202601147],[-98.47643036421269,19.03712217374798],[-98.4760119090894,19.03830147721789],[-98.47378936139587,19.037738467018553],[-98.47240621620458,19.037389122366708],[-98.4602052555935,19.033945530943644],[-98.45849571500072,19.038889754829587],[-98.45768637770699,19.041202889865367],[-98.45910870378933,19.04143455081311],[-98.45802001777831,19.045063818525662]]]},"properties":{"CLAVE":"AH","DESCRIPCIO":"ASENTAMIENTOS HUMANOS"}},
{"type":"Feature","geometry":{"type":"Polygon","coordinates":[[[-98.67151220130263,18.87948319863961],[-98.67136791992482,18.879437249863432],[-98.67116316974825,18.879227690278167],[-98.67115151037521,18.879215749715385],[-98.67093082994565,18.878984800441685],[-98.67071253977421,18.87888847992023],[-98.67065565010326,18.87885188042337],[-98.67055657046578,18.878788139763113],[-98.67037168046721,18.87871405986211],[-98.67024339973848,18.878629649596647],[-98.67004153962067,18.87847868023174],[-98.67000882993874,18.87843452030933],[-98.66983887999321,18.878205059642447],[-98.66966753955114,18.8779668303793],[-98.66954183026233,18.87778386013386],[-98.66934285991331,18.87767031010942],[-98.66949370992731,18.877425979966215],[-98.66953800036659,18.877135000314063],[-98.66953856971489,18.8768439398458],[-98.6696265100067,18.876594619895325],[-98.66977614000741,18.87638611026284],[-98.6698710595982,18.876253830355505],[-98.67005220028634,18.87608931984387],[-98.67018439997189,18.87589808026184],[-98.67019965047618,18.875876049678215],[-98.67041530989613,18.87570203000918],[-98.67062722961357,18.87521617003707],[-98.6707339495559,18.875074910318993],[-98.67076636954889,18.874831309549585],[-98.67072905957258,18.874666350041416],[-98.67071619960215,18.874609490065403],[-98.67068127956257,18.87454938029725],[-98.67058391979366,18.874381749588117],[-98.67062977982194,18.87411580044504],[-98.67081344968068,18.87388340028308],[-98.67083995549993,18.873860783624902],[-98.67030224568177,18.872574577986196],[-98.66997633018643,18.871979652898332],[-98.66743194281429,18.870691088832313],[-98.6664860374909,18.870752016765714],[-98.66508114135105,18.872034275488044],[-98.66053289085016,18.87899371422328],[-98.66041908978184,18.880140711578605],[-98.6603990977876,18.88096137056246],[-98.6610656403504,18.88179744102919],[-98.66157054481663,18.882219321303772],[-98.66233490563775,18.882564910858896],[-98.66361417229406,18.882922037438206],[-98.6640392603865,18.883095790443264],[-98.6642887227889,18.883429824708916],[-98.66453220222944,18.88401006798788],[-98.66483354451483,18.88574118069866],[-98.66524267571421,18.88657147325305],[-98.66619679825257,18.887054672103062],[-98.66642589018753,18.88696715002412],[-98.66670467866916,18.88670790948086],[-98.66676760009304,18.886649400384027],[-98.66702143146715,18.886497081955934],[-98.66735813887247,18.88629502918327],[-98.667407379682,18.886265480010266],[-98.66749678958473,18.886159755872825],[-98.66764117032598,18.88598903035071],[-98.66784661954479,18.885744720331132],[-98.6679974001758,18.88548608971217],[-98.66838306001445,18.88518683016082],[-98.66872187963989,18.884842969966325],[-98.66893914457975,18.885033121954272],[-98.66897279067774,18.885012739661253],[-98.66957352008684,18.885026181234426],[-98.67008045901626,18.885365975423223],[-98.67018555569076,18.885497782347308],[-98.67021005037705,18.885499490352537],[-98.67078365018956,18.885119080257386],[-98.67135737035956,18.884684170189768],[-98.67193055014818,18.884521709856877],[-98.6723315504168,18.88452242021795],[-98.67253242037765,18.88418684981992],[-98.67248542970954,18.88402848014406],[-98.67248557009401,18.883762249922338],[-98.6724038497001,18.883463920050655],[-98.67237620016238,18.883033690321792],[-98.67227862001474,18.882963430332122],[-98.67214593992969,18.882592489655533],[-98.67211657041007,18.88221157964666],[-98.67202339993997,18.881804749679745],[-98.6720305701241,18.881510509648177],[-98.67200359962514,18.881031540016522],[-98.6719921778072,18.880671891262274],[-98.67191239289811,18.880644461881268],[-98.67141742755184,18.879812287683198],[-98.67151121476547,18.879485941492526],[-98.67151220130263,18.87948319863961]]]},"properties":{"CLAVE":"BA","DESCRIPCIO":"BOSQUE DE OYAMEL"}},
{"type":"Feature","geometry":{"type":"MultiPolygon","coordinates":[[[[-98.68556813586916,18.901031062865393],[-98.6854364603753,18.901125749970827],[-98.68462915032289,18.901605080160632],[-98.68412826973098,18.90234233325093],[-98.68464652561316,18.902164851649204],[-98.68527373144741,18.90181471549153],[-98.68556813586916,18.901031062865393]]],[[[-98.70018414684402,18.876182019963313],[-98.69986767985586,18.876252110061987],[-98.69888906000935,18.876591380016645],[-98.69775995004163,18.876952520032958],[-98.6975064601326,18.877807781096422],[-98.69851045569747,18.878688629548687],[-98.7005825044291,18.876762716190324],[-98.70018414684402,18.876182019963313]]]]},"properties":{"CLAVE":"BA","DESCRIPCIO":"BOSQUE DE OYAMEL"}},
{"type":"Feature","geometry":{"type":"Polygon","coordinates":[[[-98.63060002723081,18.91766740631435],[-98.63096020046419,18.91792080329616],[-98.63128289619974,18.918208385089304],[-98.63156983449005,18.918460120692878],[-98.63196749237456,18.91867932807124],[-98.6325874527161,18.918798460273003],[-98.63302689057906,18.918808401145753],[-98.63332242995926,18.91870998149812],[-98.63358478559176,18.91847067321469],[-98.63373642158403,18.918263895458473],[-98.63442565458648,18.91705326644262],[-98.6348805555151,18.91643293061925],[-98.63532599967635,18.916197758100406],[-98.63584124685487,18.91610430270061],[-98.63661025150023,18.916121681113697],[-98.63708544076142,18.916167450798834],[-98.63748825172989,18.916176551345234],[-98.63800178063167,18.916153119695796],[-98.63837054721611,18.91605634274495],[-98.63889008379418,18.91578780142453],[-98.63911923670979,18.91540759805994],[-98.63923767550786,18.915059926677834],[-98.63968681866844,18.91317822135222],[-98.63993998956963,18.911817612901604],[-98.63994685395173,18.91153749711949],[-98.64017685679035,18.911122284783627],[-98.6405149967682,18.910779578787565],[-98.64148764213178,18.90996072003341],[-98.64275578833595,18.909043422563993],[-98.64312796203657,18.908806581941032],[-98.64331704879277,18.90856561265869],[-98.6434363281184,18.90818293527754],[-98.64344318503147,18.90790282516085],[-98.64317510545808,18.906880813766314],[-98.64264728560767,18.905993081608965],[-98.64210832566485,18.905560527341688],[-98.64156165165012,18.905443094190883],[-98.64035073485033,18.90552086620973],[-98.63924108698154,18.90595124458341],[-98.63740909535288,18.907451329249497],[-98.63688983352624,18.90808387859328],[-98.6359346508217,18.909309816755687],[-98.63355984698505,18.91202378826434],[-98.63303601870757,18.91246738187133],[-98.631809554576,18.91317534765958],[-98.63088721346863,18.913434744825345],[-98.6288688903978,18.91356421691835],[-98.62802666614509,18.913545139236557],[-98.6275140067965,18.913533523694035],[-98.62710862044263,18.913629441333658],[-98.62662396546854,18.913968799242717],[-98.62639391749046,18.914383995134312],[-98.62635040778005,18.91466328326386],[-98.6266912045222,18.917193488494767],[-98.62683251304374,18.917406898289368],[-98.62715433813591,18.9177295065861],[-98.62755457043686,18.91784367819979],[-98.6280306268338,18.917854464191084],[-98.62942733975609,18.917675891314342],[-98.63019893306176,18.91758825615276],[-98.63060002723081,18.91766740631435]]]},"properties":{"CLAVE":"BA","DESCRIPCIO":"BOSQUE DE OYAMEL"}},
{"type":"Feature","geometry":{"type":"Polygon","coordinates":[[[-98.61273360728586,18.911136251004372],[-98.61221326709666,18.911508434573452],[-98.61194576857305,18.911991109017663],[-98.61174263021175,18.91282436606621],[-98.61177222340527,18.913104334899522],[-98.61235809189577,18.91451414824902],[-98.61277271773197,18.915466211743066],[-98.61276323864624,18.91585002930218],[-98.61275203587799,18.91630363441535],[-98.61273307828189,18.917071274178866],[-98.61278451870653,18.917945255721634],[-98.61295663768936,18.918368122525898],[-98.61327472604566,18.918794312076415],[-98.61356321636683,18.91894052505602],[-98.61410542877914,18.919162337208796],[-98.61457810527489,18.919242915133275],[-98.61490395072433,18.91935506348125],[-98.6155886927649,18.919719763201325],[-98.61587202232243,18.92007533151887],[-98.61619012369337,18.92050151855719],[-98.61646570700921,18.92117112949502],[-98.6167919022486,18.922749629076847],[-98.6172186316009,18.92321319835327],[-98.61761575554694,18.923396787983886],[-98.61787120634021,18.923402592749248],[-98.61893295242216,18.92328706490825],[-98.61956021867269,18.92302200533095],[-98.61997110231998,18.922647294314142],[-98.62027422614062,18.922200305276053],[-98.62036010963627,18.92167856254646],[-98.62036956701407,18.92129473349426],[-98.62008928859926,18.91933325331561],[-98.61994810438341,18.91765424396949],[-98.62010954929843,18.917029486617846],[-98.62049424163014,18.91623524001989],[-98.62128978848123,18.91506628681535],[-98.6215181893206,18.914687437595155],[-98.62152420653054,18.91444319014743],[-98.6215310827336,18.914164051839474],[-98.62143536360459,18.91360328727465],[-98.62109624467084,18.912548233996684],[-98.62030597338382,18.911599101532484],[-98.61787835977402,18.909786959054625],[-98.61751432226897,18.909743776138225],[-98.61707644596072,18.90973382543402],[-98.61670982719906,18.909795314505434],[-98.61633976481296,18.909996370946544],[-98.61596109405899,18.910546345581302],[-98.61558758259088,18.91088696692119],[-98.61499857583317,18.911083042358374],[-98.6145971852294,18.911073913300996],[-98.61335652298646,18.91104569042769],[-98.61273360728586,18.911136251004372]]]},"properties":{"CLAVE":"BA","DESCRIPCIO":"BOSQUE DE OYAMEL"}},
{"type":"Feature","geometry":{"type":"Polygon","coordinates":[[[-98.6878033613332,18.915236958859502],[-98.68813749020694,18.915326380240298],[-98.68843714999362,18.91534136970262],[-98.68896877972239,18.915252380339783],[-98.68943392013364,18.91499413994626],[-98.68983234992689,18.914575050182773],[-98.69013664953661,18.91452222957461],[-98.69050489010604,18.914497539759928],[-98.69098066032426,18.914164030163906],[-98.69192127994886,18.914435580198894],[-98.6928559504491,18.914464489932044],[-98.69318005041858,18.91456388958754],[-98.69373644984942,18.914632289974097],[-98.69385923024986,18.914299419897027],[-98.69384049046886,18.913980219718677],[-98.69369128973305,18.91358264961937],[-98.6937169542595,18.913487025093943],[-98.6936496767926,18.91345179733988],[-98.69345524090834,18.91332426716099],[-98.69327116255798,18.913182733889908],[-98.69308909746977,18.913035616654067],[-98.6929101863713,18.912883045561337],[-98.69273557610727,18.912725133651787],[-98.69256641807372,18.912562002221375],[-98.69240386193269,18.9123937652874],[-98.6922490572509,18.91222054049231],[-98.69210315458199,18.912042443692496],[-98.69196735783646,18.911858645476435],[-98.69184155700799,18.911667519564695],[-98.69172417843505,18.911470268601995],[-98.69161361404336,18.911268219454502],[-98.69150825675707,18.911062697191767],[-98.69140649565664,18.910855028603763],[-98.69130672453953,18.91064654238918],[-98.69120733355817,18.910438560820918],[-98.69110707697736,18.910232224874548],[-98.69101605368895,18.910022496126015],[-98.69093491443348,18.90980855565798],[-98.69085743601707,18.909593056315398],[-98.6907774020679,18.9093786456416],[-98.69066342191623,18.90908679605928],[-98.69043094918004,18.90914713255096],[-98.69019101701808,18.90919803333873],[-98.689947957523,18.909244977849763],[-98.68970610273395,18.909293446445602],[-98.6894697846795,18.90934891861143],[-98.68924333721678,18.909416875713216],[-98.68903108948967,18.90950279632364],[-98.68883737722014,18.909612161901837],[-98.6886602691412,18.909748400668878],[-98.68849158903092,18.90990790044626],[-98.6883335870566,18.91008659711454],[-98.68818875034563,18.910280467089347],[-98.68805957000168,18.910485481442056],[-98.68794853135024,18.910697615645418],[-98.68785812455114,18.910912843463343],[-98.68779083789214,18.911127138611903],[-98.6877454467446,18.91134175574347],[-98.68771675821148,18.91156112454646],[-98.68770220914705,18.91178452028698],[-98.68769924530362,18.912011203929783],[-98.68770531336966,18.912240436456422],[-98.68771785714223,18.912471479688453],[-98.68773432327683,18.912703594604007],[-98.68775215648739,18.91293604304415],[-98.6877688005408,18.91316808592429],[-98.68778170296899,18.91339898514873],[-98.6877883075037,18.913628001632734],[-98.6877880644125,18.91385559153285],[-98.687784698485,18.91408343708585],[-98.68778053728276,18.91431138749057],[-98.68777785986833,18.91453925193473],[-98.68777894618275,18.91476684324775],[-98.68778607244352,18.91499397145929],[-98.687801519617,18.915220447607513],[-98.6878033613332,18.915236958859502]]]},"properties":{"CLAVE":"BA","DESCRIPCIO":"BOSQUE DE OYAMEL"}},
{"type":"Feature","geometry":{"type":"Polygon","coordinates":[[[-98.59892707020279,18.943751849713124],[-98.59819642863349,18.94201797692246],[-98.59818973565692,18.94051510465281],[-98.59824818997697,18.939993166726143],[-98.5983033122628,18.938547481368133],[-98.59831071527985,18.938525387420974],[-98.59959757540315,18.937582125256846],[-98.60056659137668,18.93719463409658],[-98.60073115201341,18.93675694380996],[-98.60074361977458,18.936723782833525],[-98.60091024866647,18.936280584462597],[-98.6017789981554,18.935788270047137],[-98.60190139558561,18.935176460791702],[-98.60188639627614,18.93507574537254],[-98.60188632686553,18.935061907019698],[-98.60187921835818,18.93363859224857],[-98.60203785994044,18.932874146887908],[-98.6032360547888,18.93103143493618],[-98.60621087299316,18.927960293642528],[-98.6064958944506,18.927733037729915],[-98.60681664382246,18.927473202094035],[-98.60710248922352,18.927212572707763],[-98.60725201558158,18.92681526135111],[-98.60740236702779,18.926384574895863],[-98.60741309752511,18.925950708776263],[-98.6072556766657,18.92384335766846],[-98.60699873498521,18.922935895290543],[-98.60676101243781,18.922663332489414],[-98.60490676736845,18.921385519229215],[-98.60400919177819,18.920964332052122],[-98.60352384802158,18.920819687749635],[-98.60282495383996,18.920837129681985],[-98.60243688414045,18.920995234079598],[-98.60208206120816,18.92122088164979],[-98.60182946928872,18.921549042006742],[-98.60171649180649,18.921880389028182],[-98.60171070360212,18.922114005475077],[-98.60178399576476,18.923384604385237],[-98.6017682857342,18.924018711577702],[-98.60161957390505,18.92438263833154],[-98.60131883911036,18.925243990377325],[-98.60070726849223,18.9259646750944],[-98.60035243068722,18.926190321849774],[-98.59999924720174,18.92634921942598],[-98.59943994437813,18.926369836928856],[-98.59737393873375,18.92658976664827],[-98.59649635026821,18.926770061255393],[-98.59606920922967,18.927094226771096],[-98.59584570074958,18.92765680319915],[-98.59576760733646,18.927988951357353],[-98.59576015384307,18.928289322500454],[-98.59575352820862,18.92855631765212],[-98.59627060625266,18.930237828727847],[-98.596259012148,18.93070507532871],[-98.59635296511301,18.931141344033374],[-98.59652762118634,18.93254788306106],[-98.59637984029989,18.93428100146682],[-98.5962635621196,18.93505999668421],[-98.59626150394739,18.935073786088708],[-98.59578594089922,18.93658494889322],[-98.59576278685445,18.93670978692926],[-98.59575666335151,18.936742806445935],[-98.59566177591975,18.937254394603684],[-98.59570877224144,18.937919231842063],[-98.59583352222567,18.939074998379876],[-98.59620410110614,18.941041781380314],[-98.59602769085608,18.942140008283317],[-98.5958521879923,18.943124494694306],[-98.5951336755646,18.944110169866743],[-98.59405121937048,18.944691087982367],[-98.59278671855103,18.945448738513672],[-98.59134060844147,18.946609531072056],[-98.59061662815897,18.94724821783362],[-98.5900759962297,18.94788711876253],[-98.58917123581497,18.948699698825],[-98.58838135960967,18.948758966944034],[-98.58765823522702,18.94835562090309],[-98.58614670663212,18.948708329414373],[-98.58584547022608,18.949402185044537],[-98.58566916368062,18.9508496891968],[-98.58506547340468,18.950735157484655],[-98.58427991668222,18.950621590758573],[-98.58355146699974,18.95039274038709],[-98.58270117252104,18.950279451291806],[-98.58154914930553,18.951093866496883],[-98.58046658020758,18.95173392998255],[-98.5794359698875,18.951910476334945],[-98.57900718639912,18.951044601400422],[-98.57689260135753,18.950472157997513],[-98.57640586650294,18.950125955453284],[-98.5751338900145,18.949956783974997],[-98.57386780400581,18.950132989586976],[-98.57266079072014,18.95042771030226],[-98.57090835780996,18.95083612940989],[-98.56982302724391,18.95141915707096],[-98.57079619268625,18.952803821144382],[-98.57291541843767,18.95297035867925],[-98.57484755032523,18.952907319439273],[-98.57605514809818,18.953077859353886],[-98.57805289276185,18.95335982925057],[-98.58011518239022,18.954221145788296],[-98.58126551323559,18.955086527301997],[-98.58163493883781,18.956242838244044],[-98.58169802676059,18.956878492932923],[-98.58037064679786,18.95751749018441],[-98.57928211921974,18.95763752953145],[-98.57795262831367,18.95758422784423],[-98.5774732641427,18.957816654798826],[-98.57590275945952,18.95828279202986],[-98.57705794097683,18.959436715352407],[-98.57832625172696,18.9592605331414],[-98.57935406223808,18.95977616434386],[-98.58038876714102,18.960988164229907],[-98.58148194821975,18.962141781617582],[-98.58299619050747,18.962427388777336],[-98.58402971507388,18.963290102423834],[-98.58488166736205,18.964272651708924],[-98.58608689742857,18.96444135917673],[-98.58644632728416,18.963573053210244],[-98.58607903183778,18.962532235798516],[-98.58607553880267,18.961896793974024],[-98.58619579667803,18.960970686313356],[-98.5855826416053,18.960047674873234],[-98.58455270991459,18.9588352559415],[-98.58448488508508,18.958199486601796],[-98.58502808746762,18.957503787212488],[-98.58550999422985,18.957271390623934],[-98.58678172116765,18.957555935129353],[-98.58769541212618,18.95865247806199],[-98.58914770463251,18.959341010358973],[-98.59029353698307,18.958644866231673],[-98.59089225185807,18.95754314573505],[-98.59198353080015,18.95771373333592],[-98.5933139503534,18.95794154340033],[-98.59513252865305,18.957877845685857],[-98.59543168111038,18.95706559640908],[-98.59445972576118,18.956144082681583],[-98.59342744882049,18.95562618040017],[-98.5927017799292,18.95476205405998],[-98.59275607420246,18.95348859250494],[-98.59469003763468,18.952962283601625],[-98.59589938764937,18.9527265543357],[-98.59541188371902,18.951225138553447],[-98.5948027606301,18.950646963408804],[-98.59582967575929,18.94977799760825],[-98.59612754204349,18.9490817923073],[-98.59624361003367,18.948098765233418],[-98.59653829653962,18.947055586292255],[-98.59785579044045,18.94612576686579],[-98.59892707020279,18.943751849713124]]]},"properties":{"CLAVE":"BA","DESCRIPCIO":"BOSQUE DE OYAMEL"}},
{"type":"Feature","geometry":{"type":"Polygon","coordinates":[[[-98.65109099023054,18.991705132465803],[-98.65112597018943,18.991622479659735],[-98.65112748035222,18.990897370081314],[-98.6512498902836,18.98994351972924],[-98.6512520729026,18.98889897705353],[-98.65009116973005,18.9891048589259],[-98.64882162054037,18.9891092878088],[-98.64760739457448,18.98865021258743],[-98.64621257641177,18.987845759971194],[-98.64561334112071,18.988889162910667],[-98.64580068568563,18.989581676335526],[-98.64611137141512,18.990737728207616],[-98.64575739705006,18.992010786104455],[-98.6473973131636,18.99138929637333],[-98.64902814413394,18.99166681358175],[-98.6506708299926,18.99146294482614],[-98.65109099023054,18.991705132465803]]]},"properties":{"CLAVE":"BA","DESCRIPCIO":"BOSQUE DE OYAMEL"}},
{"type":"Feature","geometry":{"type":"Polygon","coordinates":[[[-98.6512520729026,18.98889897705353],[-98.65125308000572,18.988416999698117],[-98.65153551988543,18.987730579817036],[-98.65209934954153,18.986853889676663],[-98.65250198016432,18.98628218001453],[-98.65306588956045,18.98536731956023],[-98.65330780030719,18.984871649795352],[-98.65367003005034,18.984414370410516],[-98.65447425037027,18.98376708994835],[-98.6552451700717,18.98308822988712],[-98.6555270504414,18.982668950413597],[-98.65576922969046,18.982020630276068],[-98.65573002998437,18.98156258023323],[-98.65585170968896,18.98095220030692],[-98.65593309028321,18.980418060312058],[-98.6560545398946,18.979922169878375],[-98.65625617955898,18.979464580145905],[-98.65665832020497,18.979121850247747],[-98.65689956954093,18.97893148001389],[-98.65710058021969,18.978779200403185],[-98.65722154993682,18.978512280410854],[-98.65722272030129,18.977939830290552],[-98.65738462975513,18.977291350153248],[-98.6573859426526,18.977273158965087],[-98.65683146534099,18.97635595559331],[-98.65586103047204,18.975895600653303],[-98.65452575358327,18.975148320437796],[-98.65295929724276,18.97578942909866],[-98.6524843796143,18.97700739683474],[-98.65279776018816,18.9788562812989],[-98.65096407164063,18.979549373609416],[-98.65019389707821,18.980134068637067],[-98.64918674605089,18.980111413360074],[-98.64844323723541,18.979613071541284],[-98.64699703805393,18.979107435735695],[-98.64668525282383,18.977835351360127],[-98.6462515821184,18.97627725123839],[-98.64563887722396,18.975063804897246],[-98.64449100142183,18.9751841237911],[-98.64310418820216,18.975651148891515],[-98.64408233550358,18.977439392698816],[-98.643544764291,18.97825320822995],[-98.64264210224252,18.978891556316654],[-98.64197935302462,18.979240091941477],[-98.64113697241564,18.980053285713257],[-98.64102482882923,18.98132663862691],[-98.6412133713323,18.98236672892439],[-98.64097323911983,18.982772577088323],[-98.64019417497444,18.983526907709276],[-98.63953483772382,18.98457176689794],[-98.64113661402806,18.984746260855257],[-98.6420089921434,18.985127148531873],[-98.64248289083756,18.986341891516485],[-98.64208143357142,18.987296092577076],[-98.64230947835942,18.98826449043682],[-98.64317297592562,18.98900639869888],[-98.64403351359084,18.989868644135413],[-98.64575739705006,18.992010786104455],[-98.64611137141512,18.990737728207616],[-98.64580068568563,18.989581676335526],[-98.64561334112071,18.988889162910667],[-98.64621257641177,18.987845759971194],[-98.64760739457448,18.98865021258743],[-98.64882162054037,18.9891092878088],[-98.65009116973005,18.9891048589259],[-98.6512520729026,18.98889897705353]]]},"properties":{"CLAVE":"BP","DESCRIPCIO":"BOSQUE DE PINO"}},
{"type":"Feature","geometry":{"type":"Polygon","coordinates":[[[-98.57980027788811,19.032472055525158],[-98.57954471026258,19.03207821971288],[-98.57903851158932,19.031433158868264],[-98.57887449470383,19.031415519511047],[-98.5774717575891,19.030744498894304],[-98.5760697323306,19.031631162152944],[-98.57396475626537,19.031403125367884],[-98.57373031757399,19.030065355117966],[-98.57139149228759,19.029837036078856],[-98.56928917114286,19.030501617425493],[-98.56672093474789,19.031607755194763],[-98.56461428435264,19.030712197977167],[-98.56087616532741,19.031147866747098],[-98.5592425361699,19.031365682345033],[-98.55924194884324,19.03203358947745],[-98.55640252431105,19.031674182890587],[-98.55682351054853,19.032090750225123],[-98.55660730330582,19.032483330713625],[-98.55728440036677,19.032723910090343],[-98.55818788023525,19.03315294039887],[-98.55960988959148,19.033749880496185],[-98.56045788992095,19.03408558130336],[-98.56147307990567,19.034113889803532],[-98.56223162041493,19.03436501973997],[-98.56331645038522,19.034553489928342],[-98.56424271964106,19.034651909837113],[-98.56502514032029,19.03500994965406],[-98.56567136965225,19.035173849623515],[-98.56648995003374,19.03544144969719],[-98.56655439988704,19.035494820489923],[-98.56708095043132,19.03593094970827],[-98.56813737025143,19.036019980209748],[-98.5695228502074,19.035861651324005],[-98.57047835025081,19.036387860482773],[-98.5737508534096,19.03715123683103],[-98.57382263261053,19.036945092662567],[-98.57357591464202,19.03639497846284],[-98.57320887101258,19.03600140257507],[-98.57493139795913,19.035796550595393],[-98.57681549199262,19.036196282119775],[-98.57731038437956,19.03723508577976],[-98.57865606658245,19.03838951789505],[-98.57888285171485,19.038519904835066],[-98.57915113999748,19.038587460314716],[-98.58005862972591,19.038757079833303],[-98.58190756996042,19.038764740381435],[-98.5815905496189,19.03813038029826],[-98.5815376797254,19.037132310630955],[-98.5813610596642,19.036512849584216],[-98.58121175008121,19.036135199956302],[-98.58113273951705,19.03583482039434],[-98.58055341958855,19.033632650237735],[-98.58027422060219,19.033202405904973],[-98.57964231476592,19.033419763281607],[-98.57980027788811,19.032472055525158]]]},"properties":{"CLAVE":"BP","DESCRIPCIO":"BOSQUE DE PINO"}},
{"type":"Feature","geometry":{"type":"MultiPolygon","coordinates":[[[[-98.67083995549993,18.873860783624902],[-98.67086394974194,18.873840310013897],[-98.67100150954073,18.873722969933898],[-98.67105208973216,18.873625680314113],[-98.67107254960942,18.87350884958582],[-98.67102352014803,18.873352770298762],[-98.67083125041299,18.873294079966872],[-98.67068265963965,18.87324888983516],[-98.67051648038161,18.87302321967861],[-98.67053394974181,18.872847679797797],[-98.67059464995317,18.87276500028979],[-98.67072748019612,18.872584059570173],[-98.6708404899637,18.872594279707926],[-98.67124920009458,18.87252926038506],[-98.67152126047398,18.872421339564443],[-98.67151456967203,18.872204720200383],[-98.6711312901382,18.871962690363038],[-98.67051341986753,18.871766740225002],[-98.67027619966777,18.87169462028716],[-98.67010929000764,18.87164387973703],[-98.67001004997603,18.871294179757722],[-98.67032301958344,18.871227060148996],[-98.67052271011845,18.87114032032604],[-98.67063449022594,18.870980370387237],[-98.6704872503172,18.8706353102037],[-98.67018733958122,18.87041221959221],[-98.67012445999379,18.870354800224614],[-98.66983419957738,18.870089879701457],[-98.669281030248,18.86993488007835],[-98.66884955045322,18.869844950206033],[-98.66854833953067,18.869787109949506],[-98.66843328955093,18.869541419709165],[-98.66846999961541,18.86913911008938],[-98.66865615014825,18.868951280294926],[-98.66919668039807,18.86884805001821],[-98.66942737021532,18.86876356964151],[-98.6696246301044,18.868671949640266],[-98.6697476198483,18.868490079580283],[-98.66982339980372,18.868214340414255],[-98.66986691982697,18.86805594992524],[-98.66996825965217,18.867862799646588],[-98.66987804955276,18.867765770254508],[-98.66970160044373,18.867682460026234],[-98.66949560020306,18.867575849795955],[-98.66940155023194,18.86752272029197],[-98.6694338203057,18.867421370182868],[-98.66955390998947,18.867384340407142],[-98.66975541971465,18.867376579612152],[-98.66995394986404,18.867434139764146],[-98.67007982998399,18.867456509804622],[-98.67019840000476,18.867417150128276],[-98.67021261984407,18.86733254005785],[-98.6702504800809,18.867227059608073],[-98.67019695009704,18.867010460312372],[-98.6701711097052,18.866744119729333],[-98.6701930498306,18.866568349590707],[-98.67022865003409,18.866328999634526],[-98.66989534966297,18.866121309785495],[-98.66978874000387,18.86586853968912],[-98.66990180038594,18.865558320364336],[-98.66977671965796,18.865391690070997],[-98.66970777957872,18.86529989022887],[-98.6696272799176,18.865251309826785],[-98.66951957043612,18.86518633979772],[-98.66954192023898,18.8650650803051],[-98.66955375043814,18.865000829832923],[-98.66961621987224,18.864872380073308],[-98.66959856971337,18.864711949562537],[-98.66959193998898,18.864651709550063],[-98.66955040019731,18.864537939878332],[-98.66951647993278,18.864445049653117],[-98.66939299976104,18.864378549927782],[-98.66935471005232,18.864357919665082],[-98.66927919968558,18.8643339803767],[-98.66903446035664,18.864232320151658],[-98.66866079958686,18.86418651963645],[-98.66853222001362,18.86411908954768],[-98.66843035020533,18.864065689752305],[-98.66800464999612,18.86379688960652],[-98.66796148980727,18.86362540027317],[-98.6679522301339,18.863588599661078],[-98.66792928992797,18.86349743005511],[-98.66797990975621,18.863294509616747],[-98.66799169035409,18.86324732044404],[-98.66801237030316,18.86316442972528],[-98.66806039958081,18.86292526021769],[-98.66814862006035,18.862907380165204],[-98.66853511978924,18.86282902014184],[-98.66874865967897,18.862708320113523],[-98.66872751024006,18.86253537003789],[-98.66864912017148,18.862455309917202],[-98.66863180039009,18.862437600284675],[-98.66849742029336,18.86227319997571],[-98.66828975027406,18.862019169996938],[-98.66804614034712,18.861721149738973],[-98.66803962991953,18.86170532017347],[-98.66790395026287,18.861375620170087],[-98.66792619992383,18.86109024982002],[-98.66794051037441,18.860906629992865],[-98.6679911403239,18.86070917957885],[-98.66802373969003,18.860582000315787],[-98.66808467986374,18.86038020007559],[-98.6681694197602,18.86009950981977],[-98.66801488033173,18.859874350433728],[-98.66797613983624,18.859760939939772],[-98.66785553974935,18.85940786036104],[-98.66784175032441,18.859367480296314],[-98.66783893977794,18.859033860440487],[-98.66783817962477,18.85894379966632],[-98.66781180025195,18.858850419918028],[-98.66777238022787,18.85866096968248],[-98.66774543031377,18.85853142012105],[-98.66772342017154,18.85831505043188],[-98.66770594027857,18.858143289917123],[-98.66770402021223,18.85812428992969],[-98.66764264993301,18.85795211989544],[-98.6675099501885,18.857579879914184],[-98.66739874047465,18.857267859677194],[-98.66729517005463,18.856977259939395],[-98.66713951970145,18.857013980328723],[-98.66714134034476,18.857041880408097],[-98.66716277005155,18.857371089901147],[-98.66709705039631,18.85749976974472],[-98.66698721979503,18.857714800396934],[-98.66678503028562,18.857881179916514],[-98.66661637005808,18.857942260392957],[-98.66637991955493,18.857990049938692],[-98.66614994009184,18.858026200133228],[-98.66587389028305,18.858157110294957],[-98.66580784990202,18.858326509653807],[-98.66575271985784,18.858555049913623],[-98.66567262990071,18.85876039967132],[-98.66550180029638,18.858909800448718],[-98.66518562969563,18.85892637044044],[-98.66480235016488,18.85882228022465],[-98.66433547971302,18.858895419641193],[-98.66398529023873,18.85896877016058],[-98.66355687960112,18.859263910165044],[-98.66336183001302,18.85955947971016],[-98.6630888495497,18.859928880298344],[-98.66301382043477,18.86004424998509],[-98.6629420195173,18.860154650434914],[-98.66264188032073,18.860616170096602],[-98.66263318034358,18.86062954006497],[-98.66242147961232,18.861033970134557],[-98.66232806002753,18.861265679926117],[-98.66235416991249,18.861633630140773],[-98.66230667999903,18.86207286032878],[-98.66203352011594,18.8625162303777],[-98.66172149017025,18.862959540231326],[-98.66140967974391,18.863291879917863],[-98.66136642984206,18.86333285034982],[-98.66101998022451,18.863661059912356],[-98.66074713957573,18.86395648025156],[-98.6606297700523,18.86428917990278],[-98.66066748022227,18.8648810804556],[-98.66066650988363,18.86536194043988],[-98.66058811953675,18.865657709870682],[-98.66039306004828,18.865953279945884],[-98.66019822034853,18.866137879659494],[-98.65988683018195,18.866248280453508],[-98.65926451964721,18.86624714030287],[-98.65895328026463,18.866283550056814],[-98.65887534999098,18.866357379798437],[-98.65869565973524,18.86628147981372],[-98.65847835037705,18.866255229896367],[-98.65815222976813,18.866306309777347],[-98.65788038017317,18.866383319808303],[-98.65763568024417,18.866486229934353],[-98.65736351016275,18.866718260194713],[-98.6572269201443,18.86707973986989],[-98.65719839981057,18.86775145967095],[-98.65719751010853,18.868190690242553],[-98.65727758000779,18.868888449974484],[-98.65740535040065,18.869526940317243],[-98.65741205990504,18.869560480253185],[-98.65743797997679,18.870180630310085],[-98.6573824898561,18.870748950146314],[-98.65738130999036,18.871333780081557],[-98.65737939966402,18.872273350143526],[-98.6575687402444,18.872687110155468],[-98.65773096964583,18.873074970238207],[-98.65775714036435,18.873565919845912],[-98.65768881972629,18.873823689893058],[-98.65767500021903,18.873875830219834],[-98.65759511951764,18.87406466039666],[-98.65756579959498,18.874134000097307],[-98.65748377041442,18.87439221957058],[-98.65751014960534,18.874779830199603],[-98.65756081961993,18.875140549706376],[-98.65769568010559,18.875285400271324],[-98.65772892006366,18.87555859973543],[-98.65764378031999,18.87587980030515],[-98.65752525958887,18.876008110257235],[-98.65740688955846,18.8760560895862],[-98.65730538015772,18.876120179558505],[-98.65722304972489,18.876263089994918],[-98.65720365987441,18.87629672032002],[-98.65720340043866,18.876425259899822],[-98.65709924982971,18.8763474300283],[-98.65680146008786,18.876124910440254],[-98.65619531994489,18.875992060061353],[-98.65549478035422,18.87583854007184],[-98.65547457974381,18.875834110321446],[-98.6553487995306,18.875806539891133],[-98.65321670987507,18.875339249682654],[-98.65345498009425,18.875823220322562],[-98.65348811034315,18.87588654043241],[-98.65360395010619,18.876107920029217],[-98.6536037796853,18.876189420299465],[-98.6536035800434,18.876282939730302],[-98.6536031500299,18.87649602990913],[-98.65360242981778,18.876847430256667],[-98.65351223041857,18.877074799978104],[-98.653441570228,18.8771305796999],[-98.65333248006537,18.877216679960448],[-98.65309808972657,18.877463369582888],[-98.65306270975894,18.877500600066522],[-98.65303214982792,18.877813420014483],[-98.65309892040945,18.87801842011528],[-98.65314371964838,18.87815597983855],[-98.65321711021514,18.87838132041094],[-98.65322028992217,18.878692980331902],[-98.65322487955638,18.879142199850854],[-98.65306816962503,18.879273510268483],[-98.65292456954244,18.87939385002783],[-98.65287216963974,18.879437740241542],[-98.65294774970681,18.879823709876405],[-98.65288137954931,18.880145850336227],[-98.65277636963313,18.88031037957643],[-98.65277789026194,18.880547229740632],[-98.6527790498562,18.880727569861758],[-98.65277975016862,18.8808404302169],[-98.65267301961302,18.881218140105727],[-98.65267227989882,18.88157085993257],[-98.65259222992648,18.881847829854575],[-98.65238022045558,18.88187265027152],[-98.65208888978104,18.88182170985367],[-98.6518235397986,18.882022769639477],[-98.65172941966806,18.882245260059676],[-98.65166379954081,18.882400369923655],[-98.65150023012177,18.882605179603104],[-98.65147802963968,18.882632979805475],[-98.65139396953124,18.882878599761103],[-98.65145137019883,18.883265230129204],[-98.65127396971845,18.883470490411394],[-98.65121662958188,18.883088079771458],[-98.65099587962972,18.882812620172395],[-98.65068915046665,18.88283557971092],[-98.6506076198586,18.882841689661117],[-98.65054002968007,18.88284675013591],[-98.64915791971191,18.88337908958378],[-98.64914319999608,18.8833847503834],[-98.64901875043492,18.883403620108297],[-98.648885779745,18.883423770059878],[-98.64838568032539,18.883198999879824],[-98.64817157022887,18.88310276977064],[-98.64763614021001,18.882893399681652],[-98.64744218045651,18.882910940357327],[-98.64725177046131,18.88292817035684],[-98.64709299970805,18.8829425197342],[-98.64644124967361,18.883154909617417],[-98.64602044976823,18.88335368005602],[-98.64591491998546,18.88337708016638],[-98.645606220406,18.88344551038929],[-98.64525044961373,18.88356017990412],[-98.64497987990084,18.88363565998196],[-98.6448846503066,18.883662220413708],[-98.64442997020598,18.883752250050065],[-98.64388268983507,18.88384474998518],[-98.64348931033257,18.883962029954336],[-98.64322011044928,18.884017830274985],[-98.64289578044395,18.884129279814285],[-98.64302068957826,18.883474449983137],[-98.64323396993913,18.882875889620372],[-98.64345899967725,18.88255244992611],[-98.64366604964295,18.882113649578912],[-98.64384604997548,18.881752829690285],[-98.6441632303349,18.88107428983945],[-98.6432876597348,18.880296910296398],[-98.64288734038881,18.880557179724416],[-98.64252104994908,18.88023442968943],[-98.64231618006856,18.87958967977088],[-98.6422290001552,18.87902920017046],[-98.64217113983896,18.87852481959815],[-98.64193625010512,18.878160169704906],[-98.6414949203923,18.877879170375348],[-98.64037655033624,18.877344710322987],[-98.64005273967445,18.877232030017737],[-98.63972951980898,18.876839180036356],[-98.6393771796448,18.87627820010859],[-98.63929237977798,18.876104459636114],[-98.63917186044722,18.87585756961012],[-98.6389852502946,18.87516242042194],[-98.63897842996627,18.875137030440392],[-98.63897510965506,18.87507887961709],[-98.63893208973181,18.874324649589436],[-98.63891191510233,18.87403061336468],[-98.63805181921207,18.874417913061023],[-98.63641177569609,18.875125728869758],[-98.63580966103324,18.875856991898925],[-98.63560134664982,18.87641093833378],[-98.6355242954514,18.876905779435354],[-98.63516889534729,18.88080836662774],[-98.6347568100789,18.881730160391623],[-98.63441873200769,18.88228118265807],[-98.63342124011307,18.8832518164892],[-98.6319983154172,18.883663555220235],[-98.62962103611655,18.885355107914336],[-98.62774430214921,18.88731112016642],[-98.62641120261264,18.888405084510975],[-98.62568090839778,18.888888166179175],[-98.62502817359011,18.888873365713554],[-98.62399147698677,18.888537584520048],[-98.62255853506647,18.88838016923346],[-98.62183591577862,18.88855113223996],[-98.61960123488387,18.889124940252486],[-98.61860519931206,18.889789314728787],[-98.61714915687101,18.890568142587753],[-98.61588429935694,18.89153866899863],[-98.61527217865692,18.892524034425612],[-98.61499258758933,18.893267138714307],[-98.61409062006629,18.898055741917446],[-98.61365425871864,18.899857065369662],[-98.6136234334108,18.901105509706596],[-98.61313873180589,18.902218715987512],[-98.61247051873518,18.902828087376154],[-98.61154734152458,18.903181820095444],[-98.6104344923984,18.90328139703998],[-98.60606689795296,18.902932038415706],[-98.6035117045407,18.90324849839736],[-98.6024594893715,18.9035367744624],[-98.60159846758073,18.904016783538957],[-98.60112139722202,18.9048178463116],[-98.60097381807128,18.905501520786153],[-98.60096298939509,18.905938483508063],[-98.60123093881785,18.910941338469947],[-98.60119072156459,18.91256438303665],[-98.60095310296937,18.914245390658817],[-98.60047289674527,18.915171331126004],[-98.6000019728835,18.91572272178242],[-98.59901184785848,18.916137331096923],[-98.59741865460975,18.917162756634614],[-98.59707828309877,18.917717127110777],[-98.59699596436161,18.918402324351234],[-98.59703646841119,18.919402641798833],[-98.5968578800623,18.921334882552323],[-98.5967087202369,18.922081023874494],[-98.59617401813085,18.922568491637147],[-98.59525687030647,18.92267244157722],[-98.59453868870388,18.922656011343207],[-98.59290801214459,18.92255623362959],[-98.59058148448548,18.921895719324418],[-98.5889318177587,18.92254779177508],[-98.58674290502739,18.923747888334443],[-98.58608803867718,18.924401623247086],[-98.58522766484903,18.925981092438118],[-98.5849128866774,18.926410018689875],[-98.58438969924855,18.92665970457445],[-98.58319135531971,18.927155579105236],[-98.5824228484252,18.927486854826093],[-98.58201760291881,18.927884623386348],[-98.58179543880648,18.928257520574714],[-98.5816535728515,18.930289646902636],[-98.58181638488774,18.931078467803825],[-98.58234826723034,18.93170130290015],[-98.58279910874133,18.93191519467946],[-98.58472478326524,18.93274447861496],[-98.58544411285655,18.933168065010552],[-98.58580088692378,18.93349610179954],[-98.58627779186322,18.933885046969372],[-98.58639430787441,18.934091263362507],[-98.58641747127793,18.93438256758131],[-98.58649486276875,18.935056172157417],[-98.58649643778641,18.935069878004725],[-98.58572765328586,18.936149787790605],[-98.58546109120805,18.936680317217654],[-98.58544468425761,18.936712971114964],[-98.5852343792638,18.937131529878485],[-98.58449109210137,18.938110385790722],[-98.58393277324895,18.939112258406993],[-98.58315186939876,18.94044516853619],[-98.58272960917475,18.941431398951796],[-98.5815860755547,18.94195514560246],[-98.58037485508012,18.9419591717139],[-98.57941097287272,18.94149849376166],[-98.57849894512422,18.941153325590594],[-98.57711369884015,18.94144738543384],[-98.57572265623439,18.942376659569064],[-98.57470167425521,18.943016835857502],[-98.57319052512834,18.94383256162936],[-98.5717879414058,18.943719749509558],[-98.57069290018002,18.944012070901643],[-98.5696640313573,18.944129993949833],[-98.56857618962943,18.943555489753084],[-98.56790645879299,18.94263172266865],[-98.56741834156692,18.941534090058376],[-98.56681533091921,18.94095877489084],[-98.5648167961496,18.940733568014906],[-98.56390217857493,18.9398092550642],[-98.5633610389614,18.93946517121211],[-98.56226923470946,18.939351230943085],[-98.56106579261798,18.940281234140436],[-98.55968164952213,18.94092209830855],[-98.55934373955435,18.940923387362634],[-98.55909329315271,18.940278301893006],[-98.55745190720954,18.938544283788413],[-98.55652521358986,18.93816330984589],[-98.55664717396384,18.93669736387562],[-98.5566489636417,18.936625878847135],[-98.55664975841347,18.936594158230683],[-98.55666254900635,18.936083118704765],[-98.55668307652576,18.935264122894743],[-98.55652814555776,18.93506953791926],[-98.55652004674134,18.93505599236991],[-98.55597844423521,18.93415014070702],[-98.55468226935601,18.932684464958033],[-98.55263565204764,18.93083338163017],[-98.55126875920689,18.929765252892167],[-98.54994763094442,18.92873286260367],[-98.548898854891,18.928053404557375],[-98.54796245807438,18.927332236865972],[-98.54530621188111,18.92862520036085],[-98.54535090143544,18.929721730766023],[-98.54530107628196,18.93058219816309],[-98.545123400862,18.93092810956812],[-98.54492096660124,18.931138815425943],[-98.54469377482329,18.931214320076226],[-98.54305527380635,18.931418604318495],[-98.54054698749827,18.931494953027713],[-98.54034762671192,18.9315444399249],[-98.54015024464272,18.931593434899195],[-98.53997323249541,18.931912428808815],[-98.53996712547284,18.9321546218678],[-98.54000102631929,18.933043967201108],[-98.54001661663878,18.93308837826351],[-98.54017291080555,18.93443872363621],[-98.54027420790504,18.93495064709708],[-98.54030544732076,18.935053805800322],[-98.54030950323727,18.935067197844663],[-98.54018894229472,18.935486107083875],[-98.54017307503221,18.936542410150906],[-98.5401726073325,18.93657354320601],[-98.54017048889561,18.936714598564794],[-98.54100728082857,18.93796284025265],[-98.54151879358699,18.938487315507885],[-98.54262965443336,18.938719422366127],[-98.54322249648946,18.938836708627093],[-98.54438694852696,18.9396281019582],[-98.54416180072526,18.940711336373877],[-98.54368871893637,18.941688479406434],[-98.54348921739519,18.941606476924882],[-98.54230386290656,18.941782600800995],[-98.54186398276552,18.942362109052933],[-98.54210813316435,18.94317093957736],[-98.54205013594782,18.943981226484787],[-98.5410261140909,18.944505154563437],[-98.54041935728692,18.943926828336163],[-98.54023465048418,18.943406660431428],[-98.53905422660053,18.94341041063525],[-98.53830531614611,18.944279782333137],[-98.53855217096913,18.94526381762088],[-98.53958494580509,18.946417423572836],[-98.54079701285093,18.947339722258935],[-98.5408627853868,18.94843842759022],[-98.54044705389796,18.94976994904601],[-98.54015468401006,18.951505338670895],[-98.54058412254363,18.952718878421763],[-98.54104771727413,18.952829193592496],[-98.54081450969176,18.95312352481914],[-98.54048362292001,18.95391042967764],[-98.54015426078482,18.954538110169132],[-98.53916831168272,18.955164174351637],[-98.53867405333001,18.954847236403822],[-98.53637322967738,18.95436937588896],[-98.53390992828608,18.952948058335082],[-98.53259433414134,18.952944710027577],[-98.53144320930349,18.953413865583478],[-98.530456229952,18.95388342882615],[-98.53061781679521,18.95466928488889],[-98.53127391177277,18.954984334498153],[-98.5335766103994,18.955777994929168],[-98.53423002340872,18.95766626055539],[-98.53636478855486,18.959401887037224],[-98.53701649350232,18.96176166085365],[-98.53711830942883,18.961977900865737],[-98.53646195120072,18.96216000027519],[-98.5358586669139,18.962507718267087],[-98.53635020650053,18.96372162293565],[-98.5355685580002,18.964649929692293],[-98.53502613320735,18.9649393398976],[-98.53406010896315,18.965231396604494],[-98.5334016456032,18.96656472484001],[-98.53249984496514,18.96714552489307],[-98.53220904818359,18.96957616256415],[-98.53306306357433,18.971598350392497],[-98.53391422266951,18.97257951397181],[-98.53495024592796,18.97425271247137],[-98.53434930874359,18.975354785393556],[-98.53345204213949,18.977265686453904],[-98.53357833193678,18.978768694207638],[-98.53521494236588,18.97980630540009],[-98.536663418101,18.979628421211245],[-98.53811061967126,18.97921953640843],[-98.53993009962682,18.98054294358944],[-98.54059638814084,18.98146634817999],[-98.54162955329826,18.982736192475357],[-98.54368223927153,18.98255749569975],[-98.54543160234189,18.981686238847217],[-98.54609115021532,18.980641188745647],[-98.54590636936514,18.979773363728622],[-98.54560071063278,18.97879237833924],[-98.54529481917741,18.97809866393248],[-98.54504945474736,18.977174265145795],[-98.54589350882482,18.97653627190124],[-98.54655749148408,18.97624507596843],[-98.5478838673169,18.976007931494852],[-98.54939265216574,18.975426301132025],[-98.54920423320783,18.97374838429777],[-98.54931643738962,18.971839679571293],[-98.54955124521005,18.96987183491829],[-98.55038957392749,18.968598320953838],[-98.55092853443975,18.967496481659957],[-98.5529207680334,18.966798055126915],[-98.55412680431238,18.966619505222898],[-98.55533981469266,18.967310839269455],[-98.55582735028132,18.968467175909876],[-98.55661661988098,18.96944790394335],[-98.55855557483326,18.97059914532109],[-98.55988831257187,18.97134726606103],[-98.5611610057416,18.972210604065182],[-98.56231284053037,18.972958512231635],[-98.56321969195972,18.973419175755428],[-98.56449267066142,18.974455430812426],[-98.56582398198508,18.97497423431134],[-98.56618972779424,18.975376888635072],[-98.56625207009003,18.976012597550984],[-98.56619391176159,18.976706963641856],[-98.56644129437126,18.97792206245147],[-98.5675878403446,18.978033842605242],[-98.56819514684248,18.978666769155467],[-98.56801881736392,18.979882911973693],[-98.56735605248444,18.980578137013396],[-98.56627346934766,18.98168122413894],[-98.56561270067665,18.982667187517606],[-98.56579651836468,18.983475815085953],[-98.56743096145193,18.984049405080324],[-98.56815571032033,18.98427830966473],[-98.56960760466409,18.98473844191817],[-98.57142211367449,18.98507891229689],[-98.57329838798175,18.98571033742937],[-98.57451009570138,18.986457854508878],[-98.57626599977796,18.986972689607878],[-98.57796243031142,18.987778535984155],[-98.57851072751134,18.98870133782973],[-98.57803110305741,18.989685852391865],[-98.57755056373824,18.99061289152536],[-98.5762871745125,18.991890003171388],[-98.57592541484307,18.992354427634236],[-98.57520694472224,18.99403261559153],[-98.57575541568006,18.994958292650622],[-98.57624210792682,18.995592984001053],[-98.5768321476878,18.99559111061876],[-98.57709014526849,18.995590290736164],[-98.57751132580789,18.995066992200744],[-98.57829520850645,18.99448548971096],[-98.57926208740994,18.994367590548197],[-98.57980979351095,18.995234069368276],[-98.5795705061833,18.996043790390054],[-98.57939269469952,18.99668141351228],[-98.57994126672706,18.997720284157275],[-98.58036793124622,18.998297827952438],[-98.57964546338462,18.998995201370086],[-98.57867944146616,18.999517450974384],[-98.5777758534325,19.000330014118184],[-98.57778083781434,19.001081181969443],[-98.57820832250937,19.002122401692016],[-98.57905655148527,19.002235740039882],[-98.5800243038629,19.00194278190822],[-98.58099234335691,19.001765917787],[-98.58183940885903,19.00153189009394],[-98.5827470769702,19.00176113432917],[-98.58299442955611,19.002685724134437],[-98.58384854578729,19.003666280817452],[-98.58548306436124,19.003719937055095],[-98.58632595403232,19.002963844947796],[-98.58699027463408,19.002500049656984],[-98.58819453485845,19.00128175726829],[-98.58939950042685,19.00023584692426],[-98.59096932494006,18.999594779184257],[-98.59272282842747,18.99935838122291],[-98.59393438338478,18.9993542000021],[-98.59484425510011,18.99981528569463],[-98.595455564263,19.000506767871805],[-98.59570228709661,19.001084115876246],[-98.59491746389767,19.00160890676405],[-98.59383291089584,19.002305475934072],[-98.59395671342159,19.00294146072084],[-98.59426534187534,19.003634571368487],[-98.59523391870337,19.003632218160096],[-98.5962006406467,19.003396012125858],[-98.59680680915868,19.003279569672245],[-98.59795368243867,19.002987160794234],[-98.59885983887088,19.00257832627662],[-98.60031656070373,19.00240048345024],[-98.60042720990698,19.00130167350853],[-98.60114408924913,19.000084136556417],[-98.6011407887728,18.999389474340663],[-98.60222698011472,18.998924430240027],[-98.60349656330898,18.99857334810201],[-98.60489353018134,18.99891461944602],[-98.60556457684766,18.999722323018286],[-98.60750613343144,19.000353569392757],[-98.60956890108271,19.000578532715565],[-98.61066153596899,19.001209779148876],[-98.61097265148165,19.00213442657246],[-98.61097936033963,19.003349107267894],[-98.61201583183431,19.00427089659016],[-98.6132242981684,19.003978643652076],[-98.61449274611685,19.003339029545405],[-98.61612779290145,19.003274316538796],[-98.6161395777434,19.004489111638758],[-98.61729412109783,19.005469868089424],[-98.61821121352573,19.006738768410283],[-98.61791801810993,19.00795519029902],[-98.61646878679554,19.008249411856855],[-98.61501378121379,19.008252797182568],[-98.61368811650107,19.00889453938152],[-98.6125338028069,19.008551461822783],[-98.61185749116795,19.007280598723398],[-98.61130715355564,19.00658715716533],[-98.60991709982082,19.00699701178577],[-98.60955751625738,19.007518456798334],[-98.60877756944309,19.008504217510247],[-98.60896640827625,19.009372061653192],[-98.60848743582403,19.01001082763206],[-98.60817912857169,19.01014660469602],[-98.60827766199509,19.010335435890237],[-98.60641191047485,19.01166570377129],[-98.60314782152098,19.01522031460245],[-98.60688810137817,19.018568560560254],[-98.60828924503498,19.019684162718256],[-98.60852626406532,19.021467344362712],[-98.60759387536741,19.02257767557681],[-98.60292396567293,19.023234297047498],[-98.6017600786881,19.024791039373678],[-98.60176078207819,19.025903256958635],[-98.60246308055093,19.026795363092972],[-98.60327425580716,19.028252905159448],[-98.6045296598958,19.02816365996773],[-98.60705609025092,19.02830619966804],[-98.60835539990501,19.02837753999061],[-98.61039773986448,19.028026850445023],[-98.61711751964756,19.025503890169553],[-98.62068072036512,19.02450810992636],[-98.6222676899287,19.02415134964152],[-98.62468310959547,19.02386377032301],[-98.62608131952425,19.02321409040098],[-98.62674473954702,19.02296794023714],[-98.62752307996931,19.02240191959543],[-98.62803556966725,19.02145557031403],[-98.62927385994595,19.017086779777205],[-98.63294664956332,19.015549520286733],[-98.63497182981253,19.01160870966916],[-98.63855367996293,19.007684920413062],[-98.64269482021267,19.004983369631862],[-98.64538768003993,19.003614680141915],[-98.64763918044385,19.00209244986716],[-98.64852451987885,19.001101879795204],[-98.64961171014913,18.999577399554976],[-98.64982459954717,18.999130069508933],[-98.6493176375542,18.99859513090427],[-98.65039763127653,18.996948659328574],[-98.6502313499642,18.99640288543926],[-98.64874560378163,18.995765215204077],[-98.64633053324307,18.99561452875831],[-98.64392021892617,18.995271254393288],[-98.64141394472936,18.99473311942534],[-98.63860551171729,18.994188124572208],[-98.63701056315918,18.993477825819813],[-98.63633166859687,18.99240289237372],[-98.63516583399728,18.990642672052612],[-98.63265014898742,18.99048949101926],[-98.63134552197592,18.990267337447452],[-98.63016546454638,18.989084725119987],[-98.62915347941123,18.989254477654217],[-98.62795436301002,18.988842030026767],[-98.62749132177265,18.987194006441005],[-98.62662302985568,18.98563313774476],[-98.62582682706942,18.98522980305467],[-98.62447848556302,18.985315566098468],[-98.62496910880657,18.98647232672422],[-98.62358525438889,18.98780619784688],[-98.62389830742488,18.989134715706964],[-98.62408695533489,18.99017485712594],[-98.62384860147372,18.990812254173473],[-98.62324684162341,18.991394772430127],[-98.62197422648579,18.991282881064226],[-98.62135961728143,18.98989631997852],[-98.62147869002644,18.98937454321053],[-98.62092665715393,18.98839271364447],[-98.61899398725663,18.988803957426107],[-98.61760329660002,18.989272988278106],[-98.61615224046952,18.989564864714165],[-98.61476195980624,18.98980236013835],[-98.61330789533005,18.989805736584348],[-98.61270476471796,18.989809097430847],[-98.61191782428598,18.989927167522186],[-98.61143723524792,18.99050728103695],[-98.61083559627674,18.99137532709671],[-98.61011391064022,18.99207339900643],[-98.60902804371949,18.992538488727618],[-98.60854231952501,18.99178792693057],[-98.60793106592578,18.99121198998251],[-98.60720144661866,18.99080856370402],[-98.60629698851,18.991158302985276],[-98.60508977494565,18.991916407089075],[-98.60436511481616,18.992323134658402],[-98.6029762766587,18.99278981636905],[-98.6018907962372,18.993025618248016],[-98.60121945282523,18.99267923801439],[-98.60073134345812,18.992044635367762],[-98.60079061445039,18.991350270626793],[-98.60090215523329,18.989960811685453],[-98.59835490537324,18.989332701040745],[-98.59822285766961,18.98719418275522],[-98.59821906608788,18.986267992319128],[-98.59791227988505,18.985458896792423],[-98.59670672508722,18.986041753223333],[-98.5950160554797,18.9866823478779],[-98.59380754105261,18.98709274977183],[-98.59283567774702,18.985823576622412],[-98.59168258463805,18.985248813552662],[-98.58962275517501,18.98426986148181],[-98.58882985173682,18.9831173868515],[-98.5888859452889,18.982016216993188],[-98.58990982895753,18.981262603401863],[-98.59153875489224,18.98050406044807],[-98.59316800667177,18.97992242427686],[-98.59449492470847,18.979048862376033],[-98.59581542170159,18.976904899983797],[-98.59587193732459,18.975690563248712],[-98.59478364777557,18.975404012202883],[-98.59345595841057,18.97592998045977],[-98.59170686787535,18.97749639126246],[-98.59122023485371,18.977150198408413],[-98.59067605119357,18.976631461744713],[-98.59103016501064,18.974954637438653],[-98.59042563509253,18.97437649876524],[-98.58860983759007,18.974151738208032],[-98.58733887312809,18.97404012892713],[-98.5868530890078,18.973289492816637],[-98.587087216134,18.971842034294863],[-98.5881774414929,18.97137668186605],[-98.58944150840203,18.97091018264189],[-98.58992185819609,18.970271004458024],[-98.58991862002821,18.968884107973526],[-98.59094201931259,18.967665213725383],[-98.59263043285053,18.96708099243485],[-98.59450166537057,18.966613562819337],[-98.59516019262249,18.964932955297513],[-98.59460972502644,18.963894216548862],[-98.59430540966544,18.96291287253451],[-98.59544756550875,18.961694422291288],[-98.59658939197318,18.960591425057153],[-98.59719311056969,18.959258241689838],[-98.59712715130952,18.958102609223577],[-98.59706115031341,18.95659771753303],[-98.59802925151834,18.95601630623569],[-98.59863029229746,18.95497374200525],[-98.59868631413399,18.953990983854204],[-98.59916209923075,18.952600371450256],[-98.59963877294489,18.951963476879794],[-98.6001150862858,18.951093401781268],[-98.60040586196646,18.949529728493925],[-98.5991899140166,18.94797187071814],[-98.5982197564532,18.946471396899035],[-98.59785579044045,18.94612576686579],[-98.59653829653962,18.947055586292255],[-98.59624361003367,18.948098765233418],[-98.59612754204349,18.9490817923073],[-98.59582967575929,18.94977799760825],[-98.5948027606301,18.950646963408804],[-98.59541188371902,18.951225138553447],[-98.59589938764937,18.9527265543357],[-98.59469003763468,18.952962283601625],[-98.59275607420246,18.95348859250494],[-98.5927017799292,18.95476205405998],[-98.59342744882049,18.95562618040017],[-98.59445972576118,18.956144082681583],[-98.59543168111038,18.95706559640908],[-98.59513252865305,18.957877845685857],[-98.5933139503534,18.95794154340033],[-98.59198353080015,18.95771373333592],[-98.59089225185807,18.95754314573505],[-98.59029353698307,18.958644866231673],[-98.58914770463251,18.959341010358973],[-98.58769541212618,18.95865247806199],[-98.58678172116765,18.957555935129353],[-98.58550999422985,18.957271390623934],[-98.58502808746762,18.957503787212488],[-98.58448488508508,18.958199486601796],[-98.58455270991459,18.9588352559415],[-98.5855826416053,18.960047674873234],[-98.58619579667803,18.960970686313356],[-98.58607553880267,18.961896793974024],[-98.58607903183778,18.962532235798516],[-98.58644632728416,18.963573053210244],[-98.58608689742857,18.96444135917673],[-98.58488166736205,18.964272651708924],[-98.58402971507388,18.963290102423834],[-98.58299619050747,18.962427388777336],[-98.58148194821975,18.962141781617582],[-98.58038876714102,18.960988164229907],[-98.57935406223808,18.95977616434386],[-98.57832625172696,18.9592605331414],[-98.57705794097683,18.959436715352407],[-98.57590275945952,18.95828279202986],[-98.5774732641427,18.957816654798826],[-98.57795262831367,18.95758422784423],[-98.57928211921974,18.95763752953145],[-98.58037064679786,18.95751749018441],[-98.58169802676059,18.956878492932923],[-98.58163493883781,18.956242838244044],[-98.58126551323559,18.955086527301997],[-98.58011518239022,18.954221145788296],[-98.57805289276185,18.95335982925057],[-98.57605514809818,18.953077859353886],[-98.57484755032523,18.952907319439273],[-98.57291541843767,18.95297035867925],[-98.57079619268625,18.952803821144382],[-98.56982302724391,18.95141915707096],[-98.57090835780996,18.95083612940989],[-98.57266079072014,18.95042771030226],[-98.57386780400581,18.950132989586976],[-98.5751338900145,18.949956783974997],[-98.57640586650294,18.950125955453284],[-98.57689260135753,18.950472157997513],[-98.57900718639912,18.951044601400422],[-98.5794359698875,18.951910476334945],[-98.58046658020758,18.95173392998255],[-98.58154914930553,18.951093866496883],[-98.58270117252104,18.950279451291806],[-98.58355146699974,18.95039274038709],[-98.58427991668222,18.950621590758573],[-98.58506547340468,18.950735157484655],[-98.58566916368062,18.9508496891968],[-98.58584547022608,18.949402185044537],[-98.58614670663212,18.948708329414373],[-98.58765823522702,18.94835562090309],[-98.58838135960967,18.948758966944034],[-98.58917123581497,18.948699698825],[-98.5900759962297,18.94788711876253],[-98.59061662815897,18.94724821783362],[-98.59134060844147,18.946609531072056],[-98.59278671855103,18.945448738513672],[-98.59405121937048,18.944691087982367],[-98.5951336755646,18.944110169866743],[-98.5958521879923,18.943124494694306],[-98.59602769085608,18.942140008283317],[-98.59620410110614,18.941041781380314],[-98.59583352222567,18.939074998379876],[-98.59570877224144,18.937919231842063],[-98.59566177591975,18.937254394603684],[-98.59575666335151,18.936742806445935],[-98.59576278685445,18.93670978692926],[-98.59578594089922,18.93658494889322],[-98.59626150394739,18.935073786088708],[-98.5962635621196,18.93505999668421],[-98.59637984029989,18.93428100146682],[-98.59652762118634,18.93254788306106],[-98.59635296511301,18.931141344033374],[-98.596259012148,18.93070507532871],[-98.59627060625266,18.930237828727847],[-98.59575352820862,18.92855631765212],[-98.59576015384307,18.928289322500454],[-98.59576760733646,18.927988951357353],[-98.59584570074958,18.92765680319915],[-98.59606920922967,18.927094226771096],[-98.59649635026821,18.926770061255393],[-98.59737393873375,18.92658976664827],[-98.59943994437813,18.926369836928856],[-98.59999924720174,18.92634921942598],[-98.60035243068722,18.926190321849774],[-98.60070726849223,18.9259646750944],[-98.60131883911036,18.925243990377325],[-98.60161957390505,18.92438263833154],[-98.6017682857342,18.924018711577702],[-98.60178399576476,18.923384604385237],[-98.60171070360212,18.922114005475077],[-98.60171649180649,18.921880389028182],[-98.60182946928872,18.921549042006742],[-98.60208206120816,18.92122088164979],[-98.60243688414045,18.920995234079598],[-98.60282495383996,18.920837129681985],[-98.60352384802158,18.920819687749635],[-98.60400919177819,18.920964332052122],[-98.60490676736845,18.921385519229215],[-98.60676101243781,18.922663332489414],[-98.60699873498521,18.922935895290543],[-98.6072556766657,18.92384335766846],[-98.60741309752511,18.925950708776263],[-98.60740236702779,18.926384574895863],[-98.60725201558158,18.92681526135111],[-98.60710248922352,18.927212572707763],[-98.60681664382246,18.927473202094035],[-98.6064958944506,18.927733037729915],[-98.60621087299316,18.927960293642528],[-98.6032360547888,18.93103143493618],[-98.60203785994044,18.932874146887908],[-98.60187921835818,18.93363859224857],[-98.60188632686553,18.935061907019698],[-98.60188639627614,18.93507574537254],[-98.60190139558561,18.935176460791702],[-98.6017789981554,18.935788270047137],[-98.60091024866647,18.936280584462597],[-98.60074361977458,18.936723782833525],[-98.60073115201341,18.93675694380996],[-98.60056659137668,18.93719463409658],[-98.59959757540315,18.937582125256846],[-98.59831071527985,18.938525387420974],[-98.5983033122628,18.938547481368133],[-98.59824818997697,18.939993166726143],[-98.59818973565692,18.94051510465281],[-98.59819642863349,18.94201797692246],[-98.59892707020279,18.943751849713124],[-98.6013852719892,18.942354507827144],[-98.60204560513263,18.942063613754467],[-98.60319539520248,18.941886787007782],[-98.6041656383637,18.941537405643288],[-98.60483419589451,18.94060775576904],[-98.60550435260585,18.94020083263981],[-98.60654087027372,18.940083179696764],[-98.60617404847925,18.93933319533602],[-98.60556200528576,18.938929763518377],[-98.6053746387414,18.93800354487068],[-98.60592233935017,18.937655302128174],[-98.60671441639161,18.937366077561755],[-98.60799069394007,18.938343213428723],[-98.60901746224788,18.937821161154318],[-98.6086101349665,18.936778994167465],[-98.60859704961555,18.936745516524137],[-98.60858860082354,18.936723899576368],[-98.60879729935418,18.935910111609154],[-98.60877853209641,18.935844641779013],[-98.60847009914565,18.935325444031125],[-98.6084189418488,18.935077753122034],[-98.60841989344956,18.935063860780726],[-98.60846973027088,18.934336681473255],[-98.6088288210566,18.933738213923743],[-98.60909360859607,18.933393861310748],[-98.6096381792218,18.932959651185747],[-98.61024470319765,18.932718254874782],[-98.61137688758956,18.93280783949345],[-98.61285039956951,18.932586170866195],[-98.61325684844472,18.932340209071302],[-98.61346794177757,18.931898399101705],[-98.61361234708039,18.93145507412033],[-98.61362651516372,18.93088117839761],[-98.61369949979293,18.930627632878302],[-98.61403767572013,18.930443921651225],[-98.6145727762394,18.930392290819633],[-98.61543345762526,18.930667072750477],[-98.61583202890382,18.930739935897922],[-98.61649893652515,18.930755097102196],[-98.61710701648836,18.93044991042065],[-98.61744990460038,18.93007489645629],[-98.61746248520792,18.92956476941709],[-98.61747349358473,18.929118410688567],[-98.61775125920826,18.928678115335977],[-98.61828791918872,18.92856270973633],[-98.61908190654016,18.928835948114983],[-98.61939335028715,18.929736242242182],[-98.62009865995552,18.93090068582633],[-98.62056078328332,18.93110258500264],[-98.62102604506688,18.931176950869073],[-98.62123082823682,18.93099019151714],[-98.6216451145908,18.930425381522884],[-98.62166396288984,18.929660192506557],[-98.62065819637412,18.927149121710507],[-98.62066762251389,18.92676653282604],[-98.62067862011567,18.926320178165458],[-98.62115800519788,18.925820656896438],[-98.62162953820506,18.92563996135718],[-98.62249648651373,18.92565963578099],[-98.62315865533625,18.925866059701157],[-98.6242845114197,18.92621059774423],[-98.62673787028231,18.9268404270693],[-98.62800339073345,18.926932903585293],[-98.62860672742089,18.92681896753956],[-98.62908452052714,18.92638318594378],[-98.62949875543855,18.925818365706853],[-98.62992552138701,18.924743422520184],[-98.63020010949168,18.924430641309762],[-98.63060650362851,18.92418464072788],[-98.63121451982809,18.9238794032324],[-98.63408208114417,18.923944277379423],[-98.63508082971543,18.924030660826084],[-98.63587169566365,18.924431335645725],[-98.63626087268082,18.924886731006552],[-98.63645311645452,18.92521007701068],[-98.63677561073318,18.925663964743066],[-98.6372981732234,18.926122374087914],[-98.63789211401952,18.92639099491826],[-98.63942282929956,18.926553160485803],[-98.64088685584748,18.926713812009503],[-98.64181893769944,18.926798645325363],[-98.64248114319076,18.927004983781366],[-98.64327360698756,18.92734186219999],[-98.64346274813522,18.927792731959943],[-98.64429381934815,18.929278891331],[-98.64603830404604,18.93161506224304],[-98.64642909481954,18.93200667696091],[-98.64682612331333,18.932143227589837],[-98.64789162729951,18.932231030020425],[-98.6484918498449,18.93224454604396],[-98.64922545583352,18.932261063802272],[-98.65043524964129,18.931905478844854],[-98.65244221525046,18.931695422548486],[-98.65337277908186,18.931843954328922],[-98.65403191160563,18.932177779538875],[-98.65449097313788,18.93250710758802],[-98.65494225703773,18.933155270418787],[-98.65518569265532,18.934117773633783],[-98.65688925196449,18.933211225801525],[-98.65864525610719,18.933491399788988],[-98.6581152617388,18.934562937890735],[-98.65910140333297,18.935427737743783],[-98.65959890882718,18.935679661065866],[-98.66110914732958,18.935713530265218],[-98.66272458589081,18.936592416883382],[-98.66372552024777,18.9368556100727],[-98.66376864970249,18.93688666382692],[-98.66560892247844,18.9382116389231],[-98.66444045697388,18.93881126246755],[-98.66456640070032,18.940082432999198],[-98.66227713021706,18.941074174522583],[-98.66167912337248,18.942001496615386],[-98.66108033192656,18.943332641343787],[-98.66102116511222,18.943796007661486],[-98.66102441094729,18.9446060344953],[-98.66121000266028,18.94570513274734],[-98.65952056605623,18.946462391153492],[-98.65910061653013,18.947562155018296],[-98.65934385275197,18.948139287444956],[-98.66073142497584,18.948019702947644],[-98.66151712829588,18.947553840912207],[-98.66254267140476,18.94743522605874],[-98.66314652167094,18.947432284826753],[-98.66447270656062,18.947255570047854],[-98.66537974335863,18.947540995479404],[-98.66622671153411,18.948868305650688],[-98.6665874507061,18.94979280530101],[-98.66839675532196,18.950307244738045],[-98.66924098207085,18.950592403690393],[-98.66996564981024,18.95082083923667],[-98.67050640821658,18.951398982999276],[-98.67032534825316,18.952728372074787],[-98.67014099744574,18.953885925413896],[-98.67120078912355,18.954098707991445],[-98.67121652040653,18.954065219629893],[-98.67137820019093,18.953493050269543],[-98.67149911998574,18.953226110117814],[-98.67194188962601,18.95257810987331],[-98.67262480017132,18.952274019608275],[-98.67298632040826,18.95212200016349],[-98.67362938021368,18.951665170284286],[-98.67391151984583,18.951055050404097],[-98.67419897995717,18.94967284967584],[-98.6743608599418,18.948986179737474],[-98.67444253964067,18.94826121958286],[-98.67460441960156,18.947574549765815],[-98.67492705020697,18.946773679795935],[-98.67512052039811,18.94593545034152],[-98.67518489045275,18.94546705034819],[-98.67585351987096,18.945019770060675],[-98.67629900045169,18.944661050247994],[-98.6763084202258,18.944296309991547],[-98.67621914010908,18.943975539739046],[-98.67604613972196,18.94346833969921],[-98.67582568997015,18.942372830364047],[-98.67575321980154,18.941725249575434],[-98.67553645971996,18.941203200236696],[-98.67540038020314,18.94062970974079],[-98.67537305978887,18.940301920334118],[-98.67563784981691,18.939577879997778],[-98.67592853972724,18.93890823004012],[-98.67565888986896,18.938021379575897],[-98.67584384953958,18.937312350247197],[-98.67579031977783,18.93661074960559],[-98.67588135042158,18.936134549842702],[-98.67599904987331,18.93565056978691],[-98.67612334007768,18.93525604979172],[-98.67624739973704,18.934872879777437],[-98.6763416499525,18.934466799859244],[-98.67635587990527,18.93440545989054],[-98.6765716198514,18.933881680267184],[-98.67672294993875,18.93349403007492],[-98.67687347993783,18.933111449687942],[-98.67709456973546,18.93273039998054],[-98.6771386301076,18.932370629829432],[-98.67721981966544,18.931936170268973],[-98.67746086037141,18.93185368012918],[-98.67733381981098,18.931271999698545],[-98.67726687997781,18.930758769783708],[-98.67737126027679,18.930459059557858],[-98.67741058011961,18.9299313795835],[-98.67754741963648,18.92977178031126],[-98.67778442963869,18.928736719692154],[-98.67764757037438,18.928202230049642],[-98.67785402972012,18.92764009007214],[-98.67768436996735,18.927041950446196],[-98.6777352004155,18.926766230322542],[-98.67766109020408,18.926185719961065],[-98.677946340075,18.924259579678242],[-98.67809190975554,18.923717479894083],[-98.67851699968946,18.923327679969915],[-98.67915206005208,18.923341680358035],[-98.67950686047536,18.92290485984142],[-98.67885024957769,18.922689050334316],[-98.67923047975422,18.922294739783883],[-98.67973935005386,18.92205425976801],[-98.6799795404471,18.92197566003539],[-98.68050211956576,18.92153414986661],[-98.6810845704801,18.9212454297384],[-98.6816350801341,18.920733429550058],[-98.68192907961124,18.920292769951633],[-98.68288077960199,18.919699850170776],[-98.68348415002852,18.91920138006302],[-98.68410657024513,18.918644600061956],[-98.6843770203486,18.918046519888076],[-98.68444115026183,18.917586520387488],[-98.68467646039657,18.917024480124685],[-98.68528007988986,18.91687834955118],[-98.68599484982515,18.916615220389545],[-98.68661386002564,18.916561709617483],[-98.6871536896101,18.91540748037126],[-98.68756531005201,18.91517324976777],[-98.6878033613332,18.915236958859502],[-98.687801519617,18.915220447607513],[-98.68778607244352,18.91499397145929],[-98.68777894618275,18.91476684324775],[-98.68777785986833,18.91453925193473],[-98.68778053728276,18.91431138749057],[-98.687784698485,18.91408343708585],[-98.6877880644125,18.91385559153285],[-98.6877883075037,18.913628001632734],[-98.68778170296899,18.91339898514873],[-98.6877688005408,18.91316808592429],[-98.68775215648739,18.91293604304415],[-98.68773432327683,18.912703594604007],[-98.68771785714223,18.912471479688453],[-98.68770531336966,18.912240436456422],[-98.68769924530362,18.912011203929783],[-98.68770220914705,18.91178452028698],[-98.68771675821148,18.91156112454646],[-98.6877454467446,18.91134175574347],[-98.68779083789214,18.911127138611903],[-98.68785812455114,18.910912843463343],[-98.68794853135024,18.910697615645418],[-98.68805957000168,18.910485481442056],[-98.68818875034563,18.910280467089347],[-98.6883335870566,18.91008659711454],[-98.68849158903092,18.90990790044626],[-98.6886602691412,18.909748400668878],[-98.68883737722014,18.909612161901837],[-98.68903108948967,18.90950279632364],[-98.68924333721678,18.909416875713216],[-98.6894697846795,18.90934891861143],[-98.68970610273395,18.909293446445602],[-98.689947957523,18.909244977849763],[-98.69019101701808,18.90919803333873],[-98.69043094918004,18.90914713255096],[-98.69066342191623,18.90908679605928],[-98.6907774020679,18.9093786456416],[-98.69085743601707,18.909593056315398],[-98.69093491443348,18.90980855565798],[-98.69101605368895,18.910022496126015],[-98.69110707697736,18.910232224874548],[-98.69120733355817,18.910438560820918],[-98.69130672453953,18.91064654238918],[-98.69140649565664,18.910855028603763],[-98.69150825675707,18.911062697191767],[-98.69161361404336,18.911268219454502],[-98.69172417843505,18.911470268601995],[-98.69184155700799,18.911667519564695],[-98.69196735783646,18.911858645476435],[-98.69210315458199,18.912042443692496],[-98.6922490572509,18.91222054049231],[-98.69240386193269,18.9123937652874],[-98.69256641807372,18.912562002221375],[-98.69273557610727,18.912725133651787],[-98.6929101863713,18.912883045561337],[-98.69308909746977,18.913035616654067],[-98.69327116255798,18.913182733889908],[-98.69345524090834,18.91332426716099],[-98.6936496767926,18.91345179733988],[-98.6937169542595,18.913487025093943],[-98.69374948967021,18.913365799873237],[-98.6945108196565,18.913265060218134],[-98.69481462957603,18.91347308040469],[-98.69512656988714,18.91334568012708],[-98.69546048970572,18.913403339589262],[-98.69603112019155,18.912892850004543],[-98.6968065396541,18.912574280409018],[-98.69709748976234,18.912219920203924],[-98.69745116980931,18.911995909767892],[-98.69754556971958,18.911936119664812],[-98.6976968198711,18.911519980041522],[-98.69813768983556,18.911192000127414],[-98.69817233986731,18.91091362014864],[-98.69910822994751,18.91016232019079],[-98.69947807051791,18.909790392842183],[-98.69764290812363,18.908665762935065],[-98.69410708561708,18.905619165572425],[-98.69341225755676,18.90449932761789],[-98.69343222918111,18.90367146950064],[-98.69360148246155,18.902639856407664],[-98.69398882848957,18.901544067884252],[-98.69450713845771,18.901003383380708],[-98.696266851977,18.899869042200805],[-98.6968589592895,18.899260965365666],[-98.70048363368103,18.895614099781895],[-98.70333284417757,18.891190789063334],[-98.70468441503861,18.88901203333787],[-98.7053734528129,18.887370789838698],[-98.70539501079077,18.886473999942492],[-98.70567111667104,18.883995392063785],[-98.70562717035925,18.882821087594923],[-98.70572417984417,18.881787948222865],[-98.70581621057953,18.880961757985993],[-98.70682356452438,18.87808527343088],[-98.7074516561186,18.876239456565735],[-98.70572216268567,18.87509375660679],[-98.70499958916704,18.87470941615179],[-98.70461905427723,18.874516819954636],[-98.704272589626,18.874509149469684],[-98.70236236908013,18.875461381180674],[-98.70071539221529,18.87667727120423],[-98.7005825044291,18.876762716190324],[-98.69851045569747,18.878688629548687],[-98.69972166932536,18.879751256607488],[-98.7000728557348,18.88005935561853],[-98.70008764838887,18.880072333392306],[-98.7001053338093,18.880087848766138],[-98.70042182361156,18.880365506157737],[-98.7005012289602,18.880435170908097],[-98.70108665981002,18.880948749683842],[-98.70218553991359,18.88191278094864],[-98.70220433869592,18.882091219857923],[-98.70275288038478,18.887789020010146],[-98.70294050964452,18.889744939992774],[-98.70282469038784,18.890453139901805],[-98.702200720431,18.89079799959146],[-98.70224189019723,18.89132796995432],[-98.70146763008702,18.891950570447236],[-98.7007263504568,18.892549459633482],[-98.70066890961564,18.892838030205926],[-98.70037465975145,18.893651860015872],[-98.70031366012601,18.893795710138743],[-98.69997314024387,18.893951819903023],[-98.69872333352971,18.894499538755834],[-98.6984762497418,18.894607819608222],[-98.6984127227505,18.894614533117053],[-98.69829011983198,18.89462749065834],[-98.69804910887692,18.89463017105463],[-98.69792585010529,18.894720340064215],[-98.69733082043034,18.895047540144216],[-98.6967881695984,18.8950741699946],[-98.69625836957046,18.895088890340904],[-98.69528259983034,18.894929549602768],[-98.6949500295699,18.89518231981381],[-98.69470290957425,18.89518528018491],[-98.6945826203694,18.89468768959427],[-98.69255928995123,18.896321419668467],[-98.68968160011278,18.898135909616464],[-98.68867669019396,18.89848562002164],[-98.68796226007552,18.898459970367814],[-98.68752071016466,18.89885449032448],[-98.68717000024702,18.89985345968287],[-98.68687645985024,18.90026192009813],[-98.68639577017412,18.900435910322035],[-98.68556813586916,18.901031062865393],[-98.68527373144741,18.90181471549153],[-98.68464652561316,18.902164851649204],[-98.68412826973098,18.90234233325093],[-98.684059490085,18.902443570268122],[-98.68321468001548,18.903368769787466],[-98.6827455496208,18.904155400342614],[-98.68185974018526,18.905385879938862],[-98.68162878004755,18.906310060178342],[-98.68141454970284,18.90716732020172],[-98.67291474975288,18.909440859867228],[-98.66592891001858,18.906039720000006],[-98.66580191046327,18.905603599698736],[-98.66568023017336,18.905334569848193],[-98.66545316961827,18.905085420436492],[-98.66530575040879,18.90491569037335],[-98.66518545019102,18.90459121964275],[-98.6651364000251,18.904212850343285],[-98.66519358029525,18.903781319784606],[-98.66528054979108,18.903561310347857],[-98.66523177980932,18.903171829641455],[-98.66525613606588,18.902959551051367],[-98.66527623031426,18.90278441974654],[-98.6652943246899,18.90270122145051],[-98.66530423418561,18.902655661380848],[-98.66536904995314,18.902357660147775],[-98.66536536917579,18.90231244956956],[-98.66533837970647,18.90198091965796],[-98.66521677970772,18.901717030280015],[-98.66513429005659,18.901349520285805],[-98.66502735042867,18.901233969557335],[-98.66499439978136,18.90108521971638],[-98.66501368732396,18.90099248227608],[-98.6650248061291,18.90093902078891],[-98.66503585998885,18.900885880288488],[-98.66497249031559,18.90048396960854],[-98.66496653990397,18.900112490266874],[-98.664711319863,18.89963298024217],[-98.66445888997397,18.89933204964141],[-98.66421993969935,18.899180659902882],[-98.6637804197588,18.898931849880285],[-98.66360171988296,18.898900570089157],[-98.66350331047276,18.898816419783394],[-98.66341457027396,18.89863000002483],[-98.66334650963856,18.898478200334736],[-98.66327795014473,18.898346889551267],[-98.66320640031172,18.89833847967155],[-98.66301990978963,18.89833433999773],[-98.66288330978377,18.898344970042167],[-98.66259465977048,18.898365949995508],[-98.66232508954161,18.898359979871795],[-98.6620319396667,18.898345939833746],[-98.66182056309371,18.898258448626756],[-98.66181988955584,18.898258170151102],[-98.661685849992,18.898225000322647],[-98.6615270902525,18.898229030228592],[-98.66143195011364,18.898226920105238],[-98.66134824996922,18.898081599938923],[-98.66133624133975,18.89798238064757],[-98.66131525981233,18.897809019587594],[-98.66144525007068,18.89768351995532],[-98.66160125028556,18.897468000163233],[-98.6617225499452,18.897372520172542],[-98.66180682998846,18.897170489604207],[-98.66188777975633,18.897104339599597],[-98.66214278043519,18.89717956978478],[-98.66226348972938,18.89734336992544],[-98.66247737990089,18.89725848932692],[-98.66250638041448,18.897246980359196],[-98.66274885036125,18.897167549808774],[-98.6628246497053,18.89698267998419],[-98.66283665983183,18.89685573962354],[-98.66285111419212,18.896837616667298],[-98.6631567703114,18.896454379595404],[-98.66339058004561,18.896442459903064],[-98.66352837235085,18.896317273751446],[-98.6636294295797,18.896225460396465],[-98.6637409101574,18.89607403006346],[-98.66394257001583,18.89590749030204],[-98.66421565011058,18.895759649846717],[-98.6642150300085,18.895581369968724],[-98.66421990237292,18.89538201540595],[-98.6642272777158,18.89508024955597],[-98.66424165044401,18.89449213974932],[-98.66420616966138,18.893861679583466],[-98.66417189020358,18.89318282037933],[-98.66438535046765,18.89277582976265],[-98.66492937970224,18.892376170243605],[-98.66564665958673,18.892174079633598],[-98.66583671979895,18.892030304585166],[-98.66611322041209,18.89182114034375],[-98.6663804896383,18.89129425003195],[-98.66644789032908,18.890617630217246],[-98.6669637979608,18.889771842230502],[-98.66703092008896,18.88966180009979],[-98.66714688245109,18.889535425274946],[-98.66729227966867,18.88937696995171],[-98.66729389301761,18.889310856831003],[-98.6672984558327,18.88912391005678],[-98.66730054986768,18.88903811030714],[-98.66742445210777,18.888709890086783],[-98.66747897751863,18.88856544930117],[-98.66751815025027,18.888461680050927],[-98.6674343395704,18.88838595017745],[-98.66712098014317,18.888247089820187],[-98.66678690975797,18.888145479656043],[-98.66662722962924,18.888198479756554],[-98.66649723042364,18.888252140101798],[-98.66635828031063,18.888267910376438],[-98.66630097031943,18.88818183042483],[-98.66622078578179,18.888074966454948],[-98.6660996495888,18.887913520250695],[-98.66593657829048,18.88777909191128],[-98.66587647997929,18.88772954976699],[-98.66569126015969,18.887612370195782],[-98.66556985973764,18.887629799703628],[-98.66529985693796,18.88764582982632],[-98.66510262998203,18.887678119647415],[-98.66499205972609,18.887678306439064],[-98.66494857037347,18.887678379736766],[-98.664860310359,18.887665430120812],[-98.66517834022027,18.887486660406193],[-98.66549681575651,18.88732404156171],[-98.66565019965941,18.887245719626367],[-98.6660417404116,18.8871139100068],[-98.66619679825257,18.887054672103062],[-98.66524267571421,18.88657147325305],[-98.66483354451483,18.88574118069866],[-98.66453220222944,18.88401006798788],[-98.6642887227889,18.883429824708916],[-98.6640392603865,18.883095790443264],[-98.66361417229406,18.882922037438206],[-98.66233490563775,18.882564910858896],[-98.66157054481663,18.882219321303772],[-98.6610656403504,18.88179744102919],[-98.6603990977876,18.88096137056246],[-98.66041908978184,18.880140711578605],[-98.66053289085016,18.87899371422328],[-98.66508114135105,18.872034275488044],[-98.6664860374909,18.870752016765714],[-98.66743194281429,18.870691088832313],[-98.66997633018643,18.871979652898332],[-98.67030224568177,18.872574577986196],[-98.67083995549993,18.873860783624902]],[[-98.61273360728586,18.911136251004372],[-98.61335652298646,18.91104569042769],[-98.6145971852294,18.911073913300996],[-98.61499857583317,18.911083042358374],[-98.61558758259088,18.91088696692119],[-98.61596109405899,18.910546345581302],[-98.61633976481296,18.909996370946544],[-98.61670982719906,18.909795314505434],[-98.61707644596072,18.90973382543402],[-98.61751432226897,18.909743776138225],[-98.61787835977402,18.909786959054625],[-98.62030597338382,18.911599101532484],[-98.62109624467084,18.912548233996684],[-98.62143536360459,18.91360328727465],[-98.6215310827336,18.914164051839474],[-98.62152420653054,18.91444319014743],[-98.6215181893206,18.914687437595155],[-98.62128978848123,18.91506628681535],[-98.62049424163014,18.91623524001989],[-98.62010954929843,18.917029486617846],[-98.61994810438341,18.91765424396949],[-98.62008928859926,18.91933325331561],[-98.62036956701407,18.92129473349426],[-98.62036010963627,18.92167856254646],[-98.62027422614062,18.922200305276053],[-98.61997110231998,18.922647294314142],[-98.61956021867269,18.92302200533095],[-98.61893295242216,18.92328706490825],[-98.61787120634021,18.923402592749248],[-98.61761575554694,18.923396787983886],[-98.6172186316009,18.92321319835327],[-98.6167919022486,18.922749629076847],[-98.61646570700921,18.92117112949502],[-98.61619012369337,18.92050151855719],[-98.61587202232243,18.92007533151887],[-98.6155886927649,18.919719763201325],[-98.61490395072433,18.91935506348125],[-98.61457810527489,18.919242915133275],[-98.61410542877914,18.919162337208796],[-98.61356321636683,18.91894052505602],[-98.61327472604566,18.918794312076415],[-98.61295663768936,18.918368122525898],[-98.61278451870653,18.917945255721634],[-98.61273307828189,18.917071274178866],[-98.61275203587799,18.91630363441535],[-98.61276323864624,18.91585002930218],[-98.61277271773197,18.915466211743066],[-98.61235809189577,18.91451414824902],[-98.61177222340527,18.913104334899522],[-98.61174263021175,18.91282436606621],[-98.61194576857305,18.911991109017663],[-98.61221326709666,18.911508434573452],[-98.61273360728586,18.911136251004372]],[[-98.63060002723081,18.91766740631435],[-98.63019893306176,18.91758825615276],[-98.62942733975609,18.917675891314342],[-98.6280306268338,18.917854464191084],[-98.62755457043686,18.91784367819979],[-98.62715433813591,18.9177295065861],[-98.62683251304374,18.917406898289368],[-98.6266912045222,18.917193488494767],[-98.62635040778005,18.91466328326386],[-98.62639391749046,18.914383995134312],[-98.62662396546854,18.913968799242717],[-98.62710862044263,18.913629441333658],[-98.6275140067965,18.913533523694035],[-98.62802666614509,18.913545139236557],[-98.6288688903978,18.91356421691835],[-98.63088721346863,18.913434744825345],[-98.631809554576,18.91317534765958],[-98.63303601870757,18.91246738187133],[-98.63355984698505,18.91202378826434],[-98.6359346508217,18.909309816755687],[-98.63688983352624,18.90808387859328],[-98.63740909535288,18.907451329249497],[-98.63924108698154,18.90595124458341],[-98.64035073485033,18.90552086620973],[-98.64156165165012,18.905443094190883],[-98.64210832566485,18.905560527341688],[-98.64264728560767,18.905993081608965],[-98.64317510545808,18.906880813766314],[-98.64344318503147,18.90790282516085],[-98.6434363281184,18.90818293527754],[-98.64331704879277,18.90856561265869],[-98.64312796203657,18.908806581941032],[-98.64275578833595,18.909043422563993],[-98.64148764213178,18.90996072003341],[-98.6405149967682,18.910779578787565],[-98.64017685679035,18.911122284783627],[-98.63994685395173,18.91153749711949],[-98.63993998956963,18.911817612901604],[-98.63968681866844,18.91317822135222],[-98.63923767550786,18.915059926677834],[-98.63911923670979,18.91540759805994],[-98.63889008379418,18.91578780142453],[-98.63837054721611,18.91605634274495],[-98.63800178063167,18.916153119695796],[-98.63748825172989,18.916176551345234],[-98.63708544076142,18.916167450798834],[-98.63661025150023,18.916121681113697],[-98.63584124685487,18.91610430270061],[-98.63532599967635,18.916197758100406],[-98.6348805555151,18.91643293061925],[-98.63442565458648,18.91705326644262],[-98.63373642158403,18.918263895458473],[-98.63358478559176,18.91847067321469],[-98.63332242995926,18.91870998149812],[-98.63302689057906,18.918808401145753],[-98.6325874527161,18.918798460273003],[-98.63196749237456,18.91867932807124],[-98.63156983449005,18.918460120692878],[-98.63128289619974,18.918208385089304],[-98.63096020046419,18.91792080329616],[-98.63060002723081,18.91766740631435]],[[-98.64879023754665,18.90743267907316],[-98.6484089221158,18.906557443165838],[-98.64843736109452,18.905402549587297],[-98.64865763907237,18.904637155368924],[-98.64908397075835,18.903683812693668],[-98.64909818752842,18.90310637183146],[-98.64860926584656,18.901440001415438],[-98.64811013283997,18.90147208473041],[-98.64788161957394,18.90155358000335],[-98.64764463572567,18.901981463640666],[-98.64711903451304,18.90309599533247],[-98.64581545411801,18.90226692845097],[-98.64471567762473,18.90091812446253],[-98.6452515771233,18.89960618054256],[-98.64738161991193,18.90001525146982],[-98.64864278097221,18.899923278052036],[-98.64990394130616,18.899831293205605],[-98.65043682472613,18.898639633148715],[-98.65108663803257,18.897811700071486],[-98.65197032309774,18.8977112094113],[-98.65349976340063,18.89782438766635],[-98.6535082165373,18.897478006769997],[-98.65351561461382,18.897174925571733],[-98.65361251236256,18.896917178135467],[-98.65375468510763,18.896660448139436],[-98.65414332347873,18.895586161803706],[-98.65439400904003,18.89459542197131],[-98.65427719709658,18.893813026266148],[-98.65549611897444,18.892754468937007],[-98.65679039527201,18.89336127175279],[-98.65666137872437,18.89451385025481],[-98.6571362761378,18.8956799950256],[-98.65671711653822,18.896344617065704],[-98.6563915152918,18.897300213587993],[-98.6565644550947,18.898459592521874],[-98.65839514581486,18.897730357760267],[-98.65897781252929,18.898610054777823],[-98.65834552729517,18.899751366480675],[-98.65722176755303,18.900400186831632],[-98.65516329673513,18.90020113257706],[-98.65477163162896,18.899542508081847],[-98.65393246648522,18.898657218860368],[-98.6532430962778,18.89919382520505],[-98.65257167103047,18.899467606692255],[-98.6526136023746,18.900219627583752],[-98.65260082097049,18.90073931765074],[-98.65213999687282,18.901562779281125],[-98.65172950821193,18.902587806472546],[-98.65282964547848,18.90290142008913],[-98.65271005214099,18.903669078676298],[-98.65109951282899,18.90363286484113],[-98.65027766291418,18.90428843383621],[-98.64993304743003,18.906013973772506],[-98.65010357472146,18.90726964113164],[-98.64879023754665,18.90743267907316]]],[[[-98.6719921778072,18.880671891262274],[-98.67197980037182,18.880282150194766],[-98.6720785700246,18.880002280252594],[-98.67201815013813,18.879740080366915],[-98.67167234959005,18.879534200299055],[-98.67151220130263,18.87948319863961],[-98.67151121476547,18.879485941492526],[-98.67141742755184,18.879812287683198],[-98.67191239289811,18.880644461881268],[-98.6719921778072,18.880671891262274]]],[[[-98.66893914457975,18.885033121954272],[-98.66940811967413,18.885443569937937],[-98.67018555569076,18.885497782347308],[-98.67008045901626,18.885365975423223],[-98.66957352008684,18.885026181234426],[-98.66897279067774,18.885012739661253],[-98.66893914457975,18.885033121954272]]]]},"properties":{"CLAVE":"BP","DESCRIPCIO":"BOSQUE DE PINO"}},
{"type":"Feature","geometry":{"type":"Polygon","coordinates":[[[-98.5648167961496,18.940733568014906],[-98.56681533091921,18.94095877489084],[-98.56741834156692,18.941534090058376],[-98.56790645879299,18.94263172266865],[-98.56857618962943,18.943555489753084],[-98.5696640313573,18.944129993949833],[-98.57069290018002,18.944012070901643],[-98.5717879414058,18.943719749509558],[-98.57319052512834,18.94383256162936],[-98.57470167425521,18.943016835857502],[-98.57572265623439,18.942376659569064],[-98.57711369884015,18.94144738543384],[-98.57849894512422,18.941153325590594],[-98.57941097287272,18.94149849376166],[-98.58037485508012,18.9419591717139],[-98.5815860755547,18.94195514560246],[-98.58272960917475,18.941431398951796],[-98.58315186939876,18.94044516853619],[-98.58393277324895,18.939112258406993],[-98.58449109210137,18.938110385790722],[-98.5852343792638,18.937131529878485],[-98.58544468425761,18.936712971114964],[-98.58546109120805,18.936680317217654],[-98.58572765328586,18.936149787790605],[-98.58649643778641,18.935069878004725],[-98.58649486276875,18.935056172157417],[-98.58641747127793,18.93438256758131],[-98.58639430787441,18.934091263362507],[-98.58627779186322,18.933885046969372],[-98.58580088692378,18.93349610179954],[-98.58544411285655,18.933168065010552],[-98.58472478326524,18.93274447861496],[-98.58279910874133,18.93191519467946],[-98.58234826723034,18.93170130290015],[-98.58181638488774,18.931078467803825],[-98.5816535728515,18.930289646902636],[-98.58179543880648,18.928257520574714],[-98.58201760291881,18.927884623386348],[-98.5824228484252,18.927486854826093],[-98.58319135531971,18.927155579105236],[-98.58438969924855,18.92665970457445],[-98.5849128866774,18.926410018689875],[-98.58522766484903,18.925981092438118],[-98.58608803867718,18.924401623247086],[-98.58674290502739,18.923747888334443],[-98.5889318177587,18.92254779177508],[-98.59058148448548,18.921895719324418],[-98.59085495673173,18.919526444892874],[-98.59125250169407,18.915926818066325],[-98.59126804837558,18.915301176634625],[-98.5912414479768,18.914821863375916],[-98.59113695560133,18.914377589610844],[-98.59080153547588,18.913928028437038],[-98.59011789086438,18.91354413564759],[-98.58838774896111,18.913430840289806],[-98.58796529420711,18.913384333876607],[-98.58746952384323,18.913188852106074],[-98.58705530789402,18.912811124660216],[-98.58690868071922,18.91251317699663],[-98.58691875386631,18.91210835497261],[-98.58700854799312,18.911594893244267],[-98.5877177672462,18.909401786950642],[-98.58845465702477,18.906773853512505],[-98.58664071370674,18.906406596932577],[-98.58513718268688,18.905923857407803],[-98.58399128469557,18.90889862284198],[-98.58360484417153,18.90967933458216],[-98.58336904889538,18.9099371153104],[-98.58300116654323,18.909972536706437],[-98.5818986107311,18.910034952673428],[-98.57970005724344,18.909896714400254],[-98.57896757058532,18.90983601265682],[-98.57831694079384,18.910171984268736],[-98.57803528557085,18.910428705581943],[-98.57784313939851,18.910775212180024],[-98.57768918934644,18.91142966220587],[-98.577764484774,18.91208938603757],[-98.57807340155807,18.912579015985838],[-98.57834084465027,18.912892227903768],[-98.57879168694072,18.91320965654577],[-98.58064311878914,18.914392728843502],[-98.58099571716414,18.914971094607182],[-98.58120748639182,18.915677826616392],[-98.58119437584305,18.916203927431276],[-98.58071506261248,18.91886880622612],[-98.58055893109295,18.919610965333856],[-98.58032202172058,18.919912592506922],[-98.58013205559669,18.92017143484486],[-98.57911565790997,18.920455148807505],[-98.5779235001415,18.92042774412325],[-98.57601084366961,18.919857345219008],[-98.57433402272399,18.919029148420073],[-98.5732881956367,18.918654134461907],[-98.57140081104734,18.918353290196094],[-98.56991934252764,18.91860109857143],[-98.56827169173334,18.919044603708276],[-98.56784979333673,18.91913518574627],[-98.56757217460566,18.919329403858335],[-98.56718468904252,18.919721707868867],[-98.56662382163302,18.92117330422489],[-98.56649129787655,18.9222086813145],[-98.56655758473283,18.92420794400335],[-98.56645008439496,18.924822112139644],[-98.56635212875827,18.925054764964422],[-98.56616282956354,18.925255947347253],[-98.56528431971967,18.9259991484387],[-98.56435894090538,18.927387280122968],[-98.56413306282569,18.927822534319453],[-98.56384341390832,18.929577725997355],[-98.56380169544002,18.93001723393001],[-98.56388348920578,18.930430230335034],[-98.56475231162929,18.931301866042276],[-98.56523240390413,18.93175342173158],[-98.56561600584534,18.93237893757847],[-98.56578988940208,18.93279406097557],[-98.56610329202276,18.933770340846397],[-98.56631727039142,18.93503798485602],[-98.56631569953389,18.935056457696053],[-98.56631453979625,18.935070091520732],[-98.56593724513638,18.93563139322801],[-98.56585125192534,18.93657299478799],[-98.56584287367933,18.936622247864744],[-98.56583742560609,18.93665427454299],[-98.56576442236133,18.93708345317847],[-98.56567996059852,18.938141185803165],[-98.56554887803709,18.93905292941815],[-98.5648167961496,18.940733568014906]]]},"properties":{"CLAVE":"BPQ","DESCRIPCIO":"BOSQUE DE PINO-ENCINO"}},
{"type":"Feature","geometry":{"type":"Polygon","coordinates":[[[-98.57473347078864,19.02477655469009],[-98.5747893797052,19.024060310316603],[-98.57503706015069,19.022628460020552],[-98.5750996901884,19.02184462973487],[-98.57488242971469,19.02085681999258],[-98.57650722016045,19.020812910056684],[-98.57802284993168,19.02095352043097],[-98.57854622644464,19.02117589903718],[-98.57875242298981,19.021037595718507],[-98.58007814045266,19.01981695837935],[-98.57994840352669,19.018660829461698],[-98.57879225694128,19.01825829653372],[-98.57746273603372,19.018784204728707],[-98.57630801170869,19.01832479266654],[-98.57539304545422,19.017403230609066],[-98.57447656157316,19.016247806395782],[-98.5733262102737,19.016251548304382],[-98.57169456246869,19.01695137032837],[-98.57097008609769,19.01753093861196],[-98.57006420219948,19.018112022977462],[-98.56879810625736,19.01910069673904],[-98.56782999408678,19.019275274047654],[-98.56717079186832,19.020436055416592],[-98.56808709604549,19.021589836445028],[-98.56870023801625,19.022340674512474],[-98.56942691897477,19.022510414473334],[-98.57075849750247,19.02221843561628],[-98.57136586085981,19.022389973199473],[-98.57185960628316,19.02348565188056],[-98.57217606853133,19.02516209660995],[-98.57302822420117,19.02562028235758],[-98.574237446304,19.02503986349417],[-98.57473347078864,19.02477655469009]]]},"properties":{"CLAVE":"BPQ","DESCRIPCIO":"BOSQUE DE PINO-ENCINO"}},
{"type":"Feature","geometry":{"type":"Polygon","coordinates":[[[-98.51626461800338,19.026874435905494],[-98.51660355020537,19.026903769719123],[-98.51778599980388,19.026927181150093],[-98.51858154035946,19.026836649753882],[-98.5197286898928,19.026941290299547],[-98.52012633032372,19.02698500757476],[-98.51789779204077,19.025896505728262],[-98.51650813196854,19.02671002807186],[-98.51626461800338,19.026874435905494]]]},"properties":{"CLAVE":"BPQ","DESCRIPCIO":"BOSQUE DE PINO-ENCINO"}},
{"type":"Feature","geometry":{"type":"Polygon","coordinates":[[[-98.33047998834937,18.855361899354023],[-98.33051932011168,18.855408260097743],[-98.33083365965773,18.85541677966656],[-98.33110006014842,18.855451550138177],[-98.33126893974915,18.85550961967364],[-98.33141911024755,18.85565551957748],[-98.33152919959001,18.855798750376586],[-98.33163585009129,18.855924179597054],[-98.33182090982814,18.855978720133937],[-98.33210500016904,18.855940549858683],[-98.33219875032628,18.85601108026565],[-98.3323295396964,18.856127980311584],[-98.33243280036413,18.85623186008423],[-98.33238405033465,18.856444479844964],[-98.33234866016274,18.856693819652275],[-98.33291521986729,18.85661207989446],[-98.3331132900707,18.85671697976379],[-98.33316048961017,18.85691829005637],[-98.33312680626383,18.857092626317996],[-98.33311917014856,18.857132149866317],[-98.3330429127568,18.857240267947216],[-98.33296649008587,18.857348620176936],[-98.33272528041584,18.857692980337667],[-98.33299275039938,18.857576739760564],[-98.33297931672222,18.857589948842975],[-98.33452419938818,18.85693256468964],[-98.3345677419494,18.85689300655463],[-98.33508495154223,18.85576321641162],[-98.33539413914939,18.855396406653316],[-98.33603681656581,18.85547830558911],[-98.33663717171312,18.855765667379067],[-98.33753974339194,18.856173875594102],[-98.33951203225948,18.85709596721707],[-98.34001667079262,18.857291216902848],[-98.34044125927004,18.857301658192828],[-98.34080702929077,18.857127813972312],[-98.34141605523237,18.85659427015745],[-98.34187827938872,18.85604101697749],[-98.34350906728837,18.85331372916559],[-98.3439803902647,18.852331902360046],[-98.34512092308003,18.851295557200093],[-98.34676349694394,18.85091014469974],[-98.34765893203964,18.850719254069926],[-98.34864924535945,18.849750159654686],[-98.34889242454793,18.848975604260737],[-98.349077786037,18.844793753574805],[-98.34925246705629,18.843804665935],[-98.34956223593494,18.843315579885527],[-98.34994426046737,18.842899219503348],[-98.35153895556468,18.84151923367306],[-98.35221942509128,18.841039231147764],[-98.35246068405458,18.84033560477035],[-98.35247763406558,18.839697434297882],[-98.35237643405122,18.837921113729774],[-98.35203209907426,18.836919326136446],[-98.35130576575868,18.83633389638064],[-98.35020685308376,18.835810280289557],[-98.34991217893659,18.83573209990559],[-98.34583448675217,18.835632028855535],[-98.3442700025621,18.835877415590314],[-98.34321882746958,18.8363482619093],[-98.34223234459463,18.837175455063903],[-98.34079201982664,18.841113461600106],[-98.33983994824084,18.84343155251605],[-98.3374601799499,18.84642408467379],[-98.33647548504256,18.84718036254081],[-98.33399081913466,18.848538304144046],[-98.33293004991938,18.849363646462265],[-98.33175156242369,18.85181810056755],[-98.3314297945194,18.85330587364794],[-98.330797737575,18.854548748643865],[-98.33047998834937,18.855361899354023]]]},"properties":{"CLAVE":"BQ","DESCRIPCIO":"BOSQUE DE ENCINO"}},
{"type":"Feature","geometry":{"type":"Polygon","coordinates":[[[-98.48517185755853,18.995829304943655],[-98.48573682395781,18.994514397769773],[-98.48585261242955,18.99387884672525],[-98.48669683164165,18.99295102646213],[-98.48735486423523,18.992139980871052],[-98.48850691311586,18.992136450918306],[-98.48977873269612,18.99276946796722],[-98.49098867121086,18.993113166693476],[-98.49237494328693,18.99258834923752],[-98.49376895959028,18.992989840276444],[-98.4955195209093,18.99292925395623],[-98.496606708049,18.992750630040007],[-98.49757467497476,18.992865010999903],[-98.49829941244782,18.99309369639477],[-98.49945488338236,18.99488390133857],[-98.49806417782672,18.995061625303656],[-98.49637515582901,18.99529716506503],[-98.49511129689301,18.99634228226591],[-98.4936016810543,18.996751019567732],[-98.4924468733247,18.995365082412466],[-98.49039303677506,18.995138565891324],[-98.48918566111682,18.99577995923878],[-98.48979806419776,18.997454894250147],[-98.49179404313297,18.997853539436093],[-98.49300161758732,18.998140679556766],[-98.49300862734766,18.999412201482507],[-98.49470509279622,19.00062266704013],[-98.49579817354484,19.00036934239134],[-98.49548848485212,19.0006410135089],[-98.49417120655309,19.00126591904694],[-98.4958812941534,19.001863305586753],[-98.49740151911107,19.0015378127881],[-98.49843358102568,19.0005987501391],[-98.50020250923296,19.000399494035598],[-98.50097963179856,18.999574843518378],[-98.50236462923556,18.99960737279134],[-98.5035009019343,18.99951363611522],[-98.50489826668299,18.999064771066873],[-98.50622490796725,18.996022673959647],[-98.50755610882156,18.996598580686765],[-98.50955315619058,18.99769148375212],[-98.51021812774552,18.998095653378815],[-98.51136841590856,18.99890236466544],[-98.51354671692391,18.999936955171528],[-98.51644286227845,18.999234370597378],[-98.51849636013752,18.99963519921834],[-98.51879765496943,18.998939077497756],[-98.51818911713845,18.9978433291092],[-98.51698188467441,18.99790323404192],[-98.51649424178298,18.99663282130828],[-98.51661056907722,18.995360068599897],[-98.51630232850141,18.993392999235414],[-98.51563423680693,18.992644045993657],[-98.51490784481187,18.992124694586646],[-98.51472249438,18.990909760851576],[-98.51592479213227,18.98975067073185],[-98.51670498674987,18.988070839351387],[-98.51470426824893,18.986571068823213],[-98.51283609236081,18.987444306980137],[-98.5115704067117,18.98819910875878],[-98.50957992130643,18.98901540048589],[-98.50764531973483,18.988558128859996],[-98.50600971109874,18.987463327183846],[-98.5040696388254,18.986831248197372],[-98.50285671323257,18.98585159878576],[-98.50267188829264,18.984289708715714],[-98.5021236772162,18.98336607796685],[-98.50115176003571,18.982443867625616],[-98.5009618853027,18.98117199669255],[-98.50077531288727,18.979378009017775],[-98.49992220180667,18.978165646789304],[-98.49823130060453,18.97869187141128],[-98.49714304680269,18.97823052691316],[-98.4976180355804,18.97701471146295],[-98.49858337221706,18.97608689391634],[-98.49911926167712,18.974812789960914],[-98.49845024924487,18.973657676326606],[-98.49947221617927,18.972845532350117],[-98.50044155003826,18.973304621949353],[-98.5015911488433,18.973303775835628],[-98.5024327395557,18.97266371140526],[-98.50279202512111,18.97179501647185],[-98.50242531836977,18.97092917597434],[-98.50193723157382,18.97006275921869],[-98.50134226603286,18.969089737548966],[-98.50037839457863,18.969086987048787],[-98.49852287062131,18.969435834073465],[-98.49444574983806,18.96729665910282],[-98.49435421202985,18.96712025428298],[-98.4940765630368,18.966585185678134],[-98.49259573815611,18.96480796937568],[-98.4891500364242,18.963052165349172],[-98.48629596239776,18.96159774303399],[-98.48587854948042,18.96157371488678],[-98.48599915117312,18.962180070226786],[-98.48619036919582,18.96339274332608],[-98.48589037041252,18.963973246537847],[-98.48486261795746,18.964149766753554],[-98.48383768137745,18.964498132049446],[-98.48329710932755,18.96536816747625],[-98.4837230312242,18.966522696041917],[-98.48451521899594,18.967505557000347],[-98.48524657732762,18.968254900269265],[-98.48664119506284,18.969523307041158],[-98.48598297633316,18.9710288078265],[-98.48544700604936,18.972014447143575],[-98.4853266037376,18.972652107055758],[-98.48508626955791,18.97323005263589],[-98.48455222865802,18.974329509432657],[-98.48364384533343,18.97439053341558],[-98.48327529615167,18.973696950462344],[-98.48255400278296,18.97369924745056],[-98.48219800593016,18.97491496535517],[-98.48134957349967,18.974860211781277],[-98.48109901387467,18.973529475100293],[-98.48073181804378,18.972488365180126],[-98.47946488550156,18.972607439754018],[-98.47813758060774,18.97382690238296],[-98.47778444802785,18.9749266360872],[-98.47748458545946,18.97550487202718],[-98.47682327087728,18.975970457789927],[-98.47627574629229,18.975970580322045],[-98.47615274170936,18.974872091124386],[-98.47463858337673,18.97487605841348],[-98.47374363639383,18.976614842897675],[-98.47381003437091,18.977886065640824],[-98.47466206345787,18.979734510765844],[-98.47533245563285,18.980832904493617],[-98.47582288736274,18.981987338205105],[-98.47607187451817,18.983087138787887],[-98.47625711119687,18.983779839270095],[-98.47577816223895,18.98476343075778],[-98.47462547895005,18.984303801729283],[-98.47401410890332,18.983323401154035],[-98.47305142954426,18.983844988890247],[-98.47220912870625,18.984600379986528],[-98.47063840344522,18.984777601087316],[-98.46924717255352,18.98472299071721],[-98.46882674791473,18.985359809128667],[-98.47009893831314,18.985992409438],[-98.47125206765125,18.986627296269365],[-98.47162054028884,18.98789947818729],[-98.4704739924529,18.98853843644066],[-98.46920559063093,18.98871371420278],[-98.46781858885454,18.98906365383735],[-98.46606585975603,18.98947373087291],[-98.46788656085442,18.990741726587608],[-98.46867544529438,18.99137767235841],[-98.470309096409,18.991833976218754],[-98.4717013065269,18.992235615827326],[-98.47382058647547,18.99298214294336],[-98.47521420485046,18.993615319714582],[-98.47588400257531,18.99482981085902],[-98.47585647444659,18.9951721946313],[-98.47565662079997,18.9974896299596],[-98.47554238379963,18.99864707165882],[-98.4762121596692,19.000208455196745],[-98.47742508653337,19.000841246529912],[-98.47808471753997,18.999855695410954],[-98.47940754674158,18.998463551014133],[-98.48042951584436,18.997363103790665],[-98.4815150615183,18.996896671706196],[-98.48284620122742,18.99666248260477],[-98.48393065191475,18.996602208203804],[-98.48514047629897,18.995904320095008],[-98.48517185755853,18.995829304943655]]]},"properties":{"CLAVE":"BQ","DESCRIPCIO":"BOSQUE DE ENCINO"}},
{"type":"Feature","geometry":{"type":"Polygon","coordinates":[[[-98.63891191510233,18.87403061336468],[-98.63889034998633,18.873716310138796],[-98.6388398298272,18.873477479578593],[-98.63877154953717,18.873154740093575],[-98.63861936981372,18.87240091967406],[-98.63845441958247,18.87190552042136],[-98.63841609002132,18.871790450121157],[-98.63824393968069,18.871471080439065],[-98.63810043031638,18.87114333962712],[-98.63784128036413,18.8708118901333],[-98.63774803020047,18.87070334988836],[-98.63760837028796,18.870540749823533],[-98.63731356980075,18.870176599707268],[-98.63698351996227,18.869936630448784],[-98.63676870963812,18.869741859664597],[-98.63675682004741,18.869668600038057],[-98.63672205988449,18.869454690139477],[-98.63678245036884,18.869164770289416],[-98.63683697980191,18.868911170063917],[-98.63686512024024,18.86878035035322],[-98.63686091980428,18.868397970396693],[-98.63678571000911,18.86818313959817],[-98.63671791955227,18.867989519832793],[-98.63655200024729,18.867700859620026],[-98.6363384798966,18.867366150318347],[-98.63628851022422,18.867287830155988],[-98.63608557043156,18.86699150984628],[-98.6358599202327,18.8665553499474],[-98.6357790201369,18.866390940425973],[-98.63556233976149,18.865950620051375],[-98.6355713700695,18.865354020397405],[-98.63554862036155,18.864998799908182],[-98.6353646503661,18.864498980115286],[-98.6357030604097,18.864448950406445],[-98.63590054983497,18.864185090030798],[-98.63594374968899,18.863950259864744],[-98.63606085043754,18.863513249905388],[-98.63637321997452,18.862705879574808],[-98.63658142046442,18.862361689957748],[-98.6367582600754,18.862022119683676],[-98.63689927997189,18.861834419994878],[-98.63699816997922,18.861775690423304],[-98.63724907996523,18.861750799633974],[-98.6375535504471,18.86173782956924],[-98.63740478010224,18.86146682037082],[-98.63716519976333,18.86124185029223],[-98.63693444960133,18.861065550290853],[-98.6367268199264,18.860889289868275],[-98.63649621991308,18.860647059626938],[-98.63626551971525,18.860448770081916],[-98.63603486024537,18.860228510424456],[-98.63578091016652,18.86009612020173],[-98.63543459978985,18.859919599698085],[-98.63504217036176,18.85969901958151],[-98.6348345401193,18.859522770332575],[-98.63453454036369,18.859302370298813],[-98.6342806000727,18.859169979664244],[-98.63409440001944,18.8589617395698],[-98.63368745977657,18.858715980319207],[-98.63328875030248,18.8585589396177],[-98.63320203003963,18.85852476967519],[-98.63283057038694,18.858496859848994],[-98.63248802989722,18.858305919661394],[-98.63208018026151,18.857957169897723],[-98.63177468990125,18.857788089951637],[-98.63128903028466,18.857705580241905],[-98.63091780012057,18.857568949599955],[-98.63063243043923,18.857378120387875],[-98.63034717979174,18.857132939998515],[-98.63011885995414,18.856996580320754],[-98.6298904000424,18.85691458045246],[-98.62974781968192,18.85677839985219],[-98.62949103021995,18.85658763032585],[-98.62914867957363,18.856315140373635],[-98.62877570962299,18.856150430000895],[-98.62843524998874,18.855851659592112],[-98.62794965017068,18.855741969722803],[-98.62774977988275,18.855660029853155],[-98.62716829183258,18.855601643968058],[-98.6271203201112,18.85590962132546],[-98.62767108366198,18.858908509560425],[-98.62911045074428,18.86245848851303],[-98.62908925246754,18.86332076756608],[-98.62893423006993,18.863980919410228],[-98.62813216329248,18.865555550410157],[-98.62804348846433,18.86570228176989],[-98.62790289780283,18.86683190838471],[-98.6281339183891,18.86882359796928],[-98.62905639474414,18.870941478873196],[-98.6296981851206,18.87456752466108],[-98.62951633098946,18.87700995158414],[-98.63018829824352,18.879416843226167],[-98.63113198867968,18.880804842924857],[-98.63196873890118,18.88348514766983],[-98.6319983154172,18.883663555220235],[-98.63342124011307,18.8832518164892],[-98.63441873200769,18.88228118265807],[-98.6347568100789,18.881730160391623],[-98.63516889534729,18.88080836662774],[-98.6355242954514,18.876905779435354],[-98.63560134664982,18.87641093833378],[-98.63580966103324,18.875856991898925],[-98.63641177569609,18.875125728869758],[-98.63805181921207,18.874417913061023],[-98.63891191510233,18.87403061336468]]]},"properties":{"CLAVE":"BQP","DESCRIPCIO":"BOSQUE DE ENCINO-PINO"}},
{"type":"Feature","geometry":{"type":"Polygon","coordinates":[[[-98.51116391217423,19.02638098898915],[-98.51140190963123,19.026389659804536],[-98.51242740015039,19.025810570186266],[-98.51354128030647,19.02610948025457],[-98.51458462019315,19.026579909788374],[-98.51566131969255,19.026822219891177],[-98.51626461800338,19.026874435905494],[-98.51650813196854,19.02671002807186],[-98.51789779204077,19.025896505728262],[-98.51656419833509,19.024741524149157],[-98.51547423675288,19.024166340071506],[-98.51487338866673,19.023533770992522],[-98.51323616778824,19.022032523662293],[-98.51191006842845,19.021631587350843],[-98.5105823992375,19.021925214856218],[-98.50984550398084,19.02183873250279],[-98.50913615681864,19.021755325632586],[-98.50786361538852,19.020543877948988],[-98.50719686794572,19.019445395019975],[-98.50628990011108,19.018116920251533],[-98.50459779234625,19.017197003471967],[-98.50314875594205,19.0168546376036],[-98.50188303053886,19.016857739255208],[-98.49995202103493,19.01697726712141],[-98.49902562763202,19.017068194037012],[-98.49874125454105,19.017096105098204],[-98.49662930860768,19.016871659172153],[-98.495422677363,19.016353067505765],[-98.49427338177335,19.01554619151066],[-98.4920351832439,19.014510805154806],[-98.49028035803481,19.013184459731082],[-98.48980107584049,19.0133601199268],[-98.48901473062783,19.013650648968945],[-98.48811035929398,19.014406231862672],[-98.48865834312555,19.01561792386649],[-98.48992918922089,19.01648441150509],[-98.49120016284549,19.01740538168999],[-98.49331399416185,19.01792017704552],[-98.49457971455908,19.017801310315747],[-98.49572809887384,19.017797876687574],[-98.49639450750722,19.01843304473562],[-98.49663752397755,19.01958955136118],[-98.49620106184932,19.02074840434139],[-98.49639596362084,19.02077395018546],[-98.49902052604743,19.021410343600262],[-98.49951297861584,19.02156860415419],[-98.5011501293528,19.022517832183343],[-98.50278859032159,19.02330812710605],[-98.50393849636602,19.023311457156456],[-98.50590959915317,19.023160496747263],[-98.5067287643225,19.023632816577948],[-98.50705473725735,19.02410598633755],[-98.50901934562455,19.025212559739902],[-98.50983866629123,19.0258440363764],[-98.51033070606208,19.02584538908566],[-98.51116391217423,19.02638098898915]]]},"properties":{"CLAVE":"BQP","DESCRIPCIO":"BOSQUE DE ENCINO-PINO"}},
{"type":"Feature","geometry":{"type":"Polygon","coordinates":[[[-98.46327851177254,19.054256843298166],[-98.46368814959304,19.054639520801906],[-98.46395537006191,19.05518148956626],[-98.46490530994323,19.055747279732163],[-98.46554745978504,19.05608227974069],[-98.46630252017559,19.056476181187087],[-98.46739932629873,19.057105435087745],[-98.46863658287118,19.05743508856442],[-98.46974585727565,19.057438239438067],[-98.47011482539524,19.057557446405944],[-98.47085231678007,19.057795636158726],[-98.47205523018238,19.058183975305084],[-98.47233081103138,19.058272934023403],[-98.47319333205095,19.0582752093861],[-98.47381120306844,19.0580410917803],[-98.47445721433702,19.05795467203983],[-98.4737621579607,19.057827772986023],[-98.47243668250145,19.057889285939126],[-98.47164950666563,19.056674404076432],[-98.47020382476344,19.05639067282142],[-98.46827363594927,19.056509685243316],[-98.46649289607346,19.056301030669466],[-98.46634177837984,19.056283322423486],[-98.46591945001127,19.055357934155218],[-98.46483271558546,19.054494105125038],[-98.46327851177254,19.054256843298166]]]},"properties":{"CLAVE":"BQP","DESCRIPCIO":"BOSQUE DE ENCINO-PINO"}},
{"type":"Feature","geometry":{"type":"Polygon","coordinates":[[[-98.6573859426526,18.977273158965087],[-98.65742593954997,18.976718969549314],[-98.657466860456,18.97633742009702],[-98.6575482301384,18.975803279565767],[-98.65775048955999,18.975040380095134],[-98.65787209004988,18.974468150147167],[-98.65795292011921,18.974201149923115],[-98.65827514009055,18.97366745965001],[-98.65883851030932,18.972981549597122],[-98.65916072008613,18.9724478599751],[-98.65928191994287,18.972066450380527],[-98.6594836302495,18.971570689654776],[-98.65981195032286,18.970787549586948],[-98.65993277037096,18.97059696983619],[-98.66025394987264,18.970559379686552],[-98.66061530952182,18.970521890183367],[-98.66109728955647,18.970370120435014],[-98.66121794018765,18.970255849796178],[-98.66149963015336,18.969912889984094],[-98.66162050998179,18.969684140051132],[-98.66170148044436,18.96934080011293],[-98.66190334023953,18.96876871968872],[-98.66210541957301,18.968082149545104],[-98.6623483203709,18.967052170223567],[-98.66238938038634,18.96659428967745],[-98.66247027962855,18.966289120335585],[-98.6624710496298,18.965907490094764],[-98.66267290994848,18.965335400437947],[-98.66275410995928,18.964877579971514],[-98.66287543013556,18.964419850113167],[-98.66303768018797,18.963580549956756],[-98.66319953963688,18.962932059767173],[-98.66332078034912,18.96251248003907],[-98.66376384989645,18.961750020205823],[-98.66416683012382,18.9609493096119],[-98.66464916972534,18.960606710055902],[-98.66497143041688,18.96003484956035],[-98.66529282958449,18.95988277015541],[-98.66577508980242,18.959578320368394],[-98.66625766009183,18.9591212299781],[-98.6666598599469,18.95870217006913],[-98.66678156969976,18.958053600429924],[-98.66695397780956,18.957629745989323],[-98.66652210254314,18.957869814199125],[-98.66471322583924,18.957586871344],[-98.66502271424173,18.956370575652727],[-98.66557492316767,18.95497997010948],[-98.6666644672937,18.95381992263318],[-98.66715367888725,18.95243197433103],[-98.66667218818122,18.95156614337626],[-98.66588774173951,18.95087443409139],[-98.6665874507061,18.94979280530101],[-98.66622671153411,18.948868305650688],[-98.66537974335863,18.947540995479404],[-98.66447270656062,18.947255570047854],[-98.66314652167094,18.947432284826753],[-98.66254267140476,18.94743522605874],[-98.66151712829588,18.947553840912207],[-98.66073142497584,18.948019702947644],[-98.65934385275197,18.948139287444956],[-98.65910061653013,18.947562155018296],[-98.65952056605623,18.946462391153492],[-98.66121000266028,18.94570513274734],[-98.66102441094729,18.9446060344953],[-98.66102116511222,18.943796007661486],[-98.66108033192656,18.943332641343787],[-98.66167912337248,18.942001496615386],[-98.66227713021706,18.941074174522583],[-98.66456640070032,18.940082432999198],[-98.66444045697388,18.93881126246755],[-98.66334961859484,18.93812133597173],[-98.66274847655207,18.938122058252798],[-98.66196400182203,18.938125492855047],[-98.66057730825419,18.938824089940386],[-98.65852585202218,18.939466798170393],[-98.65647417963669,18.939995736484608],[-98.65448073416317,18.940060152207174],[-98.65321335681286,18.94029557952336],[-98.65242952846627,18.94099290537819],[-98.65189301522453,18.942265708905033],[-98.65092915846309,18.943832088543353],[-98.65002524020208,18.944238931958623],[-98.64851151873962,18.944072377533672],[-98.64723964520324,18.944307702162558],[-98.64602919214303,18.9443692175889],[-98.64463886406294,18.944547837298458],[-98.64384651752779,18.94356533618714],[-98.6441471153677,18.94246750324347],[-98.64480609078736,18.941481336010394],[-98.64546802017024,18.940899038679206],[-98.64488990459697,18.93980430079365],[-98.64395145235335,18.93928445111626],[-98.64260595444085,18.93975389139053],[-98.64144751081064,18.940278045070748],[-98.64080569205869,18.938948727176964],[-98.63933429319206,18.938491648142826],[-98.63854904294129,18.939246362628005],[-98.63813034061637,18.94005761226235],[-98.63752708335561,18.94063780726912],[-98.63594724207866,18.94035262806581],[-98.63632921600194,18.938959814990433],[-98.63666479769492,18.937989126327768],[-98.6372603509235,18.936855665687002],[-98.6372783485672,18.93682141342803],[-98.63819160620601,18.935083266213983],[-98.63819358105475,18.935069132110176],[-98.63844844636655,18.933244984875394],[-98.63859776063829,18.93171576970891],[-98.63855628449224,18.93112674877484],[-98.6382825446715,18.930888898070712],[-98.63787404560411,18.930826209084234],[-98.63721989312647,18.930900535206288],[-98.6369755490653,18.930984118533004],[-98.63680265771224,18.93119405971048],[-98.6363734709716,18.93273476665921],[-98.63597994040472,18.93358127344253],[-98.63558044905197,18.933910840180115],[-98.63537204381252,18.934048696614635],[-98.63369245458688,18.934135466510334],[-98.6323468574437,18.93428323677925],[-98.63209725663316,18.934580544289773],[-98.63203787826872,18.93506852983216],[-98.63203616474974,18.935082616272748],[-98.63067153515463,18.935715111599553],[-98.630092961805,18.936116069559866],[-98.6284301277406,18.936580059064585],[-98.62752391986474,18.93675518432275],[-98.62691944510023,18.936757981369887],[-98.62619412894763,18.93664542186504],[-98.62558739403329,18.936358092794304],[-98.62474496752014,18.935498364918146],[-98.62456010442698,18.935081482191016],[-98.62455571239715,18.935067455594425],[-98.62448390236341,18.934838126452952],[-98.62424146453397,18.934552991905495],[-98.62370541291263,18.93396511192654],[-98.62308855074751,18.933515214846214],[-98.62285804926725,18.93344418861894],[-98.62240978748717,18.93348336488888],[-98.62209068292633,18.933517246551364],[-98.62187969719425,18.9337016233936],[-98.6218028212021,18.934028861043775],[-98.62168264880151,18.934716999860367],[-98.62166939522913,18.93506694150893],[-98.62166886485414,18.935080943882657],[-98.62122796504879,18.93569896814557],[-98.62090881614864,18.936283803570195],[-98.6198739915345,18.936776008895254],[-98.61981544773107,18.936803854626415],[-98.61979574224318,18.93680958421924],[-98.6192112637021,18.93697953496046],[-98.61873898223382,18.93680673002326],[-98.61864605887703,18.93677272984676],[-98.61858644300077,18.936750916347044],[-98.6183387652969,18.936003619637304],[-98.6189947108432,18.935080395352898],[-98.61899441004562,18.935066414185087],[-98.61896814652866,18.933848714571727],[-98.61899757840516,18.933493525597793],[-98.61898373323987,18.933216433480368],[-98.61884735674272,18.93287724739649],[-98.6179432480257,18.931808908928513],[-98.61745021109802,18.93167908674],[-98.61703447425461,18.931768485454995],[-98.61682148746881,18.93202065209909],[-98.61662039286033,18.93262894446009],[-98.61661473810811,18.933696387006332],[-98.61675422871913,18.934747364118675],[-98.61676807137074,18.93502445883197],[-98.61677483524421,18.935065940714434],[-98.61677711220224,18.935079903765313],[-98.61645545861725,18.936766854922986],[-98.61644903954532,18.93680051975081],[-98.61643387751757,18.936880037219826],[-98.61667721180889,18.938142565255912],[-98.6168601079888,18.93872174929713],[-98.61692563424185,18.939993305760517],[-98.61650489211588,18.940802790298104],[-98.61542030054714,18.94132701222516],[-98.6157243291772,18.941903846672968],[-98.61639095853336,18.942654428105996],[-98.61657877521978,18.9438104687612],[-98.61639862281775,18.944157313685047],[-98.61579529093528,18.94456450880698],[-98.6146486639246,18.944741488071113],[-98.61403736984072,18.94318273952894],[-98.61337445325185,18.94283601916087],[-98.6122261205077,18.94220461249779],[-98.61126303993899,18.942207076148897],[-98.61066246725052,18.94267342193839],[-98.6106655194233,18.94365635949491],[-98.61097056891364,18.944984627393154],[-98.61187908062357,18.94590861693851],[-98.61248329951452,18.946311464723195],[-98.61296956658019,18.94717744441233],[-98.61309206800333,18.947697831256956],[-98.61303404983241,18.948217517030145],[-98.61237203291775,18.94856758677916],[-98.61128503389027,18.948281704939426],[-98.61085913278424,18.947299911416287],[-98.61019512831011,18.9467239184816],[-98.61001195809237,18.94608837701053],[-98.60952653702913,18.94556936743786],[-98.60874437192862,18.94586037896942],[-98.60862565633595,18.94678650613306],[-98.60838650224939,18.947307754387232],[-98.60705654123998,18.947831515480797],[-98.60534790356911,18.9478367256688],[-98.60437278016643,18.94772534120716],[-98.60370662375385,18.947381413412828],[-98.60237408039248,18.946921556850018],[-98.60170478442902,18.9458238701095],[-98.60212286747392,18.944955291752922],[-98.6033895650571,18.94472029703661],[-98.60533487411847,18.944424827031725],[-98.6066172376673,18.944132963942153],[-98.60824896349082,18.94273837927779],[-98.60764164604683,18.942278052290703],[-98.60679334820233,18.942164957206074],[-98.60630354148199,18.941991210384966],[-98.6041656383637,18.941537405643288],[-98.60319539520248,18.941886787007782],[-98.60204560513263,18.942063613754467],[-98.6013852719892,18.942354507827144],[-98.59892707020279,18.943751849713124],[-98.59785579044045,18.94612576686579],[-98.5982197564532,18.946471396899035],[-98.5991899140166,18.94797187071814],[-98.60040586196646,18.949529728493925],[-98.60227659139899,18.950045187953062],[-98.60263976452295,18.950333912643867],[-98.60330607611128,18.95096684831571],[-98.60421219317756,18.951138845079054],[-98.60494166267414,18.951830603184654],[-98.6054919561094,18.952406193810496],[-98.60562085287508,18.95362119547429],[-98.60483448888544,18.95391213890069],[-98.60435744059338,18.954723686402456],[-98.60502609291261,18.955531256014226],[-98.60412840792641,18.956459464050074],[-98.60327718145557,18.955422478366856],[-98.60261891264922,18.956174702266882],[-98.60232067163972,18.95698690925628],[-98.60328963154812,18.957676838455345],[-98.60468704435476,18.959003328598833],[-98.60505275218604,18.959637346279628],[-98.60433226664539,18.960335309623098],[-98.60457783160614,18.96120265076786],[-98.60548652228884,18.96148845698044],[-98.60531160224535,18.962818321641418],[-98.60434713316037,18.963399847895737],[-98.60404721431476,18.964152389174703],[-98.60489847108009,18.96524858267495],[-98.60532594654084,18.96605809664548],[-98.6059320764039,18.96686542624542],[-98.60460546936822,18.967447814456122],[-98.60394056138482,18.967278498926735],[-98.603096402963,18.968089168678713],[-98.60316189313059,18.968899541569954],[-98.60183133762939,18.969829377420954],[-98.60134745621716,18.969657922487848],[-98.60086505868661,18.969427342072283],[-98.59984169910618,18.9703562099628],[-98.59905979750329,18.97134178377147],[-98.59821552898849,18.97215471251586],[-98.5971890172318,18.972446966862],[-98.59737626372485,18.973719193713222],[-98.5984679138459,18.974062116914897],[-98.5994337851611,18.974579637998943],[-98.60100849164466,18.975037099054518],[-98.60246135587741,18.97561065095307],[-98.60343408036137,18.975667535391363],[-98.60434306051972,18.976184861969962],[-98.60349798837099,18.977227059551147],[-98.60259855296069,18.978155384597976],[-98.60132886352586,18.979028614818894],[-98.60066425846483,18.979029378108226],[-98.6006714746636,18.98018715388701],[-98.59989116293902,18.981404893591385],[-98.59934799957496,18.98169626399098],[-98.59911191715463,18.98296909160822],[-98.60002130640555,18.983486457486872],[-98.60068461056979,18.983251864916625],[-98.6017089516957,18.982671108790484],[-98.602492664829,18.982089411738496],[-98.60345684700452,18.98133605042358],[-98.60436354588369,18.98098582811851],[-98.60509149490838,18.981619051208334],[-98.60503673251355,18.98260191423993],[-98.6050473302638,18.984338288884302],[-98.60613563773778,18.984565590766735],[-98.60674033735327,18.984389933438404],[-98.60837488550936,18.98409607361617],[-98.61024801574523,18.984089203730978],[-98.61152322825049,18.98477977597811],[-98.61123252531432,18.98680452486508],[-98.60948174212672,18.987678850479462],[-98.60821440067669,18.987855371455602],[-98.60694017964627,18.987514069343312],[-98.60603373730467,18.987748277234502],[-98.60476796719036,18.988966380360583],[-98.60350116828565,18.98931751514416],[-98.60283514231071,18.988857491700024],[-98.60204609079732,18.98926444172502],[-98.60144671725983,18.989612571830342],[-98.60090215523329,18.989960811685453],[-98.60079061445039,18.991350270626793],[-98.60073134345812,18.992044635367762],[-98.60121945282523,18.99267923801439],[-98.6018907962372,18.993025618248016],[-98.6029762766587,18.99278981636905],[-98.60436511481616,18.992323134658402],[-98.60508977494565,18.991916407089075],[-98.60629698851,18.991158302985276],[-98.60720144661866,18.99080856370402],[-98.60793106592578,18.99121198998251],[-98.60854231952501,18.99178792693057],[-98.60902804371949,18.992538488727618],[-98.61011391064022,18.99207339900643],[-98.61083559627674,18.99137532709671],[-98.61143723524792,18.99050728103695],[-98.61191782428598,18.989927167522186],[-98.61270476471796,18.989809097430847],[-98.61330789533005,18.989805736584348],[-98.61476195980624,18.98980236013835],[-98.61615224046952,18.989564864714165],[-98.61760329660002,18.989272988278106],[-98.61899398725663,18.988803957426107],[-98.62092665715393,18.98839271364447],[-98.62147869002644,18.98937454321053],[-98.62135961728143,18.98989631997852],[-98.62197422648579,18.991282881064226],[-98.62324684162341,18.991394772430127],[-98.62384860147372,18.990812254173473],[-98.62408695533489,18.99017485712594],[-98.62389830742488,18.989134715706964],[-98.62358525438889,18.98780619784688],[-98.62496910880657,18.98647232672422],[-98.62447848556302,18.985315566098468],[-98.62582682706942,18.98522980305467],[-98.62662302985568,18.98563313774476],[-98.62749132177265,18.987194006441005],[-98.62795436301002,18.988842030026767],[-98.62915347941123,18.989254477654217],[-98.63016546454638,18.989084725119987],[-98.63198798473827,18.988740644611447],[-98.63391836144959,18.988110000884483],[-98.63605254185997,18.9873876134654],[-98.63767358528368,18.987038914980527],[-98.63924111858921,18.98567209130033],[-98.63953483772382,18.98457176689794],[-98.64019417497444,18.983526907709276],[-98.64097323911983,18.982772577088323],[-98.6412133713323,18.98236672892439],[-98.64102482882923,18.98132663862691],[-98.64113697241564,18.980053285713257],[-98.64197935302462,18.979240091941477],[-98.64264210224252,18.978891556316654],[-98.643544764291,18.97825320822995],[-98.64408233550358,18.977439392698816],[-98.64310418820216,18.975651148891515],[-98.64449100142183,18.9751841237911],[-98.64563887722396,18.975063804897246],[-98.6462515821184,18.97627725123839],[-98.64668525282383,18.977835351360127],[-98.64699703805393,18.979107435735695],[-98.64844323723541,18.979613071541284],[-98.64918674605089,18.980111413360074],[-98.65019389707821,18.980134068637067],[-98.65096407164063,18.979549373609416],[-98.65279776018816,18.9788562812989],[-98.6524843796143,18.97700739683474],[-98.65295929724276,18.97578942909866],[-98.65452575358327,18.975148320437796],[-98.65586103047204,18.975895600653303],[-98.65683146534099,18.97635595559331],[-98.6573859426526,18.977273158965087]]]},"properties":{"CLAVE":"DV","DESCRIPCIO":"SIN VEGETACIÓN APARENTE"}},
{"type":"Feature","geometry":{"type":"MultiPolygon","coordinates":[[[[-98.58974004286952,18.678324112212945],[-98.58948665976334,18.678427429801225],[-98.58853355001422,18.67906120033899],[-98.58723738000529,18.679572480403785],[-98.58702274977566,18.679794379618126],[-98.58648380009822,18.68026295033427],[-98.58591523023453,18.680457340159418],[-98.58577833894648,18.680505455349195],[-98.58591795641853,18.681126007487872],[-98.5866318531089,18.687581410350912],[-98.58668146235516,18.68829085097709],[-98.58705773186422,18.689394134243557],[-98.58764699884124,18.690051560667346],[-98.58857896473057,18.69045927185953],[-98.58951894791484,18.690545200957292],[-98.59053099229955,18.690439602342963],[-98.59135408283666,18.689814536292214],[-98.59307227722022,18.68566844835455],[-98.59355425877467,18.685228741703668],[-98.59430524857585,18.684795192835196],[-98.59497938408312,18.684746225468867],[-98.5957191752306,18.684763146694866],[-98.59784889871635,18.68571330325812],[-98.59884652101032,18.686186835585126],[-98.60005549490948,18.686278846123],[-98.60100823431908,18.685849869363015],[-98.6015606400321,18.68528296427842],[-98.60158299777399,18.684382010407646],[-98.60099688345146,18.683595949156775],[-98.5978663768568,18.682301023924587],[-98.59160233304048,18.679839709972455],[-98.59034218468527,18.67910257017961],[-98.58974004286952,18.678324112212945]]],[[[-98.60282027753357,18.669390663978604],[-98.60269713985693,18.669829719578495],[-98.60290043041219,18.671074860210865],[-98.6031373702471,18.672539680048008],[-98.60216712014757,18.67291934977435],[-98.60183499993762,18.67286083024736],[-98.6010007400255,18.67306517992583],[-98.6009786900007,18.673722579597],[-98.60021742007882,18.673673180402567],[-98.59990489007029,18.673811279738754],[-98.59988317013861,18.673886519841517],[-98.59993611995378,18.674354720311438],[-98.59932446011547,18.67453646019823],[-98.5990740498529,18.67473193965375],[-98.59887475002682,18.674979080278806],[-98.5988660499965,18.67496049001015],[-98.59874157996781,18.674653939718134],[-98.59862328001768,18.67440009029539],[-98.59812814013102,18.674693650416312],[-98.5979701203956,18.674906679893212],[-98.59724881958246,18.675447749941814],[-98.59612855029665,18.67575365965878],[-98.59602280044969,18.675919449944182],[-98.59546591961383,18.67615655021021],[-98.59500412034045,18.676227650042108],[-98.59495253838257,18.67641896498228],[-98.59855796412802,18.678839809025416],[-98.60208072705382,18.6805943806588],[-98.60522080648487,18.68150308477809],[-98.60681093181512,18.68250518237376],[-98.60851805474175,18.68421822361664],[-98.61074891572294,18.686522702241],[-98.6116104832757,18.687057439964526],[-98.6132711582593,18.687932314033414],[-98.61494776069095,18.688163623330432],[-98.61569233711863,18.687987378632098],[-98.61651529873505,18.68736217796025],[-98.61721646192738,18.68621907955966],[-98.61724189897515,18.6851894082559],[-98.61553421467586,18.680772088803295],[-98.61197130689496,18.675693160808184],[-98.61048005143245,18.6741967765876],[-98.60839122217169,18.67299408925012],[-98.60508956658683,18.671281596602057],[-98.60282027753357,18.669390663978604]]]]},"properties":{"CLAVE":"PI","DESCRIPCIO":"PASTIZAL INDUCIDO"}},
{"type":"Feature","geometry":{"type":"MultiPolygon","coordinates":[[[[-98.66950835767688,18.677105544067427],[-98.66952334977957,18.677078170141947],[-98.66950802346392,18.677014856488196],[-98.66950835767688,18.677105544067427]]],[[[-98.67037843032007,18.687879044410714],[-98.6707498899398,18.687968170042442],[-98.67156311974712,18.688110950063123],[-98.67203396988639,18.6884720197302],[-98.67232904956977,18.6888453400419],[-98.67258590958907,18.68930897029727],[-98.67296575011756,18.68969490968541],[-98.673675680237,18.690128430075347],[-98.67407965969905,18.690219859962838],[-98.67442224975558,18.690548540049086],[-98.6752463700038,18.690351120302136],[-98.6759837495571,18.690601710025188],[-98.67678204960521,18.688520119546933],[-98.6771913503407,18.68855220015829],[-98.67747915040758,18.688601650106914],[-98.6776754003792,18.687955969708238],[-98.67742409004244,18.687876860234034],[-98.67730657991584,18.687824489664056],[-98.67718565010352,18.687717709935658],[-98.67709419973245,18.687570859750714],[-98.67704172031407,18.687384119831083],[-98.6768006903871,18.686745150162267],[-98.67662353961272,18.68641082993479],[-98.67649785041215,18.68630395012571],[-98.67621812044844,18.68627965991028],[-98.67582873975108,18.68627105967056],[-98.67547544979783,18.68614558001167],[-98.6748597795981,18.686064089544058],[-98.67361361953986,18.68600308967469],[-98.67347314027836,18.68591850956608],[-98.67315939987213,18.68592514966884],[-98.67300478029892,18.685641119873512],[-98.67294193992556,18.685490370238],[-98.67247600026623,18.68511344980488],[-98.67212935046112,18.684911150253665],[-98.67192377976173,18.684705199808807],[-98.671865479813,18.6845635999828],[-98.67187242012164,18.684278620418908],[-98.67190187968218,18.684043909991264],[-98.67096407959045,18.6833397195724],[-98.67086744959346,18.68321085006683],[-98.67064799980463,18.683052110239338],[-98.6703801995861,18.682733880005756],[-98.67027562003268,18.68254148036965],[-98.67013083037212,18.682438690038822],[-98.67004392037677,18.682300980161887],[-98.67005772005942,18.682124769875127],[-98.67022695019273,18.681944549725543],[-98.67029928045453,18.68190089043121],[-98.67042825955382,18.68167745020151],[-98.67048269034329,18.681588120268316],[-98.67052354014058,18.681471349931225],[-98.67054518028915,18.68136319963108],[-98.67046819954881,18.681207619694195],[-98.67028234965336,18.68103603020253],[-98.67005375003392,18.680863509770766],[-98.66988633988512,18.68071496968985],[-98.66976509016881,18.68062176977154],[-98.6696083796951,18.68061829019892],[-98.66958003641702,18.680621450035506],[-98.66965298363309,18.682017299627187],[-98.67019415185588,18.686718127289293],[-98.67037843032007,18.687879044410714]]]]},"properties":{"CLAVE":"PI","DESCRIPCIO":"PASTIZAL INDUCIDO"}},
{"type":"Feature","geometry":{"type":"MultiPolygon","coordinates":[[[[-98.62106931894434,18.657093791622735],[-98.62103814980617,18.656972999634974],[-98.6209968523073,18.656768947929468],[-98.62100595390508,18.656993335037317],[-98.62106931894434,18.657093791622735]]],[[[-98.64839930773321,18.67641459293403],[-98.64795241996909,18.67591314974052],[-98.6477796797177,18.675920680286254],[-98.64680949040714,18.676204940073315],[-98.64643600005944,18.67534991016894],[-98.6461245099896,18.67455461975188],[-98.64587745961525,18.67338904971287],[-98.64571646015237,18.672666479653437],[-98.64550894010854,18.672355970241725],[-98.64536648960025,18.67209106018932],[-98.64517417960751,18.671675000322168],[-98.64498519988501,18.671418509561708],[-98.64477037007218,18.67113623015679],[-98.64440906029161,18.670628940194366],[-98.64424362977394,18.67052279990333],[-98.64374301966949,18.671095849949054],[-98.64397594955375,18.67203911989165],[-98.64419680019397,18.673047880215094],[-98.64411714043003,18.673467939600954],[-98.64370324980284,18.67424649004081],[-98.64363317991219,18.67453789016097],[-98.64392190996115,18.675132600180383],[-98.64435942021866,18.675844170049157],[-98.6444834604595,18.676528090415047],[-98.64438290959481,18.67709349043666],[-98.6435288798925,18.67834388988991],[-98.64322627982922,18.679637539677852],[-98.64329812023738,18.68068153969797],[-98.64332623010154,18.681301419852264],[-98.64335978021575,18.682015479760274],[-98.64226361982111,18.681339619557406],[-98.64049928969467,18.68083579961599],[-98.63684542954539,18.681519709884192],[-98.63095071008205,18.68221975011114],[-98.62788145015477,18.68160051035061],[-98.62736311047179,18.681353599972216],[-98.62730964974274,18.681037230284844],[-98.627413510162,18.680304140190188],[-98.62747010969963,18.67949994987736],[-98.62765174023836,18.6789236602695],[-98.62783402035002,18.678415849662308],[-98.62758221954269,18.677834150223],[-98.62766413955202,18.677099599892703],[-98.62780156994194,18.67649568033757],[-98.62663511957912,18.675176690336727],[-98.62602103002325,18.6746450499283],[-98.62569741980353,18.674203199693505],[-98.62491142971967,18.673937219847858],[-98.62453811963042,18.673660849545687],[-98.62428330990424,18.673358150448614],[-98.62422345976569,18.672857050181758],[-98.62409470981555,18.67174757984084],[-98.6242634599179,18.670900430110002],[-98.62438965996162,18.670460140301998],[-98.62452636962362,18.6701293096443],[-98.6245320203774,18.668983260211213],[-98.62443600005196,18.667540249571946],[-98.62447051969538,18.666716979677826],[-98.62422436904937,18.665990737974873],[-98.62411045807686,18.665781635467987],[-98.62350474670563,18.66340677839701],[-98.62248833556754,18.662293983934315],[-98.6217295935661,18.662276767505226],[-98.62087376598612,18.662348152922704],[-98.62037938732418,18.66315423383121],[-98.62035249836195,18.664243366708558],[-98.62242946173677,18.672372920046392],[-98.6222218481663,18.673094729048913],[-98.62154222082198,18.673715015500985],[-98.62077669607282,18.673970087838022],[-98.61916109848546,18.67541788823024],[-98.61957408170946,18.6780364289878],[-98.62065366506675,18.679337499128447],[-98.6223071785723,18.67990692913683],[-98.6252809223475,18.681038179375438],[-98.62658804797934,18.68213161441631],[-98.62733963424185,18.683212459794138],[-98.62840624444966,18.685045119254053],[-98.62836697194203,18.68663997043933],[-98.62777735673603,18.68800960131965],[-98.62664262527005,18.68894134596161],[-98.6220370206605,18.690858215068232],[-98.6216748158321,18.692020232437027],[-98.62165120750122,18.692977167013062],[-98.62251131402174,18.69416693528417],[-98.6233897928723,18.694612410667762],[-98.62504612421613,18.695075520860303],[-98.62558862598347,18.69561975076216],[-98.62567878897163,18.696472894495866],[-98.62553360378364,18.697852636699963],[-98.62419311993253,18.699630856075725],[-98.62401939316587,18.69986669972213],[-98.62262689453777,18.701373037508553],[-98.62177114005577,18.701658152765425],[-98.62155574486513,18.70162568264858],[-98.62145796079017,18.702859329304353],[-98.62070416962234,18.7028424031616],[-98.61957703823744,18.702673345633297],[-98.61905116295804,18.70258966098831],[-98.61842324520393,18.70358173528868],[-98.61840546867893,18.70430003987282],[-98.61839480267872,18.704731022772428],[-98.61838413661123,18.705162005919583],[-98.61904300843472,18.70596738677363],[-98.61970544300841,18.706629103611288],[-98.61968589580228,18.707419241895614],[-98.61967345655952,18.707922057353628],[-98.61940618410273,18.708685289462228],[-98.62017622963431,18.708921690110216],[-98.621316740298,18.709299059987902],[-98.62185415047018,18.709567319852354],[-98.62201102009307,18.709556249826292],[-98.6223196003782,18.709518429575443],[-98.62285054987971,18.709421569840117],[-98.62319798045107,18.709466230384656],[-98.62410697015113,18.710331769679797],[-98.62432707853333,18.710405247700432],[-98.62490733144898,18.709875696146394],[-98.6267319543426,18.707796042139467],[-98.62741225608552,18.707175158884834],[-98.62853564726984,18.706564305243415],[-98.6312151294895,18.70344120997172],[-98.63180091672018,18.700086951867657],[-98.63073264680807,18.69753715816747],[-98.63069324635327,18.694048564683854],[-98.63451559234089,18.69197031291602],[-98.63791644021153,18.691686404305706],[-98.6414014055406,18.693088008580073],[-98.64392410251754,18.69783527085757],[-98.64382339682723,18.701922090279254],[-98.64237916078523,18.70441515740622],[-98.64143872995531,18.70659421623651],[-98.64269941834843,18.70684303566359],[-98.64269940005362,18.706839490301245],[-98.64379971983242,18.706507779674915],[-98.64365561951887,18.706216910318965],[-98.64455232011885,18.706089150053607],[-98.64575166028737,18.705213109805033],[-98.6467503401383,18.705089380079798],[-98.64779764987598,18.7048939200007],[-98.64803156992954,18.70498651020937],[-98.6497871496998,18.704846290041633],[-98.65028873962774,18.704804139992884],[-98.65081091960869,18.704764520027183],[-98.65086430970732,18.704360540428027],[-98.65041174008566,18.703159449805487],[-98.65046470996406,18.703027419689207],[-98.65086624973588,18.701209629824753],[-98.65093645267282,18.70117906912746],[-98.64934329289589,18.701597602054715],[-98.64756384249371,18.701246464048232],[-98.64677438333304,18.700295471850595],[-98.64630731649713,18.692819419502985],[-98.64633396933945,18.691731314118968],[-98.6460319266851,18.690791333835847],[-98.6454164021995,18.68937772021928],[-98.64283251687418,18.688697363528185],[-98.64153675712646,18.688512606259334],[-98.64058115231994,18.687713410297825],[-98.64012053287023,18.686614331747176],[-98.64016249514007,18.684904496423453],[-98.64248241556207,18.68309054733214],[-98.64839930773321,18.67641459293403]]],[[[-98.64834166582217,18.66710478581749],[-98.6484637699874,18.667208449849777],[-98.64874859973017,18.667481819822164],[-98.64907643041775,18.66771930987663],[-98.6491920499131,18.667756229709],[-98.64923008033081,18.668013279602324],[-98.64926833967436,18.66816017963965],[-98.64942238040472,18.6682706199984],[-98.64946017994869,18.668637780101264],[-98.64922831993773,18.668857600184808],[-98.64895077957428,18.669075739763752],[-98.64895322956667,18.669286109929917],[-98.6490340499841,18.669554720317358],[-98.64910180006187,18.66974628025778],[-98.64938037975696,18.669922480089774],[-98.64950904961694,18.670174229933835],[-98.64953768977759,18.670286949778074],[-98.64964405956655,18.6704733098035],[-98.64905799987706,18.67124680000979],[-98.64867445975943,18.673418740221457],[-98.64969188002615,18.6748689096437],[-98.64998980487012,18.675158809334004],[-98.65246824973644,18.673517646350945],[-98.65314076461023,18.672599661230798],[-98.65381707683389,18.67152624888713],[-98.65367818653984,18.669091870555757],[-98.65146688673698,18.667535387408744],[-98.64944884886704,18.667274730975755],[-98.64834166582217,18.66710478581749]]],[[[-98.65226436017764,18.69939901394037],[-98.65243481954187,18.699318250157223],[-98.65324378021947,18.699238919766845],[-98.65331104966556,18.69878946035835],[-98.65368660003676,18.698685949889217],[-98.65371654028797,18.697961830307488],[-98.65374480029075,18.697455769735118],[-98.65386762017229,18.69689974963086],[-98.65411018029815,18.696828049867722],[-98.65472360047126,18.69693741959803],[-98.6551999499907,18.697400059750592],[-98.65517197035481,18.697718350436634],[-98.65453130980853,18.698351969627552],[-98.65459071989878,18.698936509656114],[-98.65536309019882,18.69914646025177],[-98.6560449199667,18.69914048999949],[-98.65672725986965,18.699461659974347],[-98.65671105952953,18.699988339964577],[-98.65640002969282,18.700509739781598],[-98.65605060037194,18.70097087996268],[-98.65599665002534,18.701425339684707],[-98.65617045024739,18.701860630237555],[-98.65646473972448,18.702445599651075],[-98.65653940027352,18.702981620222424],[-98.65619735038142,18.703413349986167],[-98.65645453954703,18.70376234005984],[-98.65684072035796,18.70385684979477],[-98.65697631029019,18.704246720288516],[-98.656748400267,18.704544430066573],[-98.6566113102048,18.704897720155294],[-98.65655747981961,18.705294480037097],[-98.65649805042634,18.70550954984247],[-98.65541507966702,18.707780999779356],[-98.65543553956181,18.70797847973441],[-98.65544454026333,18.708074819674536],[-98.65566358006215,18.70839990971548],[-98.65568014416053,18.708803470270535],[-98.65731858669957,18.707955755751787],[-98.65877675991024,18.707246141862047],[-98.659197171721,18.705515314183724],[-98.6586191024921,18.703457755154634],[-98.6586810303651,18.700933512177706],[-98.65872526368905,18.699130498336764],[-98.65842480419894,18.697854051197385],[-98.65747215842732,18.69820152213649],[-98.65657466502235,18.697894105357324],[-98.65590330501243,18.69759170899598],[-98.65509877920303,18.696567657475466],[-98.65443798066816,18.69583427541555],[-98.65329848690133,18.695085657923933],[-98.65268371794376,18.697939935941776],[-98.65226436017764,18.69939901394037]]],[[[-98.65098934054875,18.70115604598153],[-98.65184837017487,18.70078208968395],[-98.6518496599758,18.700150650110647],[-98.65185775175397,18.70013786266728],[-98.65098934054875,18.70115604598153]]]]},"properties":{"CLAVE":"PI","DESCRIPCIO":"PASTIZAL INDUCIDO"}},
{"type":"Feature","geometry":{"type":"Polygon","coordinates":[[[-98.5119402683048,18.71317482557682],[-98.51167321637175,18.713487725068333],[-98.51165407832485,18.713510150223136],[-98.51150482872919,18.713685021006672],[-98.51142342907657,18.71404823072134],[-98.51143440955464,18.71409182708416],[-98.5116587836176,18.713921641324873],[-98.5119402683048,18.71317482557682]]]},"properties":{"CLAVE":"PI","DESCRIPCIO":"PASTIZAL INDUCIDO"}},
{"type":"Feature","geometry":{"type":"Polygon","coordinates":[[[-98.662068493464,18.697524236048835],[-98.66209213988203,18.697437880375247],[-98.66224721968223,18.696515750365652],[-98.66232258019636,18.69637116960936],[-98.6631095799936,18.696334979926863],[-98.66343290955011,18.696320119624527],[-98.66346265008325,18.6956762503527],[-98.66347883300855,18.695568139178086],[-98.66330779213301,18.69553440625704],[-98.66219715446246,18.69442078083959],[-98.66167243602656,18.689276566733135],[-98.66112502223685,18.68506508834091],[-98.65984445372975,18.684258738186195],[-98.65773272328279,18.684211342488],[-98.65609312929146,18.684796623482548],[-98.65525814215465,18.685711010721697],[-98.65451720715635,18.689426992909432],[-98.65448211723478,18.68958992691495],[-98.65548137550209,18.690179828366563],[-98.65629992812491,18.690629232435267],[-98.65735866090812,18.690509019088644],[-98.65771444283482,18.691379346385293],[-98.6577021449515,18.691882154174532],[-98.65774765229875,18.693104934067428],[-98.65788434615486,18.6936829220656],[-98.65915166391031,18.694286016644664],[-98.65935847184359,18.695081167407782],[-98.65922894029823,18.696511858045668],[-98.66103973232053,18.697017661960647],[-98.66203301062062,18.697521009802813],[-98.662068493464,18.697524236048835]]]},"properties":{"CLAVE":"PI","DESCRIPCIO":"PASTIZAL INDUCIDO"}},
{"type":"Feature","geometry":{"type":"Polygon","coordinates":[[[-98.60596846071172,18.71258996988416],[-98.60595797985971,18.712581460046735],[-98.60476638028058,18.71209091017716],[-98.60425956972132,18.712063820154977],[-98.60359745001881,18.711629509687334],[-98.60312848031671,18.711777280010867],[-98.60284577010668,18.712284489897904],[-98.60259058498642,18.712713595585807],[-98.602492227472,18.713299514211023],[-98.60246706409806,18.71431410926805],[-98.60255046019624,18.715229660006262],[-98.60296204667154,18.71574663831677],[-98.60337614322282,18.71616216034159],[-98.60399730477826,18.71678543651256],[-98.60440135758765,18.717606797491065],[-98.60449230533636,18.7182179795788],[-98.60456817258876,18.719437932006546],[-98.60504744873745,18.722923983935516],[-98.60619694632737,18.72601311735434],[-98.60633058996885,18.725997843045295],[-98.61009738735615,18.726083673801476],[-98.61176969837618,18.72569751310347],[-98.61279037584984,18.72476622509121],[-98.61287055296845,18.724621477157154],[-98.6075802989963,18.724132481950758],[-98.60905457412181,18.720452307946417],[-98.60935352256503,18.718351100091343],[-98.60922240558406,18.71833667811215],[-98.60901600016624,18.716527821703465],[-98.60679923141763,18.714673151318667],[-98.60596846071172,18.71258996988416]]]},"properties":{"CLAVE":"PI","DESCRIPCIO":"PASTIZAL INDUCIDO"}},
{"type":"Feature","geometry":{"type":"Polygon","coordinates":[[[-98.52294797630607,18.723999170670247],[-98.52183710173811,18.7252502170904],[-98.52053730786119,18.727230450908632],[-98.51943121112083,18.728291413368158],[-98.51927551187475,18.728831186316082],[-98.51926448054401,18.72926566026851],[-98.51944214034268,18.73345414839478],[-98.519653350747,18.73408402599874],[-98.5199600546433,18.73430856742087],[-98.52075203639808,18.734435767475347],[-98.5212331769813,18.734501356303436],[-98.52159527438734,18.734781533979362],[-98.5218923373283,18.735386246422205],[-98.52274649737512,18.739780841078257],[-98.52305253074574,18.74003253724041],[-98.52373307412566,18.740075606203362],[-98.52608057133793,18.739342429461214],[-98.5261179006593,18.738990066854235],[-98.52571415537756,18.738111147069297],[-98.52503827588338,18.736763958853757],[-98.52448849402771,18.736044662448613],[-98.52430357520751,18.735496914824427],[-98.52432216417812,18.734763721480036],[-98.52460170950081,18.73381925355942],[-98.52447975723572,18.733028440201355],[-98.52406640034467,18.732529708210365],[-98.52345643457645,18.73194486916461],[-98.52332416002346,18.73156138425759],[-98.52328323327387,18.730935496021548],[-98.52337443160225,18.72957908264209],[-98.52352239340594,18.72822400284912],[-98.52385043493018,18.727606741613833],[-98.52464360023306,18.72656561305667],[-98.52540906135724,18.725496666802865],[-98.52555037843541,18.725064590850707],[-98.52563113370022,18.724578061491016],[-98.52563251003127,18.72452375296616],[-98.52356961191536,18.724122372591033],[-98.52294797630607,18.723999170670247]]]},"properties":{"CLAVE":"PI","DESCRIPCIO":"PASTIZAL INDUCIDO"}},
{"type":"Feature","geometry":{"type":"Polygon","coordinates":[[[-98.61292910981632,18.757976088024932],[-98.61310374019594,18.757816720293444],[-98.61366040036191,18.757308750456694],[-98.61402940031505,18.75697201966943],[-98.61436125041068,18.75666919994841],[-98.61467026018038,18.756387199911924],[-98.61509474975074,18.75599981993875],[-98.61548229022628,18.75564614998155],[-98.61593298024684,18.755234850413544],[-98.61679919996999,18.75444433969901],[-98.61820965970388,18.75315713982036],[-98.61803954982106,18.752596199731343],[-98.61800362035484,18.752299939895675],[-98.61798604965476,18.75196889007142],[-98.61784028987996,18.75167242008738],[-98.61771273955712,18.75141082019421],[-98.61765828964963,18.751201650189287],[-98.6176041698186,18.750853090057067],[-98.61745852036114,18.75050434035885],[-98.61731259997875,18.75027757002591],[-98.61709064953114,18.750000060355827],[-98.61687529034533,18.74965647976701],[-98.61664236976908,18.749344750254433],[-98.61658339998797,18.74920680008673],[-98.61660480989921,18.749135274903097],[-98.61642611859114,18.74911562966743],[-98.61571295633311,18.749131888687042],[-98.61355020402381,18.75012178550889],[-98.61207149022245,18.750899925932757],[-98.61170979693829,18.751800898142278],[-98.61175597755707,18.752678685842785],[-98.6133185042153,18.755376945895502],[-98.6134688722512,18.756159700120342],[-98.61328722335871,18.756642650231285],[-98.61283337830555,18.75715188141325],[-98.61278742036772,18.757637922035244],[-98.61292910981632,18.757976088024932]]]},"properties":{"CLAVE":"PI","DESCRIPCIO":"PASTIZAL INDUCIDO"}},
{"type":"Feature","geometry":{"type":"MultiPolygon","coordinates":[[[[-98.59498831501345,18.745314604053156],[-98.59518972004881,18.745396179986372],[-98.59537382967012,18.746577970269993],[-98.59647487851763,18.74628274561626],[-98.5963964028445,18.746123214420138],[-98.5958702746397,18.74573846339665],[-98.59524564844902,18.745398045484873],[-98.59498831501345,18.745314604053156]]],[[[-98.58660071448531,18.740056451375565],[-98.58718611006184,18.74078185027515],[-98.58819764956824,18.741356090411067],[-98.5887499853983,18.741916097675],[-98.58961025139108,18.740936187372384],[-98.58976436995887,18.740613593354674],[-98.58977479877345,18.74019452886199],[-98.58978059336351,18.739961715877214],[-98.58925218809732,18.73967007359918],[-98.58726576395478,18.738942985719905],[-98.58660071448531,18.740056451375565]]],[[[-98.58244336522998,18.74912576307227],[-98.58260554999563,18.749050149702246],[-98.58290013957766,18.74836584970432],[-98.58268406032309,18.747996449892735],[-98.58268762009136,18.747507629680218],[-98.58320244962415,18.747031739679688],[-98.5831212896423,18.74611186036809],[-98.58271103006751,18.744872419616325],[-98.58247408046978,18.744080349780756],[-98.58242303877465,18.743645861751258],[-98.58242259390167,18.743646522215585],[-98.58206334813693,18.743974146836994],[-98.58155095322213,18.744186295987703],[-98.58017900414605,18.74445333689199],[-98.57978076838933,18.74478006163915],[-98.57961086280994,18.745335947092375],[-98.57962844141403,18.746194701911822],[-98.57992916153357,18.7466494478358],[-98.58031251272044,18.746919493296776],[-98.58066339182697,18.74692755440777],[-98.58136329095497,18.747018270344242],[-98.58179214424368,18.747028118819525],[-98.58206225783148,18.747146279689332],[-98.58244096320819,18.747602814443812],[-98.58242515323403,18.748236888393134],[-98.58244336522998,18.74912576307227]]],[[[-98.58313461698953,18.75081663560014],[-98.58301152015447,18.750715909668926],[-98.58278196216146,18.75052542018581],[-98.58306368504775,18.75078931580082],[-98.58313461698953,18.75081663560014]]]]},"properties":{"CLAVE":"PI","DESCRIPCIO":"PASTIZAL INDUCIDO"}},
{"type":"Feature","geometry":{"type":"Polygon","coordinates":[[[-98.41935700282596,18.867195698219778],[-98.41938111102844,18.86715755095053],[-98.41969872616757,18.866038847353828],[-98.4201611284292,18.865820103704564],[-98.42176758935871,18.86597367083262],[-98.42289361966841,18.866115672335766],[-98.42305698261255,18.86630349262853],[-98.42322342482808,18.867295918980908],[-98.42348287841915,18.86748604801717],[-98.42419516466045,18.867824978009974],[-98.42440537775559,18.86805989691238],[-98.42436460566988,18.868702547363288],[-98.424549192555,18.870844764932663],[-98.42468734498884,18.87107795467091],[-98.42511317261105,18.87134104254065],[-98.42600021645897,18.871431307352044],[-98.42785926658988,18.871404855971438],[-98.42792126143905,18.86929500921952],[-98.42474042468297,18.869097610286982],[-98.42499854598503,18.86693742891726],[-98.4250716026706,18.86607263705033],[-98.42392134531445,18.86578023473519],[-98.42456060677853,18.863484814964195],[-98.42624165749262,18.8636936709814],[-98.42797557768228,18.862187510057954],[-98.42790094975011,18.861105129240734],[-98.42773721156802,18.858730302673262],[-98.42288223617963,18.857234570721584],[-98.42060870690624,18.861203128531706],[-98.41779454930472,18.862700648297153],[-98.415297507508,18.86402567303496],[-98.41570313403092,18.86447893597636],[-98.41598970279568,18.86490769321894],[-98.41593380437958,18.865781700335198],[-98.41594458364128,18.866636224490193],[-98.41614738805512,18.866894223736367],[-98.41640860339015,18.867027072269426],[-98.41663840246167,18.86709588337386],[-98.4173211830086,18.86713341426167],[-98.41935700282596,18.867195698219778]]]},"properties":{"CLAVE":"PI","DESCRIPCIO":"PASTIZAL INDUCIDO"}},
{"type":"Feature","geometry":{"type":"Polygon","coordinates":[[[-98.31055184974637,18.849432702374337],[-98.31070284960379,18.84939425977691],[-98.31084096988141,18.849369050197623],[-98.3109511201629,18.849424849772237],[-98.31107502965702,18.8495919203533],[-98.31116886041445,18.849733550085023],[-98.31140205007854,18.849913429731547],[-98.31179597010001,18.850144279637096],[-98.31205107994805,18.85025325017254],[-98.31243121983073,18.850368249585316],[-98.31300474018667,18.850472719930224],[-98.31338229023959,18.85084680035983],[-98.31389958013533,18.850953739957866],[-98.31416547993858,18.850985850161923],[-98.31446271003097,18.851038950297202],[-98.31457359205247,18.85104863295479],[-98.3147452954534,18.850861596863304],[-98.31557350609675,18.84877716087847],[-98.31577535846328,18.84844980006088],[-98.31624238248128,18.84831364693773],[-98.31813447055912,18.848364229180863],[-98.3182522003542,18.84687752369445],[-98.3183291468401,18.845679133034103],[-98.31842339572123,18.845146206944154],[-98.31606911435775,18.84472005216786],[-98.3147284732046,18.84449839868062],[-98.3140392147777,18.844481327667136],[-98.31350901188063,18.844656654330006],[-98.31257399162818,18.845230284744023],[-98.31181571587805,18.845337133479465],[-98.3112585855645,18.84529191502963],[-98.31080919389403,18.844903851419396],[-98.31046248763036,18.844361284106306],[-98.30983387974081,18.843309162571703],[-98.3088644178256,18.842719741094594],[-98.30820798942449,18.84270345781707],[-98.307973696551,18.842697645330933],[-98.30799226027943,18.842760370342077],[-98.30795688044567,18.842899890198947],[-98.30783938000366,18.84303728991211],[-98.30768989021679,18.843268310086266],[-98.30781896966492,18.84349857960664],[-98.30790950968111,18.843673749912423],[-98.30792029024975,18.843863280429563],[-98.30815400032985,18.844043369753432],[-98.30830621971151,18.844171519956166],[-98.30861942962206,18.844156969655625],[-98.30904077969375,18.844481549787165],[-98.30938809017489,18.84465512018948],[-98.30967746020352,18.844770680306862],[-98.31007497957464,18.844946399625474],[-98.31027797951822,18.845095260340035],[-98.31043784968597,18.845294479848263],[-98.31054257038576,18.845582740209],[-98.3106706201865,18.84572714965245],[-98.3107903399007,18.84605144990234],[-98.311016980032,18.846716710120436],[-98.3101211097247,18.846682149914486],[-98.31007804997259,18.84675250968547],[-98.31016303010013,18.846865779957533],[-98.3102019696972,18.84699988016608],[-98.31035999985386,18.847167830321297],[-98.31042174977338,18.847304630356472],[-98.31038728954579,18.847503480131266],[-98.31036400001396,18.847579340015205],[-98.31029349000332,18.847672229804914],[-98.31004091988585,18.847770849594472],[-98.30997749046594,18.8478355199605],[-98.30988345996555,18.848042770238877],[-98.30986178131,18.848174674297773],[-98.30998903255691,18.848232577372812],[-98.31043623584783,18.848834524608048],[-98.31055184974637,18.849432702374337]]]},"properties":{"CLAVE":"PI","DESCRIPCIO":"PASTIZAL INDUCIDO"}},
{"type":"Feature","geometry":{"type":"Polygon","coordinates":[[[-98.45457780697706,18.887005942520815],[-98.45811056651658,18.887113867956952],[-98.46132230868848,18.887118842051915],[-98.46179692452594,18.887058698782116],[-98.46235170597004,18.886786181528652],[-98.46378719274387,18.886153648803525],[-98.46564812299972,18.885435971908848],[-98.46622164888416,18.885401973397443],[-98.46806051679837,18.885540859576015],[-98.46845925143346,18.8855265123058],[-98.46893630656447,18.88537117078875],[-98.47115309054209,18.883400014156553],[-98.47146329915395,18.882955007112205],[-98.47147675542442,18.88243154047835],[-98.47129054314165,18.881927147725882],[-98.4688457993529,18.880178772019512],[-98.4674961778306,18.879214188673625],[-98.46602786840485,18.880832209307194],[-98.46471768258002,18.882209226993023],[-98.46425209534677,18.882366302537264],[-98.46387761080037,18.882399440052836],[-98.46266413708418,18.88258077371698],[-98.4622275459497,18.882465311667158],[-98.46185901745984,18.88226739743255],[-98.46034369049994,18.881369668370453],[-98.45952366106842,18.880782706647647],[-98.459088705356,18.88060422470263],[-98.45795034579817,18.88043001771899],[-98.45675517392534,18.880414164422213],[-98.45448689862062,18.88107771074304],[-98.45485337337068,18.88308406729489],[-98.45473448554559,18.884795456428222],[-98.45457780697706,18.887005942520815]]]},"properties":{"CLAVE":"PI","DESCRIPCIO":"PASTIZAL INDUCIDO"}},
{"type":"Feature","geometry":{"type":"Polygon","coordinates":[[[-98.35893209953606,18.875398129492766],[-98.36009408512933,18.875784893802077],[-98.36150482747435,18.877145257171907],[-98.36215378111191,18.877679940213774],[-98.36292780232175,18.87804474012109],[-98.36358743811047,18.878176150549937],[-98.36431037517711,18.878193814164522],[-98.36497916488754,18.877979567073822],[-98.36529105920593,18.8775836587054],[-98.36566929516127,18.8769587829757],[-98.36578746278782,18.874771114112026],[-98.36586447552321,18.87413889003352],[-98.36654238774531,18.87357898565126],[-98.36769308574182,18.8733764936163],[-98.36877592876002,18.873460563537297],[-98.36997773439099,18.873605173396946],[-98.37094313799315,18.873571073931785],[-98.37179870865963,18.873130768613972],[-98.3723545851014,18.872625510878663],[-98.37340760600308,18.871555916706022],[-98.3745582843955,18.871353372041913],[-98.37618480437767,18.87139298694891],[-98.37695730905988,18.871815311493396],[-98.37747821275063,18.87263502605739],[-98.37752325775642,18.8732125771425],[-98.37774447503402,18.87396735309646],[-98.37766599713943,18.87465719290525],[-98.37729390418389,18.875051658464937],[-98.37674715423182,18.875211284934245],[-98.37511146156689,18.875517329455217],[-98.37430548593642,18.876362387039535],[-98.37421786545524,18.877397886177107],[-98.37462284463648,18.878041866101473],[-98.37527337142934,18.878518883096632],[-98.37623728663593,18.878542357721596],[-98.37714095846539,18.878564359154065],[-98.37963377267914,18.8777603251561],[-98.38120012700207,18.877798422001458],[-98.38238832392322,18.87846142377253],[-98.38285814328988,18.878934013230058],[-98.38390917790184,18.880227788047335],[-98.38419523810153,18.880811210042122],[-98.38471924806245,18.8815157089701],[-98.38507314303693,18.88181254303494],[-98.38535769439672,18.882453575365957],[-98.38527773631348,18.88320105355322],[-98.3837959494011,18.885672742529795],[-98.3859705045156,18.88598815786024],[-98.38865435532176,18.882192464290984],[-98.38957147711228,18.87947878132564],[-98.38959053312364,18.878753933187607],[-98.38955544682507,18.878027770809073],[-98.38919142367662,18.877449053483467],[-98.38700699641633,18.876049040181496],[-98.38435851567951,18.873757007886965],[-98.38330569270434,18.872591672986783],[-98.382888933054,18.87195986374511],[-98.38233293900667,18.870443959618314],[-98.38207588130439,18.869919649048256],[-98.38133293321509,18.86933171666399],[-98.37879657637265,18.86895918674211],[-98.37804545561922,18.868681876411635],[-98.37740944420088,18.868148336903296],[-98.37663970743459,18.866523619343067],[-98.37622435983957,18.865840035268977],[-98.37520530466998,18.865452579765606],[-98.37401290570561,18.865475338904936],[-98.37293151743903,18.865397180906935],[-98.37170002740912,18.864849108442268],[-98.37097356489514,18.863639877132503],[-98.37078359942362,18.860578765294832],[-98.37080138667382,18.859905742408753],[-98.37044159439591,18.85917170826542],[-98.36926156491803,18.858728491465676],[-98.36812198825994,18.858804293898203],[-98.36756968354082,18.859205246699325],[-98.36747383022086,18.862829224107113],[-98.36707295844285,18.863648317859464],[-98.36624583551159,18.864197980591868],[-98.36445108073545,18.864464977871297],[-98.36395836262905,18.86466016107208],[-98.36367944962146,18.864964177236264],[-98.36361297462612,18.86542880334577],[-98.36359241359472,18.866205381562676],[-98.36404538999388,18.86751159366982],[-98.36438735777953,18.86891870951733],[-98.36437091246366,18.869539981799004],[-98.36414476133118,18.86989710065715],[-98.36375755838955,18.870198479901152],[-98.36212788841269,18.87036587690707],[-98.3604207449486,18.871412073764258],[-98.35930363335319,18.872679920171166],[-98.35906648521409,18.873451222514536],[-98.35893209953606,18.875398129492766]]]},"properties":{"CLAVE":"PI","DESCRIPCIO":"PASTIZAL INDUCIDO"}},
{"type":"Feature","geometry":{"type":"Polygon","coordinates":[[[-98.40915608168328,18.877959094256557],[-98.4086909947156,18.87793209086005],[-98.40536653796691,18.877685932017545],[-98.40495043958498,18.877675880425972],[-98.40446499151841,18.87766415332375],[-98.40397520133038,18.877818218218156],[-98.40372552892867,18.878077620599015],[-98.40368043487021,18.87847468602812],[-98.40336128043829,18.881386797472732],[-98.40381107992089,18.884085263226602],[-98.40528042360789,18.88627749252442],[-98.406136065956,18.886729506463553],[-98.40772947930421,18.88683433790093],[-98.40883915109309,18.886861118255187],[-98.40974509168527,18.886717072591903],[-98.4105634717278,18.885940479366646],[-98.41182395440765,18.88417912924407],[-98.41211349678404,18.883721585374754],[-98.41274720223647,18.883371877672147],[-98.41531931102031,18.883201591850053],[-98.41621743312658,18.883355943982618],[-98.4165260601072,18.883496096454753],[-98.41686070773434,18.88396867711606],[-98.41753174387492,18.884847521500095],[-98.4177649641697,18.88521812079227],[-98.41841430923716,18.88559873374769],[-98.41928123333359,18.885619594955678],[-98.41976671000857,18.88563127441552],[-98.42039262260123,18.88557996891636],[-98.42067695317182,18.88532136398229],[-98.4208400077919,18.884937457764643],[-98.42090435552733,18.88470701512769],[-98.42124553204874,18.88382168099017],[-98.42149412334672,18.883560443738254],[-98.42181571958321,18.883303072343985],[-98.42272267721818,18.88283058054058],[-98.42302169626394,18.88279974446225],[-98.42329837072558,18.88286342800244],[-98.42361032940227,18.883099061512866],[-98.42374050214421,18.883444393926073],[-98.42373109976873,18.883805385289953],[-98.42366265998234,18.88490640401191],[-98.42389465304849,18.885159128667087],[-98.42459614000663,18.885351608330403],[-98.42538882642705,18.885412844307574],[-98.4260056654356,18.885448758837548],[-98.42663946363876,18.885432751959154],[-98.42719438689558,18.88547735478996],[-98.42722707745995,18.885478140091834],[-98.43035965752063,18.885772267326534],[-98.4314400662761,18.88573561785099],[-98.43180534705459,18.885525419276327],[-98.43211093333042,18.885094829780112],[-98.43223499759814,18.88409686078515],[-98.4324314744429,18.881568581388336],[-98.4294279728458,18.881075675063276],[-98.4270267927683,18.880700777884076],[-98.42669852052397,18.88056598970828],[-98.42643931519947,18.88032710178933],[-98.42631714003105,18.87992229424958],[-98.42637455393103,18.87941604536231],[-98.42654171810855,18.878001421174744],[-98.42566100566073,18.8779559269433],[-98.42522977923706,18.878057345192786],[-98.42503120980946,18.878201612012123],[-98.42446474585151,18.87900769486353],[-98.42391282099628,18.879255244057536],[-98.42317105107526,18.879311936065672],[-98.42208368709097,18.879174021534276],[-98.42070617467992,18.87820943026779],[-98.42008704844872,18.878045504319847],[-98.4196587305668,18.87803520117717],[-98.41902989573171,18.87824362333351],[-98.41815577277247,18.878893244531877],[-98.41616707245275,18.880447501152606],[-98.41434769447386,18.881484189776458],[-98.41364095732015,18.88169071754775],[-98.41305687208413,18.88167664103957],[-98.41079840859203,18.881622190591912],[-98.40963900514522,18.88125889159059],[-98.40910165090025,18.880947854139436],[-98.40895270823543,18.880683446499688],[-98.40892156145496,18.88038462306158],[-98.40904130835312,18.878785377809503],[-98.40915608168328,18.877959094256557]]]},"properties":{"CLAVE":"PI","DESCRIPCIO":"PASTIZAL INDUCIDO"}},
{"type":"Feature","geometry":{"type":"Polygon","coordinates":[[[-98.64879023754665,18.90743267907316],[-98.65010357472146,18.90726964113164],[-98.64993304743003,18.906013973772506],[-98.65027766291418,18.90428843383621],[-98.65109951282899,18.90363286484113],[-98.65271005214099,18.903669078676298],[-98.65282964547848,18.90290142008913],[-98.65172950821193,18.902587806472546],[-98.65213999687282,18.901562779281125],[-98.65260082097049,18.90073931765074],[-98.6526136023746,18.900219627583752],[-98.65257167103047,18.899467606692255],[-98.6532430962778,18.89919382520505],[-98.65393246648522,18.898657218860368],[-98.65477163162896,18.899542508081847],[-98.65516329673513,18.90020113257706],[-98.65722176755303,18.900400186831632],[-98.65834552729517,18.899751366480675],[-98.65897781252929,18.898610054777823],[-98.65839514581486,18.897730357760267],[-98.6565644550947,18.898459592521874],[-98.6563915152918,18.897300213587993],[-98.65671711653822,18.896344617065704],[-98.6571362761378,18.8956799950256],[-98.65666137872437,18.89451385025481],[-98.65679039527201,18.89336127175279],[-98.65549611897444,18.892754468937007],[-98.65427719709658,18.893813026266148],[-98.65439400904003,18.89459542197131],[-98.65414332347873,18.895586161803706],[-98.65375468510763,18.896660448139436],[-98.65361251236256,18.896917178135467],[-98.65351561461382,18.897174925571733],[-98.6535082165373,18.897478006769997],[-98.65349976340063,18.89782438766635],[-98.65197032309774,18.8977112094113],[-98.65108663803257,18.897811700071486],[-98.65043682472613,18.898639633148715],[-98.64990394130616,18.899831293205605],[-98.64864278097221,18.899923278052036],[-98.64738161991193,18.90001525146982],[-98.6452515771233,18.89960618054256],[-98.64471567762473,18.90091812446253],[-98.64581545411801,18.90226692845097],[-98.64711903451304,18.90309599533247],[-98.64764463572567,18.901981463640666],[-98.64788161957394,18.90155358000335],[-98.64811013283997,18.90147208473041],[-98.64860926584656,18.901440001415438],[-98.64909818752842,18.90310637183146],[-98.64908397075835,18.903683812693668],[-98.64865763907237,18.904637155368924],[-98.64843736109452,18.905402549587297],[-98.6484089221158,18.906557443165838],[-98.64879023754665,18.90743267907316]]]},"properties":{"CLAVE":"PI","DESCRIPCIO":"PASTIZAL INDUCIDO"}},
{"type":"Feature","geometry":{"type":"Polygon","coordinates":[[[-98.40172493006102,18.90533012851446],[-98.40195663503025,18.905347862449734],[-98.40218672852673,18.905386801284312],[-98.40241473297327,18.90545405532469],[-98.40263837970184,18.905544466662047],[-98.40285539988486,18.90565284569756],[-98.4030635198227,18.90577400544552],[-98.40326047154883,18.905902756349693],[-98.4034464344228,18.906039731311672],[-98.404604201715,18.904094389278086],[-98.40662682639567,18.90378209978858],[-98.40800130201073,18.90417638089096],[-98.40878160764932,18.90323222697067],[-98.40717773115853,18.90198982068758],[-98.40681933749323,18.901258946640862],[-98.40722218815469,18.900305703623417],[-98.40678938113848,18.89874377609221],[-98.40655588768509,18.89878223451417],[-98.40632312065787,18.898822805732355],[-98.40609115425653,18.89886570708102],[-98.40586018344138,18.8989123878316],[-98.4056340896029,18.89898709602359],[-98.40541823634028,18.89909291592262],[-98.40521738157996,18.899221569664245],[-98.40503658854152,18.89936616156253],[-98.40488012380646,18.899536602420927],[-98.40473847564897,18.899724823645546],[-98.40459933581892,18.89991552472916],[-98.40445039126124,18.900093406799794],[-98.40427934651329,18.900243261913452],[-98.40407996553857,18.900362211298624],[-98.40386007118174,18.90045712666182],[-98.40362937893843,18.90053188534374],[-98.40339760143598,18.900590365580513],[-98.4031658826065,18.90062624740371],[-98.40292757357489,18.900634122515495],[-98.40268685538581,18.900628447247776],[-98.40244787306848,18.900623343797914],[-98.4022095554263,18.90061645436936],[-98.40197063819494,18.9006047680533],[-98.4017313744752,18.900590055230115],[-98.40149201821097,18.900574089924906],[-98.40125282533103,18.90055864258909],[-98.40101404887483,18.90054548451261],[-98.4007759427248,18.900536390630233],[-98.40053876089435,18.900533130447297],[-98.40030275728917,18.900537477091515],[-98.40006818680185,18.900551201904804],[-98.39983415635372,18.900576161107086],[-98.39959544377169,18.900614149116926],[-98.39935526780825,18.90066575910439],[-98.39911825934729,18.900731441398303],[-98.3988890512054,18.900811645497626],[-98.39867227150377,18.90090681900571],[-98.39847255018724,18.901017413217062],[-98.39829515930356,18.901150487526362],[-98.39814425145839,18.901324436834734],[-98.3980184531915,18.901527841706013],[-98.39791602680509,18.901746680892604],[-98.39783523265606,18.90196693669181],[-98.39777729319647,18.902182533812006],[-98.3977453565697,18.902405762094844],[-98.39773240984408,18.90263459080801],[-98.39773096383118,18.902866031340018],[-98.39773352644153,18.90309709500317],[-98.39773249981761,18.903325625653334],[-98.39772350474468,18.90355803524751],[-98.39771196794904,18.903793542389526],[-98.39770465332785,18.9040286216162],[-98.3977083258719,18.904259743863133],[-98.39772974961751,18.90448338184709],[-98.39777569241858,18.904696009268303],[-98.39786295006778,18.9048946167204],[-98.39801346291787,18.90507626700613],[-98.39820439807103,18.90523550502535],[-98.39841030824775,18.905366734449835],[-98.39861796725755,18.905456914525004],[-98.39885538441074,18.905484977366108],[-98.39910382420932,18.90548083942499],[-98.39934334121216,18.905474079502987],[-98.39958189837071,18.905461858296686],[-98.39982123550824,18.905444093303093],[-98.40006102651265,18.90542268418134],[-98.40030094540454,18.90539952606654],[-98.4005406661227,18.905376517716423],[-98.4007798655202,18.90535555614829],[-98.40101821761054,18.90533853831329],[-98.40125539539787,18.9053273638572],[-98.4014910739208,18.9053239279474],[-98.40172493006102,18.90533012851446]]]},"properties":{"CLAVE":"PI","DESCRIPCIO":"PASTIZAL INDUCIDO"}},
{"type":"Feature","geometry":{"type":"Polygon","coordinates":[[[-98.35878889584383,18.897562499670496],[-98.35911021999111,18.89810631008137],[-98.35940077964567,18.898551689687906],[-98.35980991015805,18.89907124973724],[-98.36013588022831,18.89947148955692],[-98.36035902966374,18.899627720036637],[-98.36061404972865,18.900110029795396],[-98.36069145042656,18.900380149676682],[-98.36085846033521,18.900726200050723],[-98.36097777022944,18.901010749734045],[-98.36099840011143,18.901251860223027],[-98.36091694973781,18.901862460256698],[-98.36083675034101,18.90222174011304],[-98.36089256965505,18.903167620202435],[-98.3610855504444,18.903482620064285],[-98.3610364903712,18.903609250449716],[-98.36084837014182,18.904078379568517],[-98.36071796991992,18.904346660171225],[-98.36075585010815,18.90451918002853],[-98.36088530981073,18.90484025978109],[-98.36100319978891,18.905196399839546],[-98.36111049036539,18.90555228031698],[-98.36119908047041,18.905829119875072],[-98.36128138044594,18.9061472601251],[-98.3612970802504,18.906463109908433],[-98.36137241966902,18.9068033396832],[-98.36127111004053,18.90718799986061],[-98.36116740025771,18.90773225022926],[-98.36117548975437,18.907848370332182],[-98.36125467961071,18.907935350292586],[-98.36132970991372,18.90819407990827],[-98.36142945008625,18.908613649602373],[-98.36184502045224,18.908889750162235],[-98.361794539597,18.90897156971585],[-98.36152871954259,18.90942664996499],[-98.36127850998588,18.910124819644338],[-98.36096569016432,18.91103398027196],[-98.36072923005216,18.91172762976941],[-98.36059719979885,18.91210770964978],[-98.36113388006602,18.912230769701466],[-98.36101621062271,18.91265203970449],[-98.36158627872952,18.912726750850425],[-98.36428344577976,18.912389474924254],[-98.36722860453943,18.9106470281527],[-98.36855482129671,18.9103266025464],[-98.36955432390673,18.910401386443528],[-98.3731096687961,18.911496056644374],[-98.37599574035366,18.91398553064559],[-98.3769425973474,18.91405898523856],[-98.37794346108406,18.91408334787484],[-98.37895494853193,18.913704763182196],[-98.37976899967914,18.912817378849585],[-98.38000625741793,18.91181516793902],[-98.38002484319507,18.911110031526455],[-98.379654747927,18.905154021869844],[-98.37985966330531,18.90137919858259],[-98.37934621703256,18.900862736705005],[-98.37709593342754,18.900253608578645],[-98.37283749900435,18.89984750017151],[-98.36862909194181,18.899543282847347],[-98.3683208052645,18.89957364086472],[-98.3682216418427,18.90297743994591],[-98.367949736677,18.90386190696781],[-98.367348112735,18.904292774872616],[-98.36678459746095,18.904457240451293],[-98.36628866692475,18.904415427858645],[-98.36604502099786,18.90423125855483],[-98.36477766485575,18.901645817485043],[-98.36320620719403,18.8988153372734],[-98.36282307899317,18.8980337011944],[-98.36208825976689,18.897629605055588],[-98.36144342963534,18.89734651579293],[-98.36005042144214,18.89716393699011],[-98.35939536885444,18.89726672508891],[-98.35882950775209,18.897520206215038],[-98.35878889584383,18.897562499670496]]]},"properties":{"CLAVE":"PI","DESCRIPCIO":"PASTIZAL INDUCIDO"}},
{"type":"Feature","geometry":{"type":"MultiPolygon","coordinates":[[[[-98.36752357729543,18.932487539160217],[-98.36773822015958,18.93295299976271],[-98.3680756603706,18.933821290430963],[-98.36822677601317,18.93419231991144],[-98.36826497082046,18.933954053885255],[-98.36840699828079,18.933169072544437],[-98.36836464882815,18.932936143647474],[-98.3681501740309,18.932791771656966],[-98.36752357729543,18.932487539160217]]],[[[-98.35355594267841,18.925536495390883],[-98.35340947988777,18.925606369997357],[-98.35363501958885,18.926202259907882],[-98.35369533977723,18.92674597003662],[-98.35358132022155,18.92809837008502],[-98.35394443012655,18.927920510355875],[-98.35421100021945,18.92796257038817],[-98.35460268019546,18.928184540336574],[-98.35530548963146,18.928582859591003],[-98.35591502960081,18.928928319846733],[-98.35594902023625,18.929028400279005],[-98.35598923957258,18.929022803492405],[-98.35613856864009,18.929002021848454],[-98.356180260169,18.928996219682023],[-98.35650945960593,18.928934369937554],[-98.35699738011493,18.928888519557752],[-98.35773007993063,18.92892151998059],[-98.35839941980828,18.928920489694505],[-98.35844415042621,18.928843460039573],[-98.35902355015476,18.929055859785006],[-98.35911576996212,18.92901306023581],[-98.35983049028526,18.929180280368104],[-98.35999829044127,18.92937596975666],[-98.3608747501746,18.929761449631823],[-98.36116409013967,18.9299970597781],[-98.36153448972708,18.92975621982547],[-98.36231347988225,18.929416739543566],[-98.36282457965537,18.92935922026265],[-98.36320885017601,18.92904298009328],[-98.36339371012784,18.92909981990296],[-98.36393278001793,18.929035250406514],[-98.36405191018497,18.92879914037307],[-98.36472602967005,18.928281180051687],[-98.36550849042786,18.929064750342167],[-98.36563509365052,18.929225808170212],[-98.36567993026729,18.928776442196654],[-98.36565181336056,18.92720521892097],[-98.36573819387142,18.92529232280648],[-98.36578659486955,18.924814756021355],[-98.36618971161695,18.924448439604994],[-98.36713890786093,18.923719296520712],[-98.36883632711971,18.92225850683564],[-98.36469010159153,18.919872090441423],[-98.36223702776563,18.92021336828684],[-98.36048855194504,18.92160868803628],[-98.35861728001449,18.924436264209074],[-98.35747426486833,18.92590379388304],[-98.35686493299497,18.92632873534085],[-98.35548685247213,18.92625100869611],[-98.35434098130484,18.926090985417087],[-98.35355594267841,18.925536495390883]]],[[[-98.3300942964552,18.87271632426358],[-98.32994550953006,18.8727930000639],[-98.32966797994153,18.87307505006097],[-98.3298225801474,18.8731807796612],[-98.3298801400224,18.873345030210654],[-98.32977494040338,18.873665199674672],[-98.32978081987895,18.874009000184813],[-98.32999231990304,18.87461382029978],[-98.32965007970249,18.874736309565776],[-98.32945117958957,18.87487594000727],[-98.32961209001327,18.875666020393826],[-98.32961753985843,18.87570125995197],[-98.32963342986595,18.875735399884793],[-98.32966562981808,18.87578770980097],[-98.32968099984261,18.875827459651138],[-98.32961041981522,18.875860709842428],[-98.329486719638,18.875960779714877],[-98.32945131018512,18.87601090962394],[-98.32941528024776,18.876211800078988],[-98.32941461959538,18.876379339607762],[-98.32926404962565,18.877119400063442],[-98.32947520030935,18.877675249736342],[-98.32928102011944,18.87815408000843],[-98.32925100031134,18.8786352199397],[-98.3292500303004,18.87887585002945],[-98.32921008975283,18.879109290209822],[-98.32934971955267,18.87915582972097],[-98.32950609009534,18.879049000184704],[-98.32968965982934,18.878860429564497],[-98.32985281996838,18.878721199667922],[-98.32995319956954,18.878618149910803],[-98.33009688994872,18.878543310120772],[-98.3302064495564,18.878511399570158],[-98.33031963015524,18.878532119741617],[-98.3304036296882,18.878612649870032],[-98.33075801994816,18.878723949868228],[-98.33088645980507,18.87873696968162],[-98.33101246022954,18.87880031970504],[-98.33116263022067,18.878823719910255],[-98.33137794994333,18.87885197991122],[-98.33156014003777,18.87892204976757],[-98.33245003017855,18.879480419603098],[-98.33263597030235,18.879762749843636],[-98.33288348995109,18.8802380496804],[-98.33322511983772,18.880565419919986],[-98.33372269036398,18.880878519805094],[-98.33380946020009,18.88098504960352],[-98.33413730975047,18.8811815703335],[-98.33464962959762,18.88147642031527],[-98.33535523018712,18.88191079982312],[-98.33594068009312,18.88222333973719],[-98.33677125970395,18.88287833996438],[-98.33715583600029,18.88287424755374],[-98.33718795663522,18.88281101220594],[-98.33720619830065,18.882126930471355],[-98.33677184439705,18.880519010105385],[-98.33412389815713,18.876917117824913],[-98.33299707442467,18.87443651683116],[-98.33276928055204,18.87403160974777],[-98.33253692180948,18.873797712967765],[-98.33206611646722,18.873557940786576],[-98.33123459951481,18.873423360257977],[-98.33052687504936,18.87312069925733],[-98.3300942964552,18.87271632426358]]],[[[-98.33026964064013,18.86783616352238],[-98.32997073968643,18.868161650359085],[-98.3299852237495,18.868424216202314],[-98.33026964064013,18.86783616352238]]],[[[-98.3316312731037,18.861892617664964],[-98.33173754032896,18.862063510376448],[-98.33178992048046,18.86224896967482],[-98.3318065503628,18.862518509733114],[-98.3318061200578,18.862625649917362],[-98.3317056895649,18.863152400338574],[-98.33158657014539,18.86354001995508],[-98.33163014015607,18.863939340337023],[-98.33179747988248,18.86430534002956],[-98.33171717970889,18.8645129095998],[-98.3317469099727,18.864759259671093],[-98.33176982995487,18.865029739929593],[-98.33178006044541,18.8653228903502],[-98.33159370962433,18.865589570094592],[-98.33155277954118,18.865891769668085],[-98.3314919697381,18.8661938900055],[-98.3313521312784,18.866691727514116],[-98.33219068608088,18.86665899339637],[-98.33331563922874,18.86697191733121],[-98.33586209208923,18.867662087068474],[-98.33663853221132,18.867624163065962],[-98.3374316888263,18.866959194441844],[-98.33824003668454,18.86572419226804],[-98.33853778809166,18.864320735982357],[-98.33678818803625,18.865062015678483],[-98.33427581160475,18.864879819746484],[-98.33329548622035,18.863892840465066],[-98.3325829343822,18.86231068711432],[-98.3316312731037,18.861892617664964]]],[[[-98.33023786767129,18.853043283566713],[-98.33008195515801,18.853181880354644],[-98.32995891998522,18.853291250168546],[-98.32975352001587,18.85345910997957],[-98.32950168962884,18.853753200335024],[-98.32961101995856,18.853956019870456],[-98.32978972509221,18.854246970363665],[-98.32994089006338,18.854507109656193],[-98.3300509702196,18.854682650239862],[-98.33016997963722,18.854881149877265],[-98.33036169030969,18.8552224600303],[-98.33047998834937,18.855361899354023],[-98.330797737575,18.854548748643865],[-98.3314297945194,18.85330587364794],[-98.33023786767129,18.853043283566713]]],[[[-98.3287636939311,18.852742370602467],[-98.32895677977803,18.852795599778972],[-98.32911509591204,18.852807325201823],[-98.3287636939311,18.852742370602467]]]]},"properties":{"CLAVE":"PI","DESCRIPCIO":"PASTIZAL INDUCIDO"}},
{"type":"Feature","geometry":{"type":"Polygon","coordinates":[[[-98.48517185755853,18.995829304943655],[-98.48662087886754,18.99652603103723],[-98.48744218963787,18.99684386453392],[-98.4885915866754,18.997319849346553],[-98.49023507461843,18.998110138035994],[-98.49105512218473,18.99842815182277],[-98.49154764940384,18.998899437064253],[-98.49253086283518,19.000003533827503],[-98.49384292687452,19.001265007942752],[-98.49417120655309,19.00126591904694],[-98.49548848485212,19.0006410135089],[-98.49579817354484,19.00036934239134],[-98.49470509279622,19.00062266704013],[-98.49300862734766,18.999412201482507],[-98.49300161758732,18.998140679556766],[-98.49179404313297,18.997853539436093],[-98.48979806419776,18.997454894250147],[-98.48918566111682,18.99577995923878],[-98.49039303677506,18.995138565891324],[-98.4924468733247,18.995365082412466],[-98.4936016810543,18.996751019567732],[-98.49511129689301,18.99634228226591],[-98.49637515582901,18.99529716506503],[-98.49806417782672,18.995061625303656],[-98.49945488338236,18.99488390133857],[-98.49829941244782,18.99309369639477],[-98.49757467497476,18.992865010999903],[-98.496606708049,18.992750630040007],[-98.4955195209093,18.99292925395623],[-98.49376895959028,18.992989840276444],[-98.49237494328693,18.99258834923752],[-98.49098867121086,18.993113166693476],[-98.48977873269612,18.99276946796722],[-98.48850691311586,18.992136450918306],[-98.48735486423523,18.992139980871052],[-98.48669683164165,18.99295102646213],[-98.48585261242955,18.99387884672525],[-98.48573682395781,18.994514397769773],[-98.48517185755853,18.995829304943655]]]},"properties":{"CLAVE":"PI","DESCRIPCIO":"PASTIZAL INDUCIDO"}},
{"type":"Feature","geometry":{"type":"Polygon","coordinates":[[[-98.60877756944309,19.008504217510247],[-98.60955751625738,19.007518456798334],[-98.60991709982082,19.00699701178577],[-98.61130715355564,19.00658715716533],[-98.61185749116795,19.007280598723398],[-98.6125338028069,19.008551461822783],[-98.61368811650107,19.00889453938152],[-98.61501378121379,19.008252797182568],[-98.61646878679554,19.008249411856855],[-98.61791801810993,19.00795519029902],[-98.61821121352573,19.006738768410283],[-98.61729412109783,19.005469868089424],[-98.6161395777434,19.004489111638758],[-98.61612779290145,19.003274316538796],[-98.61449274611685,19.003339029545405],[-98.6132242981684,19.003978643652076],[-98.61201583183431,19.00427089659016],[-98.61097936033963,19.003349107267894],[-98.61097265148165,19.00213442657246],[-98.61066153596899,19.001209779148876],[-98.60956890108271,19.000578532715565],[-98.60750613343144,19.000353569392757],[-98.60556457684766,18.999722323018286],[-98.60489353018134,18.99891461944602],[-98.60349656330898,18.99857334810201],[-98.60222698011472,18.998924430240027],[-98.6011407887728,18.999389474340663],[-98.60114408924913,19.000084136556417],[-98.60042720990698,19.00130167350853],[-98.60031656070373,19.00240048345024],[-98.60110513534002,19.002976515857625],[-98.6017161439164,19.003495592908692],[-98.60347493988097,19.003894607430137],[-98.60541524050862,19.00417827089743],[-98.60651136772377,19.005100318004747],[-98.60676517140298,19.006256349051746],[-98.60689156354928,19.007353163225932],[-98.60738002002769,19.007930871038315],[-98.60877756944309,19.008504217510247]]]},"properties":{"CLAVE":"PI","DESCRIPCIO":"PASTIZAL INDUCIDO"}},
{"type":"Feature","geometry":{"type":"Polygon","coordinates":[[[-98.49008997679321,18.79833785990165],[-98.4939876185612,18.799274050191702],[-98.49421551831819,18.79530890452367],[-98.49343148285008,18.79156061791053],[-98.49090300180913,18.787169695483907],[-98.48933694837413,18.78448587788434],[-98.48742795436603,18.78047056064425],[-98.4851559336499,18.780777853918966],[-98.4845879170372,18.783290976328594],[-98.48675449645104,18.787071830549564],[-98.48459255489999,18.787983295508607],[-98.48206179581403,18.790114807618373],[-98.48737716093427,18.791818039560134],[-98.4891724713118,18.792496164823238],[-98.48981307097866,18.79343602360469],[-98.49019735573181,18.79494781315506],[-98.49017223357417,18.795929775387805],[-98.49008997679321,18.79833785990165]]]},"properties":{"CLAVE":"RA","DESCRIPCIO":"AGRICULTURA DE RIEGO ANUAL"}},
{"type":"Feature","geometry":{"type":"Polygon","coordinates":[[[-98.54754392353635,18.81438064516733],[-98.54751475039592,18.81330759991144],[-98.54746085962238,18.81256277033414],[-98.54742493961776,18.81163974011845],[-98.54733176964241,18.81035843012238],[-98.54730538039632,18.80992034019965],[-98.54796827987475,18.809510000400543],[-98.55011794128959,18.808179311491276],[-98.55111875775121,18.807559764401745],[-98.551222649958,18.807495450387236],[-98.5511665101343,18.807862749748676],[-98.55125646019279,18.808615340253443],[-98.55131042014922,18.809070400354216],[-98.55117041961459,18.809441169782897],[-98.55113136968549,18.809544550189933],[-98.5509447700919,18.810002710200504],[-98.55094159972734,18.81004622990365],[-98.55078757025173,18.810330770334435],[-98.55094215010507,18.810990479650606],[-98.55134914985044,18.811308940420588],[-98.55160972016267,18.811552769569865],[-98.55164306026741,18.812332689919113],[-98.55167778034327,18.81321471014762],[-98.55181385008387,18.813638770104305],[-98.55206862019661,18.8138692599916],[-98.55218022019864,18.81417427991837],[-98.55263045985356,18.814387260407845],[-98.5530967504058,18.81430854038158],[-98.55363933976693,18.814559949754262],[-98.55386134021602,18.81473685983792],[-98.55400845033691,18.81519582008032],[-98.55416353999968,18.815422310311533],[-98.5546357497373,18.815488030013757],[-98.55519161968566,18.815649180213722],[-98.55553803012631,18.81516607967826],[-98.5559171999381,18.81493194034367],[-98.55660805036764,18.8142467703052],[-98.55729896960126,18.813530380065853],[-98.5576279704554,18.813187750285834],[-98.55812031016477,18.813126489822693],[-98.55871041993443,18.813315200334454],[-98.55910262025368,18.813909279638935],[-98.55933114982787,18.814346880373233],[-98.55958177953885,18.815112740039172],[-98.5597554296248,18.81522199996723],[-98.56001702996024,18.815566020151458],[-98.56013404996146,18.815633199810165],[-98.56014902992247,18.815633419762417],[-98.56018084991317,18.815660060235864],[-98.56041067965513,18.815598169578536],[-98.56044463033027,18.81516118024005],[-98.56044491299632,18.815052115886004],[-98.55952729352225,18.814101671273985],[-98.55822046881273,18.812745741378],[-98.55756978271025,18.81150975097785],[-98.55691955516026,18.809774464173543],[-98.55613734597479,18.80816591723563],[-98.55429373954073,18.80549638959318],[-98.55425642258616,18.80542725647144],[-98.55379059719615,18.804066015782826],[-98.55317992309598,18.80261702103547],[-98.552985457946,18.80216236940607],[-98.55264331067232,18.80173243116769],[-98.55200226104333,18.80149250771208],[-98.55025903249283,18.800636225446375],[-98.54965092424112,18.80025638623755],[-98.54803167608348,18.79914974979903],[-98.54687852479573,18.79822271628139],[-98.54608591320833,18.796994573781184],[-98.54562045228515,18.795421409345174],[-98.54556570949968,18.795428443851815],[-98.54350265468909,18.796022870910484],[-98.54286914658337,18.79584757653442],[-98.54059564925595,18.79014238598903],[-98.53883245857163,18.78550894117786],[-98.53897604899707,18.78381020332388],[-98.53918870364768,18.78336554432658],[-98.54247846281754,18.783377772366098],[-98.54294657926081,18.78345287416767],[-98.54381768287416,18.78751956310517],[-98.54403233645316,18.788327424936966],[-98.54647025093284,18.793902697500055],[-98.54652552723198,18.79388954150382],[-98.5484145740112,18.79334838110631],[-98.55015412964747,18.793076721639668],[-98.5515369951494,18.79314771183352],[-98.5524880486161,18.793238135343373],[-98.55428248057585,18.794424843132212],[-98.55492647740256,18.796021164875544],[-98.55517439390037,18.797499260980718],[-98.55516070315396,18.79804426512851],[-98.55532068161335,18.798484226420673],[-98.55599756075148,18.798772551573133],[-98.55758744171645,18.799027459986828],[-98.55867410663043,18.798888989839895],[-98.56018832078551,18.797615220159763],[-98.56079635581911,18.796102381816336],[-98.56077628614668,18.794629566369945],[-98.5602858234155,18.791455434894637],[-98.55967688602264,18.790732463172265],[-98.55860259180989,18.790380444183445],[-98.55746312090756,18.7903540940458],[-98.55637925782695,18.79038355297274],[-98.55494396491893,18.790786582599218],[-98.554146334321,18.790768118769098],[-98.55329583803336,18.79058483466133],[-98.55122619453276,18.789010044369086],[-98.5502294706869,18.78784181446932],[-98.54986494143077,18.786470122543655],[-98.55082644028465,18.782239129429698],[-98.55144685621975,18.780235949869237],[-98.55155648250425,18.777565272399627],[-98.55087070184737,18.77575210756076],[-98.54828408961977,18.770206592647565],[-98.5452992647918,18.76555115334956],[-98.54493933373712,18.76491332832248],[-98.5441074165675,18.76435446974451],[-98.54308081952328,18.76406085885292],[-98.54083068072615,18.763828733721308],[-98.5376479126935,18.763305110192956],[-98.5366122576227,18.76337093893877],[-98.53585162389854,18.76371293413284],[-98.53545541030626,18.764513026559932],[-98.53604491654886,18.76722448764864],[-98.53655865695777,18.7692148011782],[-98.53654049769786,18.76993378829397],[-98.5363344392731,18.770648404893716],[-98.53556922215103,18.771170152216662],[-98.53481762469185,18.771152655852593],[-98.5336008290634,18.77094446823253],[-98.53276437500323,18.770565282609684],[-98.53155440499762,18.770087457651684],[-98.53052551576124,18.769883626115124],[-98.52863744281213,18.77019930591183],[-98.52635308164898,18.771315056084298],[-98.52559465459927,18.771567132945673],[-98.52332847499251,18.771963849937393],[-98.52154798216313,18.771742394477627],[-98.52034031915112,18.77117460683331],[-98.51848643166524,18.770142061616866],[-98.51484039464762,18.765650380779203],[-98.5138412620524,18.764278113490573],[-98.5091896291409,18.75868376915453],[-98.50818603173369,18.757491241398217],[-98.5067952337639,18.756739231859303],[-98.50512265248763,18.755980594278956],[-98.501933299981,18.755725828687577],[-98.5010878513029,18.75570595580288],[-98.50013929490382,18.756043339129118],[-98.49878972697006,18.7573604223736],[-98.4966707795844,18.759202580378894],[-98.49663788709694,18.75926184467316],[-98.49503912047663,18.76165575220021],[-98.49463740984179,18.763867728573988],[-98.49130136475671,18.766701034851536],[-98.49166074872858,18.76999860619251],[-98.49226771595227,18.772517724975028],[-98.49338033422012,18.7762690943397],[-98.49367810043832,18.777753342485852],[-98.49524727383536,18.784662747533517],[-98.49567097141222,18.789104589393546],[-98.49582802144599,18.790842514834054],[-98.49608169408286,18.791426565866367],[-98.49640740167297,18.79181962204279],[-98.49693443515983,18.792217412882437],[-98.49766443762482,18.792555752804613],[-98.49913100643131,18.79297564375775],[-98.49959094207942,18.79337184999214],[-98.49984955117553,18.793763322142755],[-98.50021454090351,18.795249236829452],[-98.50033402330968,18.79583013240298],[-98.500528804095,18.796091645283084],[-98.50079397470124,18.796226344656127],[-98.50286785888291,18.796532017400438],[-98.50461802700522,18.79638268858802],[-98.50467219145932,18.79425702768761],[-98.5048391025877,18.79294225486658],[-98.50513934339219,18.7916306236305],[-98.50619186597271,18.79046427165717],[-98.50682706542528,18.789968726546995],[-98.50701349632816,18.789632798939493],[-98.50711537447461,18.78912474022054],[-98.50734077282091,18.787258379047362],[-98.507314730823,18.78653463449202],[-98.50710551069525,18.78601927969972],[-98.50632504643002,18.785235293628798],[-98.50615161057162,18.78506107575939],[-98.50607030831536,18.784761408104004],[-98.50603669561757,18.784335250454628],[-98.50634124088673,18.782853613999706],[-98.50744781156459,18.779561754150606],[-98.50928923825599,18.777095340626786],[-98.50951359837711,18.777015531045517],[-98.50995690549674,18.777068462442827],[-98.51030484860502,18.7773743703532],[-98.51261797095917,18.779087482517706],[-98.51301036433246,18.779394427098392],[-98.51454955447615,18.7800685210909],[-98.51538527603792,18.780428378514827],[-98.5157332378906,18.780734277903335],[-98.51607688075856,18.78121022134436],[-98.51619832533395,18.781680961839864],[-98.51599373441216,18.784483587510476],[-98.51597321675705,18.785291308868075],[-98.51555920370072,18.785834597347144],[-98.51488177301921,18.786244108108182],[-98.51233344626984,18.78677993638297],[-98.51134490740526,18.787182140420413],[-98.51065988847068,18.787889217488186],[-98.51046805873163,18.788437707236337],[-98.51049844172043,18.788991407521756],[-98.51070767906266,18.789506765039487],[-98.51130512742543,18.79224319586987],[-98.51168674292143,18.792975290350263],[-98.51225046363534,18.79354149990682],[-98.51290524137927,18.794024764111047],[-98.5135177389331,18.7944219586666],[-98.51521651808618,18.79582297791064],[-98.51616515532858,18.79699373514937],[-98.5161890860897,18.7978025363236],[-98.51563737951354,18.798512785484345],[-98.51473451619218,18.79924305152006],[-98.51247230856876,18.79909499624927],[-98.51147953738524,18.799052718131176],[-98.51131366532785,18.799878484147115],[-98.51116732682416,18.8031699501413],[-98.51126967171996,18.804070965656667],[-98.51150634543978,18.804615684463172],[-98.51249720209948,18.805058260891855],[-98.51337352652939,18.805078792439414],[-98.51628328550935,18.803948770961966],[-98.5200860199274,18.80218059343865],[-98.52060195181114,18.80159358560224],[-98.52105832207772,18.80088536730978],[-98.52109324657425,18.79950832636799],[-98.52078603462606,18.79680535706575],[-98.52089689045287,18.79243484422325],[-98.52139692772232,18.787534367624307],[-98.52215791183204,18.782220763516122],[-98.52230129015149,18.781505284050247],[-98.52307355399353,18.780684693945528],[-98.52577526672637,18.780328466680068],[-98.52621335539244,18.780338691974393],[-98.52727121066533,18.780602986365288],[-98.52776278670824,18.780973869430696],[-98.528230119006,18.78230262533146],[-98.52883929101364,18.782975762946492],[-98.52988506078655,18.78371898142958],[-98.5308162626415,18.78404020310045],[-98.5319412849613,18.78412632509534],[-98.53418830302262,18.78441827710765],[-98.53474098535621,18.784850468022494],[-98.53509986008908,18.78551775952068],[-98.535599616278,18.788045342486917],[-98.53638571730698,18.794114004547946],[-98.53851655555613,18.799015956493527],[-98.53869073440919,18.799559166340288],[-98.53905873441849,18.799867258198837],[-98.53955796468469,18.79993877282965],[-98.54031058124964,18.79989636103837],[-98.54199755675099,18.800055377967897],[-98.5429854517753,18.800617488782425],[-98.54370035604691,18.802071858682474],[-98.54513685437034,18.806306388807492],[-98.54606549601712,18.808763047938026],[-98.54666560552599,18.81285750661357],[-98.54683834989528,18.81344445466727],[-98.5472922253487,18.814037925589204],[-98.54754392353635,18.81438064516733]]]},"properties":{"CLAVE":"RA","DESCRIPCIO":"AGRICULTURA DE RIEGO ANUAL"}},
{"type":"Feature","geometry":{"type":"Polygon","coordinates":[[[-98.51388637356058,18.82442813424264],[-98.51417278005066,18.824474690405875],[-98.5142205803107,18.82448394016119],[-98.51548059997702,18.824700000333586],[-98.51616409021626,18.824826700783888],[-98.52172672057178,18.822590003424374],[-98.52082795642156,18.820761014934593],[-98.51920512560375,18.816429175519346],[-98.51869961433994,18.81021060883547],[-98.51854838781107,18.80816754194853],[-98.51824227644785,18.80781907672175],[-98.51532437563286,18.8079767752601],[-98.51460645085876,18.80833660586353],[-98.51426866524729,18.809232638761387],[-98.51416700322252,18.810134206550217],[-98.51483551099112,18.81482030589444],[-98.51482021094955,18.815422591609064],[-98.51457259675442,18.81586877865599],[-98.51289860659162,18.81665820607505],[-98.51160858697274,18.81783327565878],[-98.511422443347,18.818958885257068],[-98.51227896529426,18.822444240754358],[-98.51388637356058,18.82442813424264]]]},"properties":{"CLAVE":"RA","DESCRIPCIO":"AGRICULTURA DE RIEGO ANUAL"}},
{"type":"Feature","geometry":{"type":"Polygon","coordinates":[[[-98.4769436234185,18.809972324426035],[-98.47762067983913,18.81175927559945],[-98.47844950439377,18.814784570894513],[-98.47873814078734,18.815311616873142],[-98.47909606871336,18.815493489027002],[-98.48023469829994,18.81586723521],[-98.48071342142323,18.816051966072095],[-98.48129812420677,18.816817219198366],[-98.48157788846731,18.81769087060489],[-98.48187806621473,18.820125684703385],[-98.48280593104585,18.821650497712326],[-98.48326987340924,18.82241291095695],[-98.48380606335603,18.822714597453196],[-98.4847120483692,18.822735998978843],[-98.48537939468437,18.822636151357322],[-98.4868218146969,18.82058928420387],[-98.48725051693557,18.820368191774207],[-98.4879782486726,18.820269758216433],[-98.48852182880991,18.82028258374619],[-98.49008478607922,18.82060846698242],[-98.49099371211162,18.82051429111132],[-98.49154911107836,18.820064962175245],[-98.4919336522502,18.819206981671208],[-98.492293235934,18.81696115808113],[-98.49168976129032,18.809837345299837],[-98.49154107731836,18.80856223003835],[-98.49096374178666,18.807508211769925],[-98.48989756579674,18.80430408016753],[-98.48993155592294,18.802975500096228],[-98.49008997679321,18.79833785990165],[-98.49017223357417,18.795929775387805],[-98.49019735573181,18.79494781315506],[-98.48981307097866,18.79343602360469],[-98.4891724713118,18.792496164823238],[-98.48737716093427,18.791818039560134],[-98.48206179581403,18.790114807618373],[-98.47998025595575,18.789447748744674],[-98.47884073784921,18.792609816857137],[-98.47713109032215,18.795302838652756],[-98.47684196506943,18.796257780869286],[-98.4767141071205,18.79711530317246],[-98.47669592061764,18.797823564155344],[-98.47822381586798,18.802213151146344],[-98.47972098626637,18.805741489079534],[-98.48006137980855,18.806913855114804],[-98.47998512887735,18.80782326105665],[-98.47960189854312,18.808320425286674],[-98.47863164113636,18.809006192898316],[-98.4769436234185,18.809972324426035]]]},"properties":{"CLAVE":"RAP","DESCRIPCIO":"AGRICULTURA DE RIEGO ANUAL Y PERMANENTE"}},
{"type":"Feature","geometry":{"type":"MultiPolygon","coordinates":[[[[-98.40211693016805,18.79131749691493],[-98.40184697998617,18.791422250076813],[-98.40118338035496,18.79179825043807],[-98.40060822987503,18.79213250954483],[-98.40007708000867,18.79250891994871],[-98.39950297002565,18.792549090238396],[-98.39875194040484,18.79267272043385],[-98.39808907990336,18.792838650143405],[-98.3973814497566,18.793172480230883],[-98.39711551010282,18.793465709993175],[-98.39676138015761,18.793716650335192],[-98.39627542002968,18.793799090317865],[-98.39574484965495,18.794007460371557],[-98.39521717021354,18.794399180193313],[-98.39498617006606,18.794331319802563],[-98.39486093998318,18.79439065955864],[-98.39469951973665,18.79444220026576],[-98.39444254970077,18.794255969942206],[-98.39434008032167,18.794004179588196],[-98.39417504968033,18.79391711990431],[-98.39409597578316,18.793908034613146],[-98.39414751084786,18.79510248693591],[-98.39209460782126,18.796616899644082],[-98.39104104816647,18.79839617030735],[-98.39010680577246,18.80041898565729],[-98.38854391421768,18.802426561457874],[-98.3873836818612,18.803481318300612],[-98.38568541217214,18.805846579219185],[-98.38377714593531,18.806642507933113],[-98.38207238295689,18.809248255802462],[-98.3796579261786,18.810152167075483],[-98.37603093188328,18.80934194216158],[-98.37265864235462,18.808417512167875],[-98.37176692175466,18.807908758255607],[-98.37174070959138,18.808053519626274],[-98.37201857020804,18.80851230957454],[-98.37208141952813,18.80870171004643],[-98.3719285099424,18.80911489032493],[-98.37174620018394,18.809235599973427],[-98.37151425997106,18.809370920038013],[-98.37160762959664,18.809572799540394],[-98.37201613983788,18.809983449955308],[-98.37205323029876,18.81021331976951],[-98.37218163006332,18.81048125028915],[-98.37206811990004,18.81057245954552],[-98.37151576968698,18.81068831988562],[-98.37125285033886,18.810828769876103],[-98.37114425989922,18.810967059688384],[-98.37111608964968,18.81135067979809],[-98.37101350982326,18.811494980175052],[-98.37064743009222,18.81156836962533],[-98.37014578015336,18.81178656959773],[-98.36987892041434,18.8120737097848],[-98.36965370985565,18.812420549752378],[-98.36957064952699,18.812759110050607],[-98.3692604595338,18.81304202973976],[-98.36867431010053,18.81326862967396],[-98.36809144955389,18.813301889624984],[-98.367718030007,18.813187199684226],[-98.36749489002179,18.81322292010604],[-98.3672665500949,18.813223279744793],[-98.36693074977882,18.813086000012],[-98.36654396979557,18.81297014980568],[-98.36618311973986,18.812615029981547],[-98.365939349877,18.812231480434203],[-98.36588305973605,18.811795629863816],[-98.36597137037388,18.811492449765453],[-98.36622234999334,18.811105119620628],[-98.36661275004838,18.81086545038826],[-98.36678090990831,18.810575920272324],[-98.36684025018198,18.810201579579026],[-98.36681993971793,18.809793539933146],[-98.36670101990634,18.809351120172785],[-98.36626123016924,18.809162599727575],[-98.36592484975424,18.809048779602897],[-98.36541555035792,18.808996350450894],[-98.36489260009637,18.80887708968537],[-98.36422262993848,18.808931380340866],[-98.36351182011572,18.8089729204465],[-98.36272160014958,18.808983199654815],[-98.36169553966333,18.808988709801266],[-98.3613475104224,18.808941649778046],[-98.36126956978009,18.808931110350308],[-98.3607383801882,18.8089476496788],[-98.3603701203983,18.809103139612564],[-98.35984819965287,18.80946628958331],[-98.35969160018989,18.80973268021946],[-98.35962047997367,18.809854249797045],[-98.3593132002732,18.809805719665995],[-98.35918945978696,18.809585489737305],[-98.35904699977235,18.809141680088366],[-98.35909149007338,18.80860011998803],[-98.359099479758,18.808300860122284],[-98.35903647987483,18.808117319551954],[-98.3588843200993,18.808037320098197],[-98.35875972025138,18.80808128031771],[-98.35850451008622,18.80816318036268],[-98.35828063043591,18.80822822986682],[-98.35807522001276,18.80829371038659],[-98.35788428006228,18.808361825047125],[-98.35666898560184,18.8100259873862],[-98.35221473677144,18.813675207535866],[-98.34958141811194,18.816141032766108],[-98.34841036037852,18.81774963133609],[-98.3482689924113,18.818676467110947],[-98.3484894285079,18.819165634394498],[-98.34909967205498,18.819627155976285],[-98.35114855514256,18.82012395744132],[-98.35339285362133,18.82058830817357],[-98.35381561905216,18.820784725640316],[-98.35415568718128,18.82116518377324],[-98.35438009522696,18.821505595163746],[-98.3558653251248,18.82418408745068],[-98.35641169602557,18.82530347311167],[-98.35734597851844,18.827334576499243],[-98.35732128305628,18.82826556834022],[-98.35722360634517,18.82912311706336],[-98.35724529496295,18.83113018001291],[-98.35729738074737,18.83199140361933],[-98.35764139136829,18.833146427680088],[-98.35798730873815,18.83422983478004],[-98.35795881785582,18.83530408744203],[-98.35778816063741,18.83608820897486],[-98.35606662625422,18.83884096366703],[-98.3559632358516,18.839913401373238],[-98.35609210294069,18.840704869448764],[-98.35659539810683,18.84150550584022],[-98.35703141605913,18.842017837203844],[-98.35745983485165,18.842816642440955],[-98.35742564180993,18.844105789830753],[-98.35703220833862,18.844812820296546],[-98.35677872508104,18.845146239468864],[-98.35876051691774,18.846035213631314],[-98.3564745467091,18.849646172961524],[-98.35439950137811,18.84852081463277],[-98.35214379548701,18.853938166436986],[-98.35128382936136,18.855278790606537],[-98.35051776962662,18.855905034250544],[-98.34968632876723,18.856171318234022],[-98.34608191575256,18.85644120766289],[-98.34539643615251,18.856854394259496],[-98.34401403169767,18.85811049051395],[-98.34367631888263,18.8595356029812],[-98.3436477198076,18.86060995265184],[-98.34436618029137,18.861774337967994],[-98.34729346609775,18.86442638076796],[-98.3480323010718,18.865168249509793],[-98.3488423197501,18.86590970691693],[-98.35008219526374,18.86683584529929],[-98.34973238962141,18.86942487895553],[-98.35117540564973,18.871520461641357],[-98.3526614813038,18.872878109415385],[-98.35390251628492,18.874657667819285],[-98.35493677449716,18.87540584309793],[-98.35610181676631,18.87577323091453],[-98.35893209953606,18.875398129492766],[-98.35906648521409,18.873451222514536],[-98.35930363335319,18.872679920171166],[-98.3604207449486,18.871412073764258],[-98.36212788841269,18.87036587690707],[-98.36375755838955,18.870198479901152],[-98.36414476133118,18.86989710065715],[-98.36437091246366,18.869539981799004],[-98.36438735777953,18.86891870951733],[-98.36404538999388,18.86751159366982],[-98.36359241359472,18.866205381562676],[-98.36361297462612,18.86542880334577],[-98.36367944962146,18.864964177236264],[-98.36395836262905,18.86466016107208],[-98.36445108073545,18.864464977871297],[-98.36624583551159,18.864197980591868],[-98.36707295844285,18.863648317859464],[-98.36747383022086,18.862829224107113],[-98.36756968354082,18.859205246699325],[-98.36812198825994,18.858804293898203],[-98.36926156491803,18.858728491465676],[-98.37044159439591,18.85917170826542],[-98.37080138667382,18.859905742408753],[-98.37078359942362,18.860578765294832],[-98.37097356489514,18.863639877132503],[-98.37170002740912,18.864849108442268],[-98.37293151743903,18.865397180906935],[-98.37401290570561,18.865475338904936],[-98.37520530466998,18.865452579765606],[-98.37622435983957,18.865840035268977],[-98.37663970743459,18.866523619343067],[-98.37740944420088,18.868148336903296],[-98.37804545561922,18.868681876411635],[-98.37879657637265,18.86895918674211],[-98.38133293321509,18.86933171666399],[-98.38207588130439,18.869919649048256],[-98.38233293900667,18.870443959618314],[-98.382888933054,18.87195986374511],[-98.38330569270434,18.872591672986783],[-98.38435851567951,18.873757007886965],[-98.38700699641633,18.876049040181496],[-98.38919142367662,18.877449053483467],[-98.38955544682507,18.878027770809073],[-98.38959053312364,18.878753933187607],[-98.38957147711228,18.87947878132564],[-98.38865435532176,18.882192464290984],[-98.39101525005307,18.8845353487379],[-98.39087606087323,18.88737357339676],[-98.38972124605706,18.890327692295987],[-98.39176409786334,18.891295811173297],[-98.39293258667668,18.891890270868466],[-98.39305086328007,18.892396370268436],[-98.39303104957028,18.89315074096779],[-98.39140829677842,18.8973260276862],[-98.39077990701743,18.90121094802831],[-98.39054962470584,18.902463492867],[-98.39000547336973,18.90314226720382],[-98.38818400451872,18.90485946865511],[-98.38556854086863,18.906746103575976],[-98.38494866953032,18.907800479365413],[-98.38479069246698,18.908803169602397],[-98.38482334662818,18.910062129101497],[-98.38523892142744,18.91177075988377],[-98.38670615931012,18.914679499694998],[-98.38874080949586,18.91871293598288],[-98.39016558143108,18.922081785267224],[-98.39013087788334,18.92340208834475],[-98.38925455325239,18.92419868718659],[-98.38858540943542,18.924622827287184],[-98.38388684474266,18.925641158425268],[-98.38349819426608,18.92571599008387],[-98.38439218609133,18.92753900478962],[-98.3834002430562,18.928158225159073],[-98.38359811379736,18.930865005475926],[-98.38281211058145,18.931328399634193],[-98.38270338051755,18.932901922947188],[-98.37962933722449,18.93337401167027],[-98.37875401454222,18.930843714650937],[-98.37639369613943,18.931043595703663],[-98.37551158162927,18.932598280895736],[-98.37248642107984,18.932492407652557],[-98.37037706907617,18.930832646918844],[-98.37213746685477,18.92659745693375],[-98.3717360614871,18.925236703372555],[-98.37563635719661,18.92404511068386],[-98.37720519381169,18.925788094285235],[-98.38010245650354,18.925415974998064],[-98.37964544859452,18.92308077410357],[-98.37801403071957,18.92226638834235],[-98.37222557884448,18.91954436016507],[-98.36883632711971,18.92225850683564],[-98.36713890786093,18.923719296520712],[-98.36618971161695,18.924448439604994],[-98.36578659486955,18.924814756021355],[-98.36573819387142,18.92529232280648],[-98.36565181336056,18.92720521892097],[-98.36567993026729,18.928776442196654],[-98.36563509365052,18.929225808170212],[-98.36580325991258,18.92943973956592],[-98.36615702018338,18.92947258016932],[-98.36703729019747,18.931136120124187],[-98.36713608028332,18.931421249958724],[-98.36728380023307,18.931967570373843],[-98.36752357729543,18.932487539160217],[-98.3681501740309,18.932791771656966],[-98.36836464882815,18.932936143647474],[-98.36840699828079,18.933169072544437],[-98.36826497082046,18.933954053885255],[-98.36822677601317,18.93419231991144],[-98.36829827953778,18.934367879569557],[-98.3685337196119,18.934830539961784],[-98.36864069008816,18.935699030138895],[-98.36879169022849,18.936416319568718],[-98.36900000027721,18.937167770086877],[-98.36896790980535,18.937955450427914],[-98.36900050997062,18.938550220412044],[-98.3690417324515,18.939565881318714],[-98.37153927058212,18.939935645444606],[-98.37339014307317,18.939642756290652],[-98.3747173331142,18.94033301745189],[-98.37567579217712,18.940331935349928],[-98.37601599131432,18.93871257308737],[-98.37732910679888,18.938188448653168],[-98.37799995608714,18.93905562147903],[-98.3781938241255,18.940036840641906],[-98.3789818462356,18.94067292060354],[-98.38018384782426,18.94049563432021],[-98.38151386363391,18.941015604409035],[-98.38296668768845,18.941531456581387],[-98.38430130974666,18.942223916792678],[-98.38593416674256,18.942220595712286],[-98.38653077605814,18.941410119291522],[-98.38573483033882,18.940542542742293],[-98.38571954994582,18.939271432273305],[-98.38716451654707,18.938688647193423],[-98.38849260121316,18.938339219162724],[-98.38988189305492,18.937817491874473],[-98.39157862255799,18.937467046823034],[-98.39346304650645,18.937521242698203],[-98.3946278173145,18.938558002727902],[-98.39530301073269,18.939252608777082],[-98.39669988388398,18.939132587859053],[-98.39814924079052,18.93843621661585],[-98.3993070614256,18.938839669966143],[-98.39974119584602,18.94010996928519],[-98.39974760398265,18.94115182921473],[-98.39969477409132,18.942944801429903],[-98.40210825272196,18.94282372528225],[-98.40337573818222,18.94253299788195],[-98.4036125252526,18.941432939042745],[-98.40451755689871,18.940677916661823],[-98.405964027526,18.940269751974128],[-98.40862011315424,18.93997464075694],[-98.41066942478321,18.938755891830795],[-98.41260109130006,18.937943019943887],[-98.41453405560603,18.937881439555365],[-98.41647424185669,18.939381491747543],[-98.4169033549519,18.94059501186224],[-98.41757524243643,18.94186609391695],[-98.41788718481041,18.943714781701942],[-98.41740878645426,18.94487307033018],[-98.41935624197377,18.946604664928287],[-98.42068867446267,18.94706534856087],[-98.42189345196928,18.94602068116879],[-98.42389052966597,18.94619073668018],[-98.42444495772125,18.947041699337802],[-98.42522829664927,18.9470440124101],[-98.42717885679353,18.947050528309656],[-98.4266082126278,18.945141965405863],[-98.42712354332183,18.944791624949396],[-98.42677069568691,18.944116529114513],[-98.42651504031757,18.943382413984008],[-98.42651735904631,18.942404235341943],[-98.42728662069804,18.94118560151954],[-98.42830938910492,18.94167708354743],[-98.43086722551512,18.942173493117597],[-98.4326576729554,18.9421794252956],[-98.43342529708798,18.942427025618205],[-98.43342589562435,18.941825055834315],[-98.43342667928587,18.940715661853503],[-98.43317490805961,18.93900565549754],[-98.43394383664408,18.93851788495137],[-98.43522107312685,18.938766957188285],[-98.43675546758635,18.93877193698003],[-98.44084770509497,18.938296906658405],[-98.44314559452216,18.93928062741958],[-98.44324301065807,18.93965629305026],[-98.44339945269847,18.940259849119222],[-98.4446766505481,18.940263645331544],[-98.44595426234154,18.94026783992087],[-98.44748947285603,18.93905170363417],[-98.4485135189165,18.938321416771892],[-98.45165190025807,18.939023919794426],[-98.45259943699848,18.937676369428512],[-98.45319373049071,18.93626704883008],[-98.4532053793922,18.93623942589217],[-98.45320546663528,18.936239218717237],[-98.45406301934604,18.935051902216806],[-98.45406226701374,18.935039281010905],[-98.45397910255896,18.933644373281613],[-98.45404648278887,18.931035474212653],[-98.45410325511098,18.93079511408546],[-98.45442140760173,18.930222582997676],[-98.45498347570522,18.929994263978195],[-98.45665345882279,18.929937347722536],[-98.45751621181255,18.929812859521647],[-98.45793042074274,18.929435980798257],[-98.45820052012722,18.92876561931679],[-98.45821423024967,18.928234183663506],[-98.45752676305332,18.927444351045683],[-98.45448690474551,18.925728348504823],[-98.45414443731761,18.925285116777896],[-98.45401406418232,18.924460208585963],[-98.4545031268303,18.921184675688504],[-98.45562341889938,18.91695742025376],[-98.45578746660333,18.916477928492885],[-98.45620164234083,18.916101074555836],[-98.45691896680331,18.91573143488707],[-98.45965104975848,18.915651431519464],[-98.46363878455574,18.915891258558922],[-98.46555624693501,18.91603348672698],[-98.46606522638355,18.915900554076725],[-98.46632655792538,18.915568382386297],[-98.46649056628974,18.915088882539408],[-98.46650548652048,18.91450916327783],[-98.46626405679015,18.91406837870395],[-98.46581804345885,18.91371941404278],[-98.46512189843054,18.913267827828676],[-98.46467713644584,18.91287055007793],[-98.46443322563533,18.912526383615003],[-98.46424730354495,18.911893561284593],[-98.46414052805625,18.910150831147348],[-98.46436355907838,18.90717677872174],[-98.46354924317642,18.90718367401802],[-98.46287171704098,18.907245914010492],[-98.46258665009363,18.90718038212192],[-98.46232457533134,18.90701747264486],[-98.46201067730632,18.906481213566966],[-98.46181922764019,18.90357808738757],[-98.46193057537937,18.90164184200798],[-98.46193218795459,18.901614730328575],[-98.46027804759329,18.901272514159793],[-98.45899980168895,18.90273128502699],[-98.45542965917707,18.899920354576388],[-98.4519593538708,18.900049988694057],[-98.44673920731499,18.89992544821219],[-98.44460369690262,18.899874447706612],[-98.44384675238567,18.899765551718232],[-98.44347298493685,18.899529591761997],[-98.44324275936948,18.89925165468868],[-98.4427618979481,18.89765097414235],[-98.44263481681064,18.89705766665772],[-98.44222888879355,18.896230671244016],[-98.44190023510116,18.896086600509577],[-98.44086329248512,18.895789375158802],[-98.43876941226131,18.895966311254472],[-98.43633039312506,18.89663440808726],[-98.43480123800839,18.897006433015918],[-98.43413569091128,18.897035894035703],[-98.43247830819138,18.896859955335582],[-98.43240289840809,18.896844093020345],[-98.4310685769641,18.8969528362341],[-98.43053856668291,18.897036265366136],[-98.43029049329861,18.896910141801776],[-98.4299758049253,18.896445933111906],[-98.42927143123744,18.893568924397055],[-98.42881541033509,18.89274081390294],[-98.42852148229935,18.892445349091787],[-98.42790038550395,18.892166064983336],[-98.42755309846886,18.89198948834842],[-98.42745330481547,18.891917655204487],[-98.42594818155393,18.89280255789007],[-98.42531324950843,18.897819842818237],[-98.4225235237463,18.898592349387812],[-98.41930593234407,18.896478996915388],[-98.41935933858508,18.894443360025274],[-98.41956995791749,18.89121329092695],[-98.42357989942478,18.891907629602773],[-98.42696607000799,18.890189174272468],[-98.4269763810752,18.890004843172015],[-98.4271892043525,18.889553303290985],[-98.42758410254018,18.888865796328005],[-98.42764121359201,18.888602794059942],[-98.42768570314782,18.88785881079552],[-98.42751350602194,18.886749121305723],[-98.42730887928975,18.886105697391383],[-98.42719438689558,18.88547735478996],[-98.42663946363876,18.885432751959154],[-98.4260056654356,18.885448758837548],[-98.42538882642705,18.885412844307574],[-98.42459614000663,18.885351608330403],[-98.42389465304849,18.885159128667087],[-98.42366265998234,18.88490640401191],[-98.42373109976873,18.883805385289953],[-98.42374050214421,18.883444393926073],[-98.42361032940227,18.883099061512866],[-98.42329837072558,18.88286342800244],[-98.42302169626394,18.88279974446225],[-98.42272267721818,18.88283058054058],[-98.42181571958321,18.883303072343985],[-98.42149412334672,18.883560443738254],[-98.42124553204874,18.88382168099017],[-98.42090435552733,18.88470701512769],[-98.4208400077919,18.884937457764643],[-98.42067695317182,18.88532136398229],[-98.42039262260123,18.88557996891636],[-98.41976671000857,18.88563127441552],[-98.41928123333359,18.885619594955678],[-98.41841430923716,18.88559873374769],[-98.4177649641697,18.88521812079227],[-98.41753174387492,18.884847521500095],[-98.41686070773434,18.88396867711606],[-98.4165260601072,18.883496096454753],[-98.41621743312658,18.883355943982618],[-98.41531931102031,18.883201591850053],[-98.41274720223647,18.883371877672147],[-98.41211349678404,18.883721585374754],[-98.41182395440765,18.88417912924407],[-98.4105634717278,18.885940479366646],[-98.40974509168527,18.886717072591903],[-98.40883915109309,18.886861118255187],[-98.40772947930421,18.88683433790093],[-98.406136065956,18.886729506463553],[-98.40528042360789,18.88627749252442],[-98.40381107992089,18.884085263226602],[-98.40336128043829,18.881386797472732],[-98.40368043487021,18.87847468602812],[-98.40372552892867,18.878077620599015],[-98.40397520133038,18.877818218218156],[-98.40446499151841,18.87766415332375],[-98.40495043958498,18.877675880425972],[-98.40536653796691,18.877685932017545],[-98.4086909947156,18.87793209086005],[-98.40915608168328,18.877959094256557],[-98.41040714153165,18.878196697747757],[-98.4128435467084,18.878528732830475],[-98.41316168227588,18.878506034946934],[-98.41348378273429,18.87833160451131],[-98.41371384842388,18.8780334930579],[-98.41372415275032,18.877638988173295],[-98.41367257147157,18.877182262826405],[-98.41335282651531,18.876051035865096],[-98.41342580611186,18.875688410131186],[-98.41375027715105,18.87542294329986],[-98.41429133304405,18.875375248038715],[-98.41608906239178,18.87584366559138],[-98.41694429041232,18.87592498857484],[-98.41754558477257,18.87478558315451],[-98.41768439401265,18.874333447095616],[-98.41766137097012,18.873998875815403],[-98.4173519546693,18.873687778340006],[-98.41688783387215,18.873221128928655],[-98.41689416940456,18.872978361735836],[-98.41745897010007,18.872020280164495],[-98.41935700282596,18.867195698219778],[-98.4173211830086,18.86713341426167],[-98.41663840246167,18.86709588337386],[-98.41640860339015,18.867027072269426],[-98.41614738805512,18.866894223736367],[-98.41594458364128,18.866636224490193],[-98.41593380437958,18.865781700335198],[-98.41598970279568,18.86490769321894],[-98.41570313403092,18.86447893597636],[-98.415297507508,18.86402567303496],[-98.41466654650932,18.864360475011768],[-98.41089608653536,18.862205522756746],[-98.41481062264498,18.858233824149256],[-98.40970577021082,18.855003398787726],[-98.40983797567168,18.854585832553834],[-98.40960989827732,18.85208898855793],[-98.41093217698126,18.846075262839676],[-98.4070445111327,18.83970821712567],[-98.406359457861,18.8353152966836],[-98.40601491759003,18.8331058546599],[-98.40864499829863,18.832370547436952],[-98.40969945716812,18.832146969575835],[-98.41176137328162,18.831473226877144],[-98.41245322910459,18.831402931854566],[-98.41295785983041,18.831023654317192],[-98.41357861002928,18.83038081923089],[-98.41450057295145,18.829675879829004],[-98.41880416003866,18.833965641735546],[-98.42295279901369,18.836248555420504],[-98.42603516937776,18.83704837966511],[-98.4298214892732,18.839674924493835],[-98.43256885672318,18.83667299027185],[-98.43284463404474,18.83637165117852],[-98.43458451262195,18.834471316475387],[-98.4360205484689,18.83118089731541],[-98.43591057879381,18.826533374870053],[-98.43140688874612,18.825266233558114],[-98.43296845807433,18.82107901742223],[-98.44102846792048,18.823373905947175],[-98.44423083762632,18.820548176210085],[-98.44435953927483,18.820434607969897],[-98.44727172954008,18.821250957648914],[-98.45336479360189,18.82295876417637],[-98.44845369544615,18.83329910456579],[-98.44969213524787,18.834791621584568],[-98.45131813561912,18.83701126337182],[-98.46003149941255,18.849150289413817],[-98.46464723502602,18.855730202862237],[-98.46188956712128,18.857084977719474],[-98.45732176701317,18.85184746153866],[-98.45144120029929,18.84634190131333],[-98.44959036346584,18.846028883757135],[-98.44446555498162,18.848122196676712],[-98.44152259262862,18.84757050166638],[-98.44016587182236,18.84892202717322],[-98.43726690691288,18.849093367317042],[-98.43702316563557,18.851193579802086],[-98.43620871862245,18.853460669869843],[-98.4338882327557,18.853164407815736],[-98.43317442706403,18.853989738766806],[-98.43249197804504,18.856019301520394],[-98.43071378800386,18.856638596310912],[-98.42898111734311,18.857920885211247],[-98.42890538973184,18.860807472802463],[-98.42790094975011,18.861105129240734],[-98.42797557768228,18.862187510057954],[-98.42808392632438,18.863758908215274],[-98.42792126143905,18.86929500921952],[-98.42785926658988,18.871404855971438],[-98.42763929167272,18.8728455510041],[-98.42703873348512,18.87432820778701],[-98.42842231986424,18.87460201372739],[-98.43000122492715,18.8719920311768],[-98.43015816799186,18.875606507507943],[-98.43227772898199,18.8763794637571],[-98.43218661665392,18.87505334312679],[-98.43406719755095,18.8753391125523],[-98.43355745358097,18.880381979979738],[-98.4304251442205,18.87982547334556],[-98.43060140942303,18.877903946352877],[-98.42948818759655,18.877155100602756],[-98.4268193642847,18.87658776378345],[-98.42654171810855,18.878001421174744],[-98.42637455393103,18.87941604536231],[-98.42631714003105,18.87992229424958],[-98.42643931519947,18.88032710178933],[-98.42669852052397,18.88056598970828],[-98.4270267927683,18.880700777884076],[-98.4294279728458,18.881075675063276],[-98.4324314744429,18.881568581388336],[-98.43533289777183,18.88189364831699],[-98.4388236874196,18.882225096156173],[-98.43964402356418,18.882244723761072],[-98.44073197614289,18.88194024292477],[-98.44156194120679,18.88158827482612],[-98.44374491373156,18.879037769754515],[-98.44599235829375,18.875662562986324],[-98.4473809542998,18.87375407450796],[-98.44807919988365,18.873481560675604],[-98.44872786083947,18.873455729143988],[-98.44976187537225,18.873563021481136],[-98.45053151738472,18.873870558396124],[-98.45112206420947,18.874421691260732],[-98.4522354599266,18.876472505801768],[-98.45316125672666,18.879097228047172],[-98.45448689862062,18.88107771074304],[-98.45675517392534,18.880414164422213],[-98.45636947210811,18.87887246695577],[-98.45623599692065,18.87653352325968],[-98.45636467072671,18.876054604906823],[-98.45700373965163,18.87532831407589],[-98.45962076651735,18.8745749357476],[-98.46066786542501,18.87456276515517],[-98.4615513857406,18.87488037583707],[-98.46320506248921,18.875401662797472],[-98.4635140759078,18.87544607990448],[-98.46443921869536,18.87565343805671],[-98.4618823857343,18.870586699745438],[-98.46733501055618,18.869031219628198],[-98.46817495264523,18.870615754381756],[-98.4679929839211,18.87277783225223],[-98.46851395842728,18.8756741641138],[-98.46947750238802,18.87567293885115],[-98.47086525909369,18.87562990642306],[-98.4730212038479,18.86761113221771],[-98.47603201453036,18.866123528467693],[-98.4760765711004,18.86515651225267],[-98.47611340979684,18.864296850683292],[-98.4760153675447,18.864302418948526],[-98.47291051975412,18.864327823591562],[-98.47042930921343,18.864244262272543],[-98.470069282362,18.864161509013286],[-98.46958507923407,18.863877900489644],[-98.46930833452473,18.86357447430217],[-98.46878410313215,18.861830354777574],[-98.46861585915161,18.861331600017042],[-98.4683668821621,18.860954619510647],[-98.46783607885142,18.86047199853086],[-98.4676065933913,18.860342861712784],[-98.46740550611932,18.860115445394285],[-98.46718938447202,18.85946712667573],[-98.46767426904485,18.856707996185314],[-98.4679435961223,18.856293847088025],[-98.46867633007912,18.855964907111034],[-98.46979364648945,18.855768775178863],[-98.47211164763921,18.855737769784877],[-98.47345975262186,18.853052614499493],[-98.47516371625777,18.84993860883106],[-98.47083354240073,18.84762528687716],[-98.47013717481207,18.847253438944957],[-98.46490895528403,18.846845078737918],[-98.46362765392217,18.846103974930294],[-98.46393079135606,18.84010614177718],[-98.4643891553526,18.839619580087966],[-98.47129980908583,18.83960592856209],[-98.47129798297303,18.839676950113617],[-98.47215411214444,18.84250430906786],[-98.47269281231864,18.84322773191036],[-98.47516140460323,18.84362679462954],[-98.47503375220784,18.84127055306357],[-98.47452388877451,18.838973409053537],[-98.47325821625161,18.837311244642542],[-98.47225446511568,18.836525777407154],[-98.4711896800985,18.835902071341053],[-98.46654894153001,18.8349758852904],[-98.46570039006276,18.83479252014293],[-98.46513889160254,18.834507158389915],[-98.46486584486351,18.834065431365495],[-98.46464825194495,18.83367942702419],[-98.46473591359293,18.83248460002584],[-98.46538198495148,18.82727713775665],[-98.46534754241452,18.82640586291383],[-98.46502747048724,18.82558221054763],[-98.46345819255194,18.824674476144413],[-98.46228124769688,18.823993668935863],[-98.46206087171093,18.823716415472994],[-98.46190295158321,18.823223033653292],[-98.4620334588294,18.82257330456163],[-98.46240536483748,18.82138528806012],[-98.46249443907215,18.820136153067796],[-98.46235333907218,18.818990355931373],[-98.4612128981439,18.816895977885263],[-98.46048160337533,18.81437613120111],[-98.4604984290479,18.813723721435984],[-98.46085910589869,18.812970688366015],[-98.46177978048972,18.81255737475315],[-98.46285975891877,18.812583046452293],[-98.46541760153625,18.812643814892084],[-98.46701755148337,18.8123554004515],[-98.46806027698877,18.811618545268757],[-98.46913097197145,18.809794346253717],[-98.46983162283476,18.807650070132116],[-98.47024219321467,18.80639353252583],[-98.47076352722641,18.806025102011922],[-98.47150522244571,18.805933889687758],[-98.47235499968295,18.80606283251954],[-98.47347220797643,18.806850897931845],[-98.4769436234185,18.809972324426035],[-98.47863164113636,18.809006192898316],[-98.47960189854312,18.808320425286674],[-98.47998512887735,18.80782326105665],[-98.48006137980855,18.806913855114804],[-98.47972098626637,18.805741489079534],[-98.47822381586798,18.802213151146344],[-98.47669592061764,18.797823564155344],[-98.4767141071205,18.79711530317246],[-98.47684196506943,18.796257780869286],[-98.47713109032215,18.795302838652756],[-98.47884073784921,18.792609816857137],[-98.47998025595575,18.789447748744674],[-98.47940420799209,18.7845004248963],[-98.47902069102082,18.780336668159766],[-98.47889785865274,18.779663651533426],[-98.47849499456167,18.7789840163261],[-98.47689166653673,18.77867803416617],[-98.47252701176964,18.779512791747774],[-98.46781053233447,18.780406089249475],[-98.46725045450584,18.780392796015054],[-98.466495871273,18.779771788571818],[-98.46375764012109,18.777294384921696],[-98.46211197936232,18.775915083378873],[-98.46177403232171,18.77543798109335],[-98.46179130284513,18.77476830266716],[-98.46288283965173,18.773186030473422],[-98.46775085012283,18.766399840931395],[-98.47114606118645,18.76239298970401],[-98.47173707108472,18.76120089777362],[-98.4717766852712,18.759660718001143],[-98.47144338693641,18.75431134815647],[-98.47072186009886,18.754369179961103],[-98.47014278010388,18.754732220430352],[-98.46899986035093,18.754655380087087],[-98.46900978017584,18.75498440010517],[-98.46682069012557,18.755020020247798],[-98.4667561403505,18.754841319715602],[-98.46466890975178,18.75506122990454],[-98.46434927967944,18.753092740005705],[-98.46238071006144,18.75328428959205],[-98.46262168953726,18.755229689877506],[-98.46258792046922,18.755239819768995],[-98.46279388017079,18.75702040033815],[-98.4628273501248,18.757093750436823],[-98.46276503007543,18.757084890416348],[-98.46253318038735,18.757033060147446],[-98.46107528042643,18.757223649886047],[-98.46135177961465,18.758585309854745],[-98.45979931003227,18.758743619844825],[-98.45990254991487,18.75900490974544],[-98.46103582017075,18.76069025009424],[-98.46119785024338,18.761820430077236],[-98.46116488029807,18.76188026040151],[-98.46146360029694,18.76269675021806],[-98.46157745037698,18.763795970417],[-98.46157127993705,18.76384268021334],[-98.45981542044352,18.7634200597297],[-98.4593687398467,18.763359820343336],[-98.45871063030107,18.76327882027476],[-98.45799246011053,18.76318318037164],[-98.45789792009812,18.76318054012954],[-98.45719670964654,18.763381569826155],[-98.4552563697455,18.763760569569076],[-98.4548018297574,18.763770180213612],[-98.45477476956931,18.763769280293044],[-98.45346084985319,18.76373056983602],[-98.45202301977449,18.76273836967581],[-98.45173122000618,18.764937079652345],[-98.45216606039659,18.766824030132476],[-98.45356471959425,18.771673779890584],[-98.45368077041967,18.7720391501355],[-98.4539775196932,18.773157920123726],[-98.45397016978023,18.77538917028068],[-98.45400732026744,18.777204080390113],[-98.45382028966604,18.77685625030272],[-98.4537625701291,18.776526709667884],[-98.45348069031037,18.776154030429485],[-98.45332993953821,18.77583491993055],[-98.45310637996478,18.775668429951832],[-98.45295933995821,18.775536909793452],[-98.45287675021997,18.77538862030369],[-98.45276934994396,18.775209250449894],[-98.45268534961615,18.775115800224427],[-98.45254032017513,18.775030079736563],[-98.45236826017624,18.77499857020868],[-98.4522094902442,18.774949090390578],[-98.45209356990382,18.774851850329703],[-98.45201283037488,18.77475543029639],[-98.45184057045313,18.774649109690017],[-98.4516876801331,18.774496110050634],[-98.45151666028129,18.77442500030581],[-98.45130924987079,18.774398769737402],[-98.45122493997417,18.77431751028557],[-98.4510117804321,18.77401977958257],[-98.45074352018601,18.773748199840764],[-98.45059482031401,18.773439779715705],[-98.45025837992458,18.772788020415557],[-98.45000698011165,18.772411400255283],[-98.44988282973324,18.772262140382676],[-98.44975611040965,18.772174050145285],[-98.44963069045578,18.77207353991831],[-98.44958825984864,18.77193077028307],[-98.44955571017105,18.771848150015654],[-98.4495322595292,18.77169780027099],[-98.44949464993584,18.771566629581447],[-98.4493613396608,18.771433219790076],[-98.44920454978293,18.771153819780075],[-98.44896316978605,18.770742629777903],[-98.44883714035403,18.770511219887357],[-98.44860717041729,18.77012314960369],[-98.44841546015627,18.76987875007528],[-98.44829937016095,18.769727539638637],[-98.4480752899735,18.769573750312055],[-98.44786264985811,18.769596479987516],[-98.44771271963526,18.769536540347996],[-98.44746082977476,18.769345710426894],[-98.44734219980103,18.769131939705186],[-98.44725814027609,18.768988200102367],[-98.44723091963797,18.769007719871322],[-98.4469072799055,18.768763449547816],[-98.44665845990534,18.76860125028953],[-98.4465449800097,18.7684943502623],[-98.44649868004174,18.76837290989955],[-98.44635801959593,18.768250860226832],[-98.44622456955935,18.768193689818744],[-98.44612051987428,18.768139370431033],[-98.44597663022363,18.768185799689256],[-98.44593717976505,18.76819854034856],[-98.44575888987528,18.76834603038649],[-98.44554857958754,18.768557800280544],[-98.44534810987693,18.768683109834004],[-98.44515748043648,18.768721949970843],[-98.44500857035763,18.768906260221474],[-98.44478578020563,18.769305549690916],[-98.44453268988548,18.769704139716502],[-98.44428738230968,18.770053319422914],[-98.44436522211318,18.770082419125096],[-98.44198331788583,18.774597176738578],[-98.44158944015567,18.774465774234816],[-98.44142048029335,18.77454501970534],[-98.44130654926488,18.774562889989824],[-98.4411876904676,18.774560080156725],[-98.44106396982083,18.774536579979515],[-98.44086102035305,18.774444289924624],[-98.44072674973896,18.77441025012257],[-98.44056874046508,18.774457980026533],[-98.44045402033748,18.774506709819917],[-98.44029600012234,18.77455445005675],[-98.44024997012218,18.774605459592294],[-98.44023042036353,18.774733649853086],[-98.44021205995664,18.774815549562888],[-98.44009293964695,18.774823019892885],[-98.44000114024378,18.77482084992323],[-98.43990322978136,18.77484427965879],[-98.43977371017945,18.7748360802363],[-98.43969793971742,18.774839420089396],[-98.43957806000704,18.77487776990308],[-98.43945948033932,18.774864679913737],[-98.43931374969135,18.774856059543666],[-98.43918635035124,18.77482013973373],[-98.43910993957887,18.774790459952964],[-98.43904576979742,18.774801600026453],[-98.43897642982138,18.774807570156476],[-98.43891608959136,18.774773200173065],[-98.43886171036539,18.774716150057984],[-98.43881440036314,18.774692219728855],[-98.43877317975029,18.774741939889513],[-98.43872231012277,18.774753419814903],[-98.43863254987917,18.77472340043956],[-98.43855997018092,18.774752110328343],[-98.43848952037291,18.774798599710945],[-98.4383803495471,18.774902449654693],[-98.43829562001238,18.774986630294183],[-98.43822085979119,18.77509891009227],[-98.43816868014865,18.775262400455393],[-98.43795063027937,18.775558850455788],[-98.43788793998804,18.77556355027357],[-98.43781986040074,18.77562276978514],[-98.4377845401731,18.775649819988622],[-98.43772605018341,18.775648429592604],[-98.43765094991397,18.775669430137874],[-98.43760747979064,18.775703890572455],[-98.43752262004693,18.775691769967647],[-98.43744804983548,18.775692520024027],[-98.43733437991675,18.776062970134394],[-98.43721649033597,18.776339889585273],[-98.43703881999825,18.776947779789968],[-98.43694622959592,18.77723342018863],[-98.43688111964696,18.777280509916142],[-98.43682831045163,18.77734818000853],[-98.43670435034616,18.777365489901566],[-98.43654251967041,18.777856219827775],[-98.43642151043102,18.778053850027092],[-98.43621648956282,18.778243549968565],[-98.43611182030779,18.77833837999224],[-98.43606272008243,18.778588550131083],[-98.43604082030463,18.778774490200423],[-98.43599662039901,18.77900045016],[-98.43601537976785,18.779422489592942],[-98.43598407969347,18.779594259723204],[-98.43513886027428,18.779841799982336],[-98.43461231983032,18.779950939738832],[-98.43428171954031,18.78005662025411],[-98.43408360032173,18.780145179658366],[-98.43385465012027,18.780269449586797],[-98.43357597999461,18.78050610998963],[-98.43338721981308,18.78072457000236],[-98.43323148040328,18.780818170379188],[-98.43315405986003,18.780848770052437],[-98.43310481965918,18.780873000173322],[-98.43294005993046,18.780824489698023],[-98.43276252019031,18.780775690702512],[-98.432673119971,18.78077356956795],[-98.43252165991507,18.78070513967938],[-98.43237048025489,18.780654479990055],[-98.43231432039839,18.78063517982189],[-98.43225385953271,18.780623770283512],[-98.43218965010254,18.780674149631775],[-98.43210502030726,18.780702110223743],[-98.4320162301177,18.780729919643225],[-98.43193045982721,18.780801750733534],[-98.43170498033948,18.78100605012797],[-98.43156103022739,18.78113834992919],[-98.43145914025976,18.781267710103513],[-98.43134911022817,18.781384860319434],[-98.43123587992795,18.781508880361045],[-98.43117314977492,18.78166110986332],[-98.4311003101379,18.781801109916433],[-98.43101618040843,18.78197082042995],[-98.43087711024293,18.782077309791568],[-98.43070245967597,18.78215682965273],[-98.43052357992212,18.782200479767805],[-98.43042555030364,18.782230089601647],[-98.43028403027455,18.782255459691612],[-98.43014611989544,18.782271349662192],[-98.42994450978706,18.782413460236647],[-98.42984862024517,18.782491000008147],[-98.42962613966661,18.782661350074573],[-98.42936634994223,18.782849969703],[-98.4289572300086,18.783105289608677],[-98.42841548013001,18.78337803040417],[-98.42817811000292,18.783477779813776],[-98.42795435012245,18.783568249977186],[-98.42784945013683,18.783604090389918],[-98.42765230972623,18.78366308000512],[-98.42744034968405,18.783731689903718],[-98.4273407397582,18.78379758029424],[-98.4272557200987,18.78388994005534],[-98.42716668004962,18.78394756967286],[-98.42699718030502,18.784050480205703],[-98.42682888993356,18.784170679573958],[-98.42675870996293,18.784200479962106],[-98.42665670961766,18.78421910999968],[-98.42654124979468,18.784213219840087],[-98.42644716973086,18.78421098034528],[-98.42630582989477,18.78424694002264],[-98.42618602956509,18.784281859640075],[-98.42607743001872,18.784329580071315],[-98.42597233978108,18.78443245010787],[-98.42584616952881,18.78458959984613],[-98.42573911988964,18.7847430197042],[-98.42567362993175,18.78482443029641],[-98.42561145011199,18.784878320151623],[-98.42552307989884,18.784924000306003],[-98.42546060034844,18.784969539897855],[-98.42535419967088,18.78500914013823],[-98.42522186004918,18.785044399741714],[-98.42491157033254,18.785203980427728],[-98.42476413998273,18.7852717999806],[-98.42465679978064,18.785316800049095],[-98.42457322010767,18.78533066092899],[-98.42448600036691,18.785324600414818],[-98.42442775033406,18.785323219685257],[-98.42433647993691,18.785313139911498],[-98.42426603047885,18.785301549658342],[-98.4242070301106,18.785329880275572],[-98.42414401963921,18.785352169590276],[-98.42406301977913,18.785346261094492],[-98.42395641990969,18.78536352044799],[-98.42389082018126,18.78540557037779],[-98.42381865024889,18.785459320055107],[-98.42372762918453,18.785518579702845],[-98.42365875024213,18.78560607965219],[-98.4235726900633,18.785672679971842],[-98.4234046198125,18.785735230102897],[-98.42324014982724,18.785788349758867],[-98.42312274033988,18.7858236000644],[-98.42299201963667,18.785858489636734],[-98.4228686896804,18.78586508961429],[-98.42269250976204,18.785857720254437],[-98.42263502038992,18.78589368038746],[-98.42233594006004,18.785922459619588],[-98.42207440024058,18.785958369896868],[-98.4216384498956,18.78617987964734],[-98.4214796596984,18.786319830011976],[-98.42137510979796,18.78646904954739],[-98.42121376996857,18.786704749573392],[-98.42103337035476,18.78686812041492],[-98.4208451201274,18.787011369878613],[-98.42070494046317,18.787079909588428],[-98.42049329023493,18.78715470995874],[-98.42018120018906,18.78722314990948],[-98.41991634978183,18.787248780093307],[-98.41970619956166,18.787267749701225],[-98.41958369008707,18.787300769698493],[-98.41938772018482,18.787419860400295],[-98.41912346036617,18.787581230140766],[-98.41899065974441,18.78768986012473],[-98.41888241988077,18.787819059544262],[-98.41878291036126,18.787936429576412],[-98.41848839954501,18.788243049731687],[-98.41834855033557,18.788459320414706],[-98.41829822968378,18.788617820248824],[-98.41822314022963,18.78876373998889],[-98.41815063021448,18.78896962005946],[-98.41812718013283,18.789064860294637],[-98.41809877986584,18.789187949933346],[-98.41809574979936,18.78930365955873],[-98.4180877795642,18.789447199826647],[-98.41793837982298,18.789809580436213],[-98.41777045029005,18.789977280211662],[-98.41761907978352,18.790153320383148],[-98.41747365024716,18.790261629962533],[-98.41738207999838,18.790395200105767],[-98.41718520042186,18.79054621963707],[-98.41698132002452,18.79064513966749],[-98.41681215042962,18.790700999935332],[-98.41662230956506,18.79074439978269],[-98.41641421959008,18.790843229760828],[-98.41616331031135,18.790977000142068],[-98.41598290953873,18.79114039960558],[-98.41579408046215,18.79130357017398],[-98.41568864977357,18.791426550149502],[-98.41566253955101,18.791523980129547],[-98.41565117962791,18.791621770346424],[-98.41566013961095,18.791728450014304],[-98.41572894019608,18.791909369972647],[-98.41588925004216,18.792193379977352],[-98.4159410300706,18.79235147961122],[-98.41605106039916,18.792530599987472],[-98.41608629010021,18.79264631982834],[-98.41609725024935,18.792789479974847],[-98.41607380029846,18.792898150309423],[-98.41605283013222,18.79302373995234],[-98.41586811018536,18.793343379799094],[-98.41574054006698,18.793606540093755],[-98.41560179955344,18.79373490988281],[-98.41543908972338,18.793879510313914],[-98.4152174199757,18.794028319615403],[-98.41506722995088,18.79414521966154],[-98.414946580144,18.79425718026004],[-98.41483890990779,18.79443394969757],[-98.41481325026511,18.794514570216318],[-98.41478270978976,18.794616489941404],[-98.41474614952958,18.79477534033668],[-98.41470190964048,18.794891940417074],[-98.41463306012315,18.795047200095294],[-98.41456550986915,18.795154850226385],[-98.41435211006423,18.79552922038228],[-98.41406052036987,18.796023999556176],[-98.4139092596494,18.796335769753735],[-98.41362720005826,18.79709134964134],[-98.41339976961434,18.797643399987276],[-98.41306193981845,18.79796847975088],[-98.41278160006958,18.79841668974104],[-98.41263982880483,18.798950549864276],[-98.41246657969138,18.799427019603222],[-98.41211070979861,18.80004275020985],[-98.41191276993206,18.80024911007272],[-98.41175377961328,18.80069795027232],[-98.41119641984727,18.80144168044124],[-98.41079577006292,18.80186632021435],[-98.41037915007203,18.802322650340518],[-98.41003148966503,18.802588019593507],[-98.40971225955897,18.802985860208747],[-98.40946005027746,18.80326365992626],[-98.40931666032158,18.80345285034515],[-98.40926717981733,18.80371519990371],[-98.40920626033163,18.80400767965753],[-98.40924881978793,18.804414119884164],[-98.40929757989532,18.80457379967767],[-98.40867876980248,18.803998220330936],[-98.4067269400403,18.801401750090445],[-98.40632134006968,18.79994868982048],[-98.40621939971321,18.799574420378093],[-98.40543746032407,18.79916194990486],[-98.40508925014663,18.798795020137575],[-98.4048454200111,18.798561450108547],[-98.40481152023875,18.798262019805364],[-98.40488234997537,18.797996200395776],[-98.40474408008922,18.797563420245222],[-98.40421080031719,18.79683724981369],[-98.4040304902089,18.79605412041787],[-98.40386565960961,18.794915849600564],[-98.403806149839,18.794217850371187],[-98.40379040011439,18.79372557985083],[-98.40361186026871,18.793420720101537],[-98.40346577093946,18.79275858777544],[-98.40326256807464,18.79269241803671],[-98.40272469292246,18.792330370498913],[-98.40211693016805,18.79131749691493]],[[-98.35339285362133,18.82058830817357],[-98.35117197685793,18.81679668557762],[-98.35555647521713,18.81281287498409],[-98.35795854634053,18.817083222657114],[-98.35339285362133,18.82058830817357]],[[-98.39678138406501,18.833430880633202],[-98.39659990813057,18.830779059293352],[-98.39887614363592,18.830352794834447],[-98.39920568132834,18.832165823833275],[-98.40125586166494,18.830771355006014],[-98.40339680099311,18.830702761171747],[-98.40333961013798,18.832867452295716],[-98.40254060312321,18.83453288027355],[-98.39861359326855,18.835520977227073],[-98.39678138406501,18.833430880633202]],[[-98.3722900355242,18.841139537732627],[-98.37302777782304,18.83706590148755],[-98.37749098720136,18.839581401139224],[-98.37481569233402,18.84553343300122],[-98.37058141320496,18.84386578331819],[-98.3722900355242,18.841139537732627]],[[-98.39793108798305,18.866072517369926],[-98.39974295341801,18.86419068641889],[-98.40404363141366,18.868145956186034],[-98.40602443882634,18.869397339063774],[-98.40872509994134,18.871989987185078],[-98.40972290414105,18.872775063494267],[-98.40726205405443,18.874963623634972],[-98.40562993999607,18.874803870410066],[-98.4027875992199,18.87280949923954],[-98.39841043039117,18.87174081891789],[-98.39793108798305,18.866072517369926]],[[-98.40172493006102,18.90533012851446],[-98.4014910739208,18.9053239279474],[-98.40125539539787,18.9053273638572],[-98.40101821761054,18.90533853831329],[-98.4007798655202,18.90535555614829],[-98.4005406661227,18.905376517716423],[-98.40030094540454,18.90539952606654],[-98.40006102651265,18.90542268418134],[-98.39982123550824,18.905444093303093],[-98.39958189837071,18.905461858296686],[-98.39934334121216,18.905474079502987],[-98.39910382420932,18.90548083942499],[-98.39885538441074,18.905484977366108],[-98.39861796725755,18.905456914525004],[-98.39841030824775,18.905366734449835],[-98.39820439807103,18.90523550502535],[-98.39801346291787,18.90507626700613],[-98.39786295006778,18.9048946167204],[-98.39777569241858,18.904696009268303],[-98.39772974961751,18.90448338184709],[-98.3977083258719,18.904259743863133],[-98.39770465332785,18.9040286216162],[-98.39771196794904,18.903793542389526],[-98.39772350474468,18.90355803524751],[-98.39773249981761,18.903325625653334],[-98.39773352644153,18.90309709500317],[-98.39773096383118,18.902866031340018],[-98.39773240984408,18.90263459080801],[-98.3977453565697,18.902405762094844],[-98.39777729319647,18.902182533812006],[-98.39783523265606,18.90196693669181],[-98.39791602680509,18.901746680892604],[-98.3980184531915,18.901527841706013],[-98.39814425145839,18.901324436834734],[-98.39829515930356,18.901150487526362],[-98.39847255018724,18.901017413217062],[-98.39867227150377,18.90090681900571],[-98.3988890512054,18.900811645497626],[-98.39911825934729,18.900731441398303],[-98.39935526780825,18.90066575910439],[-98.39959544377169,18.900614149116926],[-98.39983415635372,18.900576161107086],[-98.40006818680185,18.900551201904804],[-98.40030275728917,18.900537477091515],[-98.40053876089435,18.900533130447297],[-98.4007759427248,18.900536390630233],[-98.40101404887483,18.90054548451261],[-98.40125282533103,18.90055864258909],[-98.40149201821097,18.900574089924906],[-98.4017313744752,18.900590055230115],[-98.40197063819494,18.9006047680533],[-98.4022095554263,18.90061645436936],[-98.40244787306848,18.900623343797914],[-98.40268685538581,18.900628447247776],[-98.40292757357489,18.900634122515495],[-98.4031658826065,18.90062624740371],[-98.40339760143598,18.900590365580513],[-98.40362937893843,18.90053188534374],[-98.40386007118174,18.90045712666182],[-98.40407996553857,18.900362211298624],[-98.40427934651329,18.900243261913452],[-98.40445039126124,18.900093406799794],[-98.40459933581892,18.89991552472916],[-98.40473847564897,18.899724823645546],[-98.40488012380646,18.899536602420927],[-98.40503658854152,18.89936616156253],[-98.40521738157996,18.899221569664245],[-98.40541823634028,18.89909291592262],[-98.4056340896029,18.89898709602359],[-98.40586018344138,18.8989123878316],[-98.40609115425653,18.89886570708102],[-98.40632312065787,18.898822805732355],[-98.40655588768509,18.89878223451417],[-98.40678938113848,18.89874377609221],[-98.40722218815469,18.900305703623417],[-98.40681933749323,18.901258946640862],[-98.40717773115853,18.90198982068758],[-98.40878160764932,18.90323222697067],[-98.40800130201073,18.90417638089096],[-98.40662682639567,18.90378209978858],[-98.404604201715,18.904094389278086],[-98.4034464344228,18.906039731311672],[-98.40326047154883,18.905902756349693],[-98.4030635198227,18.90577400544552],[-98.40285539988486,18.90565284569756],[-98.40263837970184,18.905544466662047],[-98.40241473297327,18.90545405532469],[-98.40218672852673,18.905386801284312],[-98.40195663503025,18.905347862449734],[-98.40172493006102,18.90533012851446]],[[-98.44478788457783,18.912625548701858],[-98.44930311453967,18.905648951465388],[-98.45418531764629,18.90761637530528],[-98.45586429029356,18.908293457415517],[-98.45241929057262,18.916308236727946],[-98.44913496359074,18.91472495657482],[-98.44478788457783,18.912625548701858]],[[-98.39546402163123,18.911697719025643],[-98.39727971246822,18.909695277858788],[-98.40062286313255,18.91182251369305],[-98.39948577415433,18.916730485648806],[-98.39785635336246,18.91645032068093],[-98.39535250509552,18.91590821543749],[-98.39466126747614,18.913483930302398],[-98.39546402163123,18.911697719025643]],[[-98.40061869473472,18.81679726423268],[-98.40202405722583,18.815988932475584],[-98.40500999259588,18.817264376043223],[-98.40408218003678,18.81904692546062],[-98.40227415371427,18.820808210531794],[-98.39957145050683,18.818336233988916],[-98.40061869473472,18.81679726423268]],[[-98.38813559465606,18.8178185229497],[-98.38489833068475,18.816536630541776],[-98.38297713096786,18.81781359515593],[-98.37964935512021,18.815205757898838],[-98.3765932926495,18.81657535806109],[-98.37527421878134,18.814136643772276],[-98.37883957162023,18.812538818623008],[-98.381725047347,18.81284964429241],[-98.38442613180632,18.810629047048973],[-98.3868801321131,18.812974865967377],[-98.38569106414093,18.81511192206432],[-98.3930457688486,18.81769692509434],[-98.39136335633819,18.819461115129634],[-98.38813559465606,18.8178185229497]],[[-98.408733683769,18.809653249031008],[-98.41063550519611,18.80909749099942],[-98.40979550209761,18.812326059799044],[-98.41228799731431,18.813228451612687],[-98.41230598954726,18.81732007576907],[-98.40782065676699,18.81564761366575],[-98.40837119047804,18.813855964250877],[-98.40738117602248,18.81323043095918],[-98.408733683769,18.809653249031008]],[[-98.44200282863626,18.81079683571044],[-98.44365627487996,18.807691037740977],[-98.44585255889722,18.80789265150234],[-98.44783575968707,18.804195589884905],[-98.45391804439991,18.806136010491965],[-98.45583496896822,18.80498311162491],[-98.4599888632696,18.80852518069794],[-98.45739281486424,18.81160897776939],[-98.4527596504021,18.808355042810962],[-98.44894656013828,18.815902698750044],[-98.44880236650859,18.816363169661315],[-98.4440541191046,18.815778149001364],[-98.44200282863626,18.81079683571044]],[[-98.45844106057146,18.862561578829524],[-98.462135610793,18.860844162579486],[-98.46332466038832,18.863520132629407],[-98.46389108072144,18.865940626701683],[-98.4593346841502,18.86691551074613],[-98.45844106057146,18.862561578829524]],[[-98.43955391951738,18.795353346711984],[-98.44258369170349,18.790131822867444],[-98.44957038291516,18.792344030481555],[-98.45001995046702,18.794400152443217],[-98.45060779039261,18.795978312333293],[-98.45036258465952,18.800761384148],[-98.44861222139772,18.80014190735037],[-98.43955391951738,18.795353346711984]]],[[[-98.48234523656782,18.735724181528397],[-98.48098190957778,18.734594719758636],[-98.48097751485581,18.73461054672646],[-98.4809206283019,18.73481542289744],[-98.48089579866682,18.73490484819678],[-98.48082361968568,18.73516480036981],[-98.4807660001108,18.735156120240628],[-98.47938008036078,18.73494665971229],[-98.47906017011631,18.735838149845485],[-98.4790081204448,18.735962720383924],[-98.47845336959244,18.73750854018654],[-98.47959568008919,18.73769860017465],[-98.47965528032408,18.737706879761685],[-98.47958697038794,18.737937260075064],[-98.47954724983704,18.738084579904694],[-98.4795345699835,18.738205180300383],[-98.47948816986634,18.73851885987246],[-98.47946223022683,18.73868932021239],[-98.47949617033777,18.73885889028955],[-98.4795702200057,18.739119000206184],[-98.47962318001565,18.7394096199235],[-98.47976722986341,18.73987252032551],[-98.47974268040656,18.7400818004171],[-98.47956753955526,18.740482850151086],[-98.47955719966745,18.740524849753633],[-98.47954256974474,18.740584279820315],[-98.47940281774538,18.74094570975882],[-98.47921663027638,18.741427229936036],[-98.47917842954428,18.7414273495984],[-98.47775828963215,18.74135563026147],[-98.4777126500234,18.741353630412743],[-98.4780086803326,18.741979489791113],[-98.47802175029778,18.74240777022328],[-98.4779431400453,18.742650079595645],[-98.47786444977937,18.742895260353617],[-98.47783092033981,18.743105799664516],[-98.4777790898126,18.743295080160415],[-98.47770652043886,18.743650540083323],[-98.47764990979222,18.743811020095023],[-98.47756749021342,18.743967080251085],[-98.47746982984758,18.74446374976114],[-98.47742099977525,18.744603350428516],[-98.47739308999735,18.744866950354837],[-98.47738357045557,18.745119489694858],[-98.477333110413,18.74532224966552],[-98.47723422024123,18.745532490419517],[-98.47719670987063,18.74578797974006],[-98.47706850967953,18.746093629617402],[-98.47688394983449,18.746665429606423],[-98.47683201966815,18.746650059802587],[-98.47644765031879,18.74648482024268],[-98.47640607959188,18.746566449917104],[-98.47644608021626,18.747555020031037],[-98.47604032022342,18.74852522961298],[-98.47654782047168,18.74965039977544],[-98.47662394010887,18.7496950602168],[-98.47661880019385,18.749840309807915],[-98.47580817016583,18.750470570012617],[-98.4752174001534,18.750377169622027],[-98.47437647980837,18.75056578012533],[-98.47373402963775,18.751827169947813],[-98.47367328102952,18.75194714452469],[-98.47506660577037,18.75156418396885],[-98.47749050243999,18.751188516226257],[-98.4817696498765,18.751358977741457],[-98.48253592213415,18.751203459704655],[-98.48294743170214,18.75072701678179],[-98.48314216543369,18.75021072513135],[-98.48343033261614,18.746050432873055],[-98.48398676531153,18.742390268383755],[-98.48119671200624,18.74188949001766],[-98.48234523656782,18.735724181528397]]],[[[-98.35702524147085,18.993106337124757],[-98.36816951999947,18.9965095795598],[-98.36925220040581,18.99681407976934],[-98.3693166204426,18.996789509877814],[-98.369493451522,18.996742064686867],[-98.3695197928607,18.996623021510175],[-98.3690926809286,18.994830344941732],[-98.3679405614908,18.993443662181043],[-98.36793907179313,18.992982825491186],[-98.36962792504403,18.991763100641148],[-98.37107528067729,18.991470958826756],[-98.37367377571961,18.991468986379527],[-98.37512264935218,18.991120065459928],[-98.37632885664499,18.99007561148785],[-98.3775959609604,18.989494468895142],[-98.37729005560917,18.988049598128573],[-98.37650284741349,18.98758822122421],[-98.37487062721691,18.987418915088988],[-98.37354287270912,18.987246151914377],[-98.37221203470905,18.986844089183826],[-98.37287370016232,18.98562744901043],[-98.37244832529389,18.984297928274],[-98.37147797734828,18.983838142365215],[-98.3697295686925,18.98488285377401],[-98.36834171954094,18.985175197697497],[-98.36731174821763,18.98361419542056],[-98.36700698319856,18.98292072080146],[-98.36688263152844,18.98182156696764],[-98.36675783476834,18.980030053196195],[-98.36627395561295,18.97945170376955],[-98.36506429707248,18.97905003983991],[-98.36488168713255,18.978314159154806],[-98.36469391964725,18.97851791021762],[-98.36466240037541,18.978517140033606],[-98.36444453992219,18.978511859867314],[-98.36420587949219,18.97840245986628],[-98.36405897915328,18.978340150682204],[-98.36393221944265,18.978370401318188],[-98.36359704996535,18.97843882023462],[-98.36334468896074,18.978424850884778],[-98.36316288998363,18.978325080371835],[-98.36300654968623,18.978235451316685],[-98.36297243007917,18.97823597040972],[-98.3628012902409,18.978327519842377],[-98.36262602931573,18.978400000100276],[-98.36240313946104,18.978383450476993],[-98.362202170314,18.978238280548503],[-98.3620510606551,18.97822231246532],[-98.36201548948604,18.97824876959468],[-98.36195831978368,18.97842232035979],[-98.36191952008738,18.978596819995886],[-98.36174027995185,18.9786667412182],[-98.36161741886261,18.978707720113526],[-98.36158013926854,18.978761881000505],[-98.36157642891733,18.978901060334458],[-98.36157857933487,18.979026770405817],[-98.361539829265,18.97921095082332],[-98.36139095010888,18.97923226127803],[-98.36135811988835,18.979240581216192],[-98.36132104934184,18.979351539891073],[-98.3612205093324,18.979537310189208],[-98.36097664981189,18.97965095044881],[-98.36064031955696,18.979625510660426],[-98.3602550599823,18.979551260806726],[-98.35998505941329,18.979588460547703],[-98.35979405960761,18.97957418088247],[-98.35967228032484,18.979482230669934],[-98.35961810862729,18.97950648982488],[-98.35958702041742,18.979520420409713],[-98.35943381988338,18.979589031324412],[-98.35928968020028,18.97957943003714],[-98.35912185960983,18.9796259406859],[-98.35891510881639,18.979527279552908],[-98.35878693856483,18.979504200965067],[-98.35849922951964,18.979514719718193],[-98.3583199786273,18.979501399584574],[-98.35816156931067,18.97932763032954],[-98.3579487503545,18.979267280354385],[-98.35790442983276,18.979188245897408],[-98.35784650815893,18.979084952046342],[-98.35781325971088,18.979025660146544],[-98.35777823006472,18.978963220973576],[-98.3577697902563,18.978948170722152],[-98.35774368935748,18.978901620620626],[-98.35770136598173,18.97882614261577],[-98.35763792040338,18.978713001281474],[-98.35759101890865,18.97851034046197],[-98.35745875027568,18.978363800680576],[-98.3573933399157,18.9782211701438],[-98.35725648870505,18.97810234970039],[-98.35709985885008,18.977998540519376],[-98.35704150862541,18.97795985959457],[-98.356767579497,18.97785139965913],[-98.35659247983402,18.977835460344075],[-98.3565574287744,18.977834921028002],[-98.35645874865784,18.977833430523706],[-98.35633180037875,18.97788680108037],[-98.35609747897709,18.97794409030763],[-98.35603852007729,18.977938400319147],[-98.35594704916771,18.9779295800135],[-98.3559012498117,18.97802515022447],[-98.35580357906858,18.978049169681306],[-98.35572259869178,18.978069079863563],[-98.35556309005062,18.978004569755022],[-98.35546687965237,18.977870150339847],[-98.35550544937311,18.97775702108189],[-98.35535762869338,18.97776660090171],[-98.35522908870611,18.977735490269797],[-98.35495773984461,18.97765254098003],[-98.35478087969626,18.97769636967212],[-98.3546290903342,18.977711371011573],[-98.35459314928468,18.977714920295746],[-98.35445805866979,18.977585480282734],[-98.35440011892466,18.97762218102135],[-98.35417787879972,18.977679719614923],[-98.3540988800913,18.977680060545065],[-98.35407370878632,18.97768015094848],[-98.3539571400474,18.977597079653332],[-98.35391705875733,18.977583970344472],[-98.35388896974308,18.977583290846702],[-98.3537015393189,18.977581001213693],[-98.35353437881379,18.977568139946893],[-98.35311352039272,18.977535770390205],[-98.35275491012648,18.977479650077576],[-98.35249133924943,18.97743839980187],[-98.35180987949006,18.97731138115431],[-98.3516710599819,18.97731214969059],[-98.3515463789869,18.97749485974215],[-98.3514007213737,18.97757329005894],[-98.35128049007953,18.97764152035344],[-98.35110218009756,18.977631719871543],[-98.35073394036763,18.977648489809965],[-98.3505527790481,18.977654230446785],[-98.3501880297101,18.977602460876636],[-98.34995451902904,18.977621250420206],[-98.34979865953184,18.977736740859267],[-98.34974522965301,18.977779491212434],[-98.34963304873479,18.977869279750266],[-98.34939803005113,18.978005450907492],[-98.348965368691,18.978008280966105],[-98.3487356302638,18.9780027102678],[-98.34869928916056,18.978025250652102],[-98.34846134873553,18.978172849856247],[-98.34825147966664,18.978276461272657],[-98.34817167958275,18.978284171144512],[-98.34800476941123,18.97830027960134],[-98.34785071991324,18.97846849066061],[-98.34777274041863,18.978562681012725],[-98.34767945870621,18.97873144956821],[-98.34759769635474,18.978952688576992],[-98.347585120369,18.978986719704768],[-98.34754741960755,18.979022719944062],[-98.34734266058943,18.979218251357533],[-98.3472719491057,18.979285771093256],[-98.34681377960901,18.979723260071985],[-98.34674064954021,18.979793110539706],[-98.34651430929172,18.98000923078415],[-98.34641344994296,18.980118620044568],[-98.34639290951878,18.980140890777754],[-98.34621577909046,18.980333000064142],[-98.34584707916228,18.980732890249833],[-98.34570173949233,18.98089054073064],[-98.34551344946699,18.981094739665053],[-98.34546725015466,18.98114485988667],[-98.3453208786973,18.981303601055515],[-98.34504533886196,18.981602450855625],[-98.34498537886303,18.981667480422228],[-98.34440280033472,18.982299309761267],[-98.3445010488598,18.982436200614902],[-98.34459085034013,18.98256085092303],[-98.3446088898992,18.982585879644056],[-98.34469610981087,18.982673200009156],[-98.3447401491251,18.982717290888665],[-98.34491937025838,18.982906750680705],[-98.34509164977129,18.98305672025901],[-98.34515109175838,18.98309477130915],[-98.34524050874522,18.983152000744465],[-98.34538857858763,18.98324162955689],[-98.34540588889378,18.983252091209465],[-98.34549299148233,18.98330736034826],[-98.34553692856603,18.983335238861002],[-98.34556045874925,18.983350171164403],[-98.34572767936085,18.983456289771233],[-98.34586037041011,18.9835446304104],[-98.34595447984152,18.983607281317266],[-98.34607018035501,18.983684320091395],[-98.34614587977869,18.983734980793088],[-98.34634796891608,18.98387023101376],[-98.34656646026413,18.984016451302306],[-98.34659764936626,18.984037311100053],[-98.34665110881005,18.9840730806485],[-98.34673439960301,18.984131061137525],[-98.34676594971087,18.98415302026226],[-98.34692820029052,18.98426595030307],[-98.34697549014149,18.984298859993935],[-98.3471444921693,18.98450256379149],[-98.3471619193331,18.98452357095506],[-98.34730639917221,18.984689049725358],[-98.34731764994937,18.984703000298296],[-98.34750822861449,18.984939281007186],[-98.34752414987634,18.984953980632213],[-98.34776625952304,18.98517755102773],[-98.34794245043507,18.98532398005227],[-98.34805884975995,18.98541328107056],[-98.34825467859451,18.98556350992756],[-98.34835934977924,18.985666090397217],[-98.3484650600502,18.985789120495397],[-98.34855122975964,18.985973890976435],[-98.34860913995593,18.98609806021031],[-98.34873689290048,18.986314482934016],[-98.34875191896882,18.98633994098072],[-98.3487680654597,18.98636729110304],[-98.35565460828288,18.98318331720871],[-98.36105614867664,18.98846663802771],[-98.35912625541474,18.989977869858677],[-98.35717277355363,18.987653835800646],[-98.35588829500657,18.98858145510294],[-98.35882012783844,18.992007649400527],[-98.35702524147085,18.993106337124757]]],[[[-98.367523873774,18.974758076464262],[-98.36750321961814,18.975180659983074],[-98.3672652803396,18.9757178002544],[-98.36726838226632,18.97621838929413],[-98.36726856971119,18.976248569970476],[-98.3669382801765,18.976366150531554],[-98.36666919931275,18.976401309762256],[-98.36656547991129,18.97640974981301],[-98.36640219884639,18.976596780115653],[-98.36623556921745,18.976673950724575],[-98.36606142958213,18.976669750454104],[-98.36597573905875,18.976630171156575],[-98.365954429358,18.97663657050735],[-98.36587407859258,18.976682260680615],[-98.36580504908359,18.976757311194213],[-98.36563211982218,18.976907520617335],[-98.36559503037806,18.976941829716164],[-98.36558966010261,18.977071421453125],[-98.36546191005789,18.977132110036518],[-98.36525031002283,18.977214419941603],[-98.36507675059063,18.977250450574125],[-98.36493196894176,18.977360281321495],[-98.36490997970948,18.97742669048382],[-98.36492531892276,18.977641920844725],[-98.36493334967592,18.977727230072176],[-98.36503829006597,18.977801859979593],[-98.36514314031034,18.97790681967663],[-98.36514322911748,18.977932728643673],[-98.36566418081789,18.977717454308873],[-98.36699503821274,18.97794703148861],[-98.36814146774113,18.978291701161563],[-98.36941300292442,18.97852104488467],[-98.37080134056588,18.978632761665253],[-98.37231124835412,18.97822507066178],[-98.37309326506266,18.977008888331255],[-98.37163700852416,18.97510363511292],[-98.3727199824002,18.972903371483998],[-98.37223365025677,18.97180521129145],[-98.37090300153656,18.971403160125487],[-98.37005769330965,18.971520412502468],[-98.36963922436158,18.972908131063637],[-98.36921834254625,18.97429811454778],[-98.367523873774,18.974758076464262]]]]},"properties":{"CLAVE":"RAS","DESCRIPCIO":"AGRICULTURA DE RIEGO ANUAL Y SEMIPERMANENTE"}},
{"type":"Feature","geometry":{"type":"Polygon","coordinates":[[[-98.42411691665487,19.00125014941827],[-98.42401953960425,19.00157295038775],[-98.42396833988457,19.00172264980407],[-98.42360170999525,19.00300163038199],[-98.42344965010373,19.003522060057648],[-98.4234350500817,19.003580680621067],[-98.4233102202144,19.004009201332266],[-98.42318885997719,19.004372750290635],[-98.42296782013175,19.00507526043349],[-98.42282818029682,19.005529940345845],[-98.42279117042679,19.005743830077726],[-98.42262434019456,19.0059885101796],[-98.42243015322897,19.00658193403846],[-98.4227941084346,19.006926363767477],[-98.42274183143053,19.008488085178932],[-98.42365282055832,19.009353795115313],[-98.42516947028206,19.010101192489085],[-98.4261913176462,19.00882645246267],[-98.42612409078609,19.007380111389306],[-98.4266039121852,19.006859554662704],[-98.42769574776057,19.007146940030466],[-98.42842545096543,19.00789624403465],[-98.4293387465023,19.008936740567226],[-98.43048357165198,19.008007454424035],[-98.43029731262467,19.007139625055327],[-98.43089354766211,19.005577421586064],[-98.43161146089598,19.00407237506168],[-98.43160318360906,19.0025672212503],[-98.43027179986566,19.002340370840326],[-98.42839528784786,19.00217073869276],[-98.42718374117526,19.00199874641522],[-98.4263386311768,19.00275191735472],[-98.42411691665487,19.00125014941827]]]},"properties":{"CLAVE":"RAS","DESCRIPCIO":"AGRICULTURA DE RIEGO ANUAL Y SEMIPERMANENTE"}},
{"type":"Feature","geometry":{"type":"MultiPolygon","coordinates":[[[[-98.47367328102952,18.75194714452469],[-98.47269391961032,18.753881290224605],[-98.47265616962575,18.75394851985275],[-98.47218919994543,18.75420242035646],[-98.47169437981408,18.754291229759225],[-98.47144338693641,18.75431134815647],[-98.4717766852712,18.759660718001143],[-98.47173707108472,18.76120089777362],[-98.47114606118645,18.76239298970401],[-98.46775085012283,18.766399840931395],[-98.46288283965173,18.773186030473422],[-98.46179130284513,18.77476830266716],[-98.46177403232171,18.77543798109335],[-98.46211197936232,18.775915083378873],[-98.46375764012109,18.777294384921696],[-98.466495871273,18.779771788571818],[-98.46725045450584,18.780392796015054],[-98.46781053233447,18.780406089249475],[-98.47252701176964,18.779512791747774],[-98.47689166653673,18.77867803416617],[-98.47849499456167,18.7789840163261],[-98.47889785865274,18.779663651533426],[-98.47902069102082,18.780336668159766],[-98.47940420799209,18.7845004248963],[-98.47998025595575,18.789447748744674],[-98.48206179581403,18.790114807618373],[-98.48459255489999,18.787983295508607],[-98.48675449645104,18.787071830549564],[-98.4845879170372,18.783290976328594],[-98.4851559336499,18.780777853918966],[-98.48742795436603,18.78047056064425],[-98.48933694837413,18.78448587788434],[-98.49090300180913,18.787169695483907],[-98.49343148285008,18.79156061791053],[-98.49421551831819,18.79530890452367],[-98.4939876185612,18.799274050191702],[-98.49008997679321,18.79833785990165],[-98.48993155592294,18.802975500096228],[-98.48989756579674,18.80430408016753],[-98.49096374178666,18.807508211769925],[-98.49154107731836,18.80856223003835],[-98.49168976129032,18.809837345299837],[-98.492293235934,18.81696115808113],[-98.4919336522502,18.819206981671208],[-98.49154911107836,18.820064962175245],[-98.49099371211162,18.82051429111132],[-98.49008478607922,18.82060846698242],[-98.48852182880991,18.82028258374619],[-98.4879782486726,18.820269758216433],[-98.48725051693557,18.820368191774207],[-98.4868218146969,18.82058928420387],[-98.48537939468437,18.822636151357322],[-98.4847120483692,18.822735998978843],[-98.48380606335603,18.822714597453196],[-98.48326987340924,18.82241291095695],[-98.48280593104585,18.821650497712326],[-98.48187806621473,18.820125684703385],[-98.48157788846731,18.81769087060489],[-98.48129812420677,18.816817219198366],[-98.48071342142323,18.816051966072095],[-98.48023469829994,18.81586723521],[-98.47909606871336,18.815493489027002],[-98.47873814078734,18.815311616873142],[-98.47844950439377,18.814784570894513],[-98.47762067983913,18.81175927559945],[-98.4769436234185,18.809972324426035],[-98.47347220797643,18.806850897931845],[-98.47235499968295,18.80606283251954],[-98.47150522244571,18.805933889687758],[-98.47076352722641,18.806025102011922],[-98.47024219321467,18.80639353252583],[-98.46983162283476,18.807650070132116],[-98.46913097197145,18.809794346253717],[-98.46806027698877,18.811618545268757],[-98.46701755148337,18.8123554004515],[-98.46541760153625,18.812643814892084],[-98.46285975891877,18.812583046452293],[-98.46177978048972,18.81255737475315],[-98.46085910589869,18.812970688366015],[-98.4604984290479,18.813723721435984],[-98.46048160337533,18.81437613120111],[-98.4612128981439,18.816895977885263],[-98.46235333907218,18.818990355931373],[-98.46249443907215,18.820136153067796],[-98.46240536483748,18.82138528806012],[-98.4620334588294,18.82257330456163],[-98.46190295158321,18.823223033653292],[-98.46206087171093,18.823716415472994],[-98.46228124769688,18.823993668935863],[-98.46345819255194,18.824674476144413],[-98.46502747048724,18.82558221054763],[-98.46534754241452,18.82640586291383],[-98.46538198495148,18.82727713775665],[-98.46473591359293,18.83248460002584],[-98.46464825194495,18.83367942702419],[-98.46486584486351,18.834065431365495],[-98.46513889160254,18.834507158389915],[-98.46570039006276,18.83479252014293],[-98.46654894153001,18.8349758852904],[-98.4711896800985,18.835902071341053],[-98.47225446511568,18.836525777407154],[-98.47325821625161,18.837311244642542],[-98.47452388877451,18.838973409053537],[-98.47503375220784,18.84127055306357],[-98.47516140460323,18.84362679462954],[-98.47924191342325,18.84572797391626],[-98.4823860421295,18.847721111848653],[-98.48472790337271,18.849126715072266],[-98.48482474598106,18.84969753857164],[-98.48440719672875,18.850043013870998],[-98.48056709208242,18.850556326179223],[-98.47772406669381,18.85130634839653],[-98.47516371625777,18.84993860883106],[-98.47345975262186,18.853052614499493],[-98.47211164763921,18.855737769784877],[-98.47368498108102,18.856050241500093],[-98.47695266743737,18.856615228014903],[-98.47917490263352,18.85694209039604],[-98.48015512190871,18.8572395514521],[-98.48100483467982,18.857655821101666],[-98.48131002802138,18.858181114156615],[-98.48140852842963,18.859311024867836],[-98.48142989383034,18.862206699403956],[-98.48125815952226,18.862690250978115],[-98.48102741520789,18.862989550991706],[-98.480340640767,18.863674254787515],[-98.47956612768608,18.864052121760018],[-98.47758605818672,18.864218602736113],[-98.47611340979684,18.864296850683292],[-98.4760765711004,18.86515651225267],[-98.47603201453036,18.866123528467693],[-98.4764059304964,18.8664991869221],[-98.47703069471632,18.867064184682103],[-98.48066309336166,18.866263678257067],[-98.48137101120199,18.868572956267084],[-98.48130555628751,18.868632542606377],[-98.47815834837618,18.87045328496188],[-98.47780989455437,18.87157604115623],[-98.4778780980599,18.873900812690596],[-98.47764154256161,18.876890893741287],[-98.4735788690149,18.877008663595902],[-98.47086525909369,18.87562990642306],[-98.46947750238802,18.87567293885115],[-98.46851395842728,18.8756741641138],[-98.46864672909037,18.877279492382765],[-98.46856300628028,18.877971054583753],[-98.46838026767868,18.878239935599478],[-98.4674961778306,18.879214188673625],[-98.4688457993529,18.880178772019512],[-98.47129054314165,18.881927147725882],[-98.47147675542442,18.88243154047835],[-98.47146329915395,18.882955007112205],[-98.47115309054209,18.883400014156553],[-98.46893630656447,18.88537117078875],[-98.46845925143346,18.8855265123058],[-98.46806051679837,18.885540859576015],[-98.46622164888416,18.885401973397443],[-98.46564812299972,18.885435971908848],[-98.46378719274387,18.886153648803525],[-98.46235170597004,18.886786181528652],[-98.46179692452594,18.887058698782116],[-98.46132230868848,18.887118842051915],[-98.45811056651658,18.887113867956952],[-98.45457780697706,18.887005942520815],[-98.45399487118034,18.88919950665419],[-98.45332015950282,18.891699482567976],[-98.45288964855263,18.89212679838793],[-98.45184371734172,18.892758234912943],[-98.45149413035642,18.89300515301302],[-98.45087022900606,18.893537251218934],[-98.45011922000342,18.8960354355681],[-98.44960963626158,18.896570261013856],[-98.44899890876562,18.896592155556178],[-98.44823762224631,18.896537525358962],[-98.4472867205613,18.896441897211087],[-98.44687881149068,18.895994575812182],[-98.44684730290726,18.895738565980125],[-98.4472902675282,18.891883846498633],[-98.44738024416317,18.889880439304182],[-98.4469399038802,18.889213568069113],[-98.44626053510106,18.888942096431133],[-98.44557739669041,18.88881638991437],[-98.44286313291754,18.889079719272143],[-98.44079955614345,18.88924916956601],[-98.43984681875642,18.889226382045976],[-98.4391293542279,18.888953966724088],[-98.43861000154962,18.88839457436373],[-98.43803050840731,18.88721385148472],[-98.43761887341951,18.88691228502542],[-98.43712440313004,18.886863983541875],[-98.43528288199185,18.887293920403064],[-98.43481800580372,18.887574498315104],[-98.43469326750485,18.88797261535697],[-98.43458487241705,18.889209807444082],[-98.43438486208385,18.889569661063593],[-98.43392470942716,18.889668027994983],[-98.43285196013647,18.88986110726019],[-98.43208503227955,18.890025045976973],[-98.4314991792566,18.890557969084334],[-98.4314106482996,18.89102988724454],[-98.43173988499544,18.894501949704512],[-98.43240289840809,18.896844093020345],[-98.43247830819138,18.896859955335582],[-98.43413569091128,18.897035894035703],[-98.43480123800839,18.897006433015918],[-98.43633039312506,18.89663440808726],[-98.43876941226131,18.895966311254472],[-98.44086329248512,18.895789375158802],[-98.44190023510116,18.896086600509577],[-98.44222888879355,18.896230671244016],[-98.44263481681064,18.89705766665772],[-98.4427618979481,18.89765097414235],[-98.44324275936948,18.89925165468868],[-98.44347298493685,18.899529591761997],[-98.44384675238567,18.899765551718232],[-98.44460369690262,18.899874447706612],[-98.44673920731499,18.89992544821219],[-98.4519593538708,18.900049988694057],[-98.45542965917707,18.899920354576388],[-98.45770375257594,18.89464889340906],[-98.45789946874133,18.8942244797149],[-98.46338142662708,18.895566350190794],[-98.46353839987931,18.895620557987254],[-98.46503290773589,18.896009419345425],[-98.4648529442663,18.897872887847058],[-98.46294269645688,18.9003010201372],[-98.46193218795459,18.901614730328575],[-98.46193057537937,18.90164184200798],[-98.46181922764019,18.90357808738757],[-98.46201067730632,18.906481213566966],[-98.46232457533134,18.90701747264486],[-98.46258665009363,18.90718038212192],[-98.46287171704098,18.907245914010492],[-98.46354924317642,18.90718367401802],[-98.46436355907838,18.90717677872174],[-98.46910211814563,18.90657265267294],[-98.47216666758365,18.905777208308447],[-98.47291126420322,18.905896987550513],[-98.47338506234895,18.906163544333474],[-98.47363881614723,18.906680213894003],[-98.47362046166512,18.907394703299246],[-98.47316200734042,18.908609425408276],[-98.472325993428,18.909968404462802],[-98.47204338160708,18.910574504314056],[-98.47180234168226,18.91164119131139],[-98.47219090806209,18.915225102747772],[-98.47304585248953,18.91728807578928],[-98.47330487063046,18.917600624755828],[-98.47382946556475,18.91797052902938],[-98.47421880518107,18.91801369115779],[-98.47426412106721,18.91201390747295],[-98.48419815186837,18.913092729237178],[-98.48333926890811,18.917051018580878],[-98.48534637856073,18.91746009789927],[-98.48447816391291,18.92177994252787],[-98.47879737205143,18.922007412617216],[-98.4767393684735,18.920605875721566],[-98.47669448068874,18.920796071723657],[-98.47641579614083,18.921249092101544],[-98.47619704457425,18.921448188540705],[-98.4754913297919,18.92189109689237],[-98.47500043693276,18.922288021022354],[-98.47498995251922,18.922696324107154],[-98.47515498009821,18.92458979280639],[-98.47545822486767,18.925260876724074],[-98.47576802246246,18.92567676889755],[-98.4762952717391,18.9259446015745],[-98.4768251481345,18.926110355888618],[-98.48018811010277,18.926189927527197],[-98.48173744879672,18.926175490496462],[-98.48232594065368,18.926138332667144],[-98.48254338664228,18.925990262820214],[-98.48265799387673,18.925686554559512],[-98.4825996216337,18.923795607277693],[-98.48282490893862,18.923341308901385],[-98.48330793770455,18.923250585367242],[-98.48394325935618,18.923469871981005],[-98.48457335695569,18.923893310949925],[-98.48466443034593,18.92450829305573],[-98.4847034328509,18.925070975597635],[-98.48522396538644,18.927687824706894],[-98.48566649974009,18.929179308131964],[-98.48565735439412,18.929536582328943],[-98.48554013666293,18.929942375331972],[-98.4854749940856,18.93040047039916],[-98.48520154995119,18.930649365833787],[-98.48389815461283,18.93148678026112],[-98.48345671255913,18.932038128738675],[-98.48312334036738,18.93254095926759],[-98.4830581893189,18.93299905753853],[-98.48268688803945,18.934982060560557],[-98.48267405120995,18.93504245397733],[-98.48267130314242,18.935055383647494],[-98.48262110220094,18.9353767304532],[-98.48185449806951,18.936075623145232],[-98.48177701851897,18.936344500999628],[-98.48176870682703,18.936373343360522],[-98.48161995842308,18.936889541663927],[-98.4816070176689,18.937401404372373],[-98.48182816522646,18.93819153985715],[-98.48156820064054,18.938648588627533],[-98.48048478893014,18.93923078530572],[-98.47952584678131,18.940794262787136],[-98.47868888401165,18.94183814046287],[-98.47850978971479,18.94247315839096],[-98.478935404777,18.94305098649035],[-98.47972562517764,18.94385916732809],[-98.4806343303607,18.944899231038864],[-98.4808802854289,18.945649026163423],[-98.48119459903307,18.947499914685952],[-98.48209686841348,18.946976014915446],[-98.48269860412974,18.946744189079986],[-98.48390594913025,18.94702927248878],[-98.48481623891112,18.947721859967153],[-98.4848281077016,18.949515104352404],[-98.48465503766843,18.950383853746605],[-98.48429617524533,18.951020722077796],[-98.48407113483367,18.95298798064752],[-98.48438704937078,18.954952535982855],[-98.48506214870702,18.956861350952273],[-98.4856216498409,18.959057918016008],[-98.48575433097929,18.96096507904947],[-98.48587854948042,18.96157371488678],[-98.48629596239776,18.96159774303399],[-98.4891500364242,18.963052165349172],[-98.49039706003508,18.96154877643849],[-98.49135011843285,18.95974960586412],[-98.49069702149365,18.95772131959244],[-98.49122511581363,18.95677500869327],[-98.49226157652858,18.955648808722156],[-98.49267664859515,18.9551791664734],[-98.49191793999492,18.95334016049381],[-98.48981828579925,18.95271610834354],[-98.48986018698207,18.95108746253691],[-98.49077375425348,18.950821158466614],[-98.49276530868744,18.95173026106638],[-98.4950737186486,18.95207154614971],[-98.49583984450709,18.953623124777415],[-98.49671651745606,18.95479383062156],[-98.49867374848354,18.957044106203867],[-98.4980277999979,18.9586587302149],[-98.49690789067603,18.9591120063768],[-98.4974702308652,18.960754713619497],[-98.49693478453202,18.961988463554167],[-98.4950265174734,18.96175237386321],[-98.494662895869,18.96414045069269],[-98.49463827958165,18.965098494427096],[-98.49502383583871,18.965778492356417],[-98.49435421202985,18.96712025428298],[-98.49444574983806,18.96729665910282],[-98.49852287062131,18.969435834073465],[-98.50037839457863,18.969086987048787],[-98.50134226603286,18.969089737548966],[-98.50126679067048,18.968964529364438],[-98.50065646328403,18.96780973631878],[-98.5002239934176,18.966133216632635],[-98.50051596858853,18.96557149337152],[-98.49986040955555,18.963805905851792],[-98.50140769735107,18.962403913029085],[-98.5025325308541,18.961758992494286],[-98.50354683831017,18.961494944143325],[-98.50526109151133,18.961438844338662],[-98.50727497192987,18.961485529775565],[-98.5101828467613,18.962032196374608],[-98.51167856771562,18.9626419903292],[-98.51140588038987,18.96148534616854],[-98.50943611997211,18.959714242375142],[-98.50813937452139,18.959204899802277],[-98.5059707609879,18.95733328558716],[-98.50521431531202,18.95539853773143],[-98.50443334453956,18.954421823217515],[-98.50335032142235,18.95343809668144],[-98.5010320408452,18.953480149859786],[-98.49873342639059,18.952755742756455],[-98.49867207689661,18.951220557396553],[-98.49758174275513,18.950524202632174],[-98.4977193163373,18.949089503126974],[-98.49795019409856,18.947944554193338],[-98.50016524073395,18.947996013258074],[-98.50063426115103,18.949348938326388],[-98.50048688788395,18.951166851858872],[-98.50168775509587,18.951482312191988],[-98.5031022787325,18.95132342218471],[-98.50460275854131,18.951741672334176],[-98.50699226297006,18.95285153493844],[-98.50715194338937,18.954484856577597],[-98.5075375319904,18.955164814306848],[-98.50863040565532,18.95576529813684],[-98.50951945735179,18.95645691445467],[-98.51039136498837,18.95781915142587],[-98.51108640515503,18.958218686253634],[-98.51256937625377,18.95730866819287],[-98.51230045969741,18.955573570098363],[-98.51231940714484,18.95470624565664],[-98.51248182397177,18.95349252326447],[-98.51304086272667,18.952506673303187],[-98.51246128987661,18.95117759642353],[-98.51212704546715,18.950715931859794],[-98.51350481403135,18.950653879798324],[-98.51467509060218,18.95070918153107],[-98.5160850970646,18.950994277588702],[-98.51732344048665,18.950355283159322],[-98.51794170916611,18.94931294726663],[-98.51763018952012,18.948388477868868],[-98.5168577894503,18.946539052423145],[-98.51648899559754,18.94445638823021],[-98.5170651666921,18.943400474842285],[-98.51660380356716,18.94263207584748],[-98.51580214125342,18.94199777971251],[-98.51551919626098,18.941171264353855],[-98.51543913911094,18.940349757053067],[-98.51546479455939,18.939428384834528],[-98.51612462237466,18.938726802471965],[-98.51689642985596,18.937822973551],[-98.51723986606075,18.937011501001106],[-98.51725575460306,18.936497717714385],[-98.51725669107269,18.936467442315355],[-98.51725886125877,18.936397259494072],[-98.51717927675391,18.93557577190501],[-98.51710799572159,18.93506077364522],[-98.51710824798724,18.93504760911677],[-98.51710970405698,18.93497162133579],[-98.51743350475762,18.93329804278885],[-98.5177294469826,18.93272216807363],[-98.51792314041866,18.932480132537382],[-98.51844201131783,18.932357779546255],[-98.51898147066952,18.93234798256312],[-98.51949352222273,18.93249444945255],[-98.52095428761199,18.93313381571293],[-98.52227845391393,18.933613069304393],[-98.52344486140458,18.933842058403705],[-98.52379631640588,18.93385026718686],[-98.52485862253505,18.933561260199248],[-98.52563068703954,18.933624116977136],[-98.52588218187222,18.93387655579941],[-98.52596115931611,18.934461198609966],[-98.52596965267351,18.935050403012664],[-98.52596984354058,18.935063654740375],[-98.52613863482321,18.935686055932873],[-98.52670702192677,18.93621042801347],[-98.52697083265497,18.93642019214709],[-98.5276852041518,18.936435202415275],[-98.5283589756331,18.936347821152427],[-98.52880488289239,18.93584594350381],[-98.52902820029243,18.935646192366427],[-98.52918292836753,18.935064568938834],[-98.52918222686992,18.93505128553458],[-98.529154471334,18.934524826702297],[-98.52903141811059,18.934041552314103],[-98.52883701907429,18.933804561773915],[-98.5285496164062,18.93355719623034],[-98.52789400193211,18.93294024570331],[-98.52786221665764,18.932538402088984],[-98.52789332407065,18.93213802418228],[-98.52823532294767,18.93188528553346],[-98.52852931428389,18.931872089222768],[-98.52936986299102,18.9318114707603],[-98.53051200338797,18.931436997575055],[-98.53192766836355,18.93102878100922],[-98.53314503682259,18.930996976542104],[-98.5337719002166,18.931091797962996],[-98.53439673875695,18.93126678911703],[-98.53666298809202,18.932061580613716],[-98.53831930515545,18.93292237258279],[-98.53869259914988,18.933091495503398],[-98.53904695176273,18.93317995797267],[-98.54001661663878,18.93308837826351],[-98.54000102631929,18.933043967201108],[-98.53996712547284,18.9321546218678],[-98.53997323249541,18.931912428808815],[-98.54015024464272,18.931593434899195],[-98.54034762671192,18.9315444399249],[-98.54086526939466,18.93062689595116],[-98.54087893007981,18.930088015474972],[-98.54026187815384,18.929594565529992],[-98.5399630579341,18.928897760230537],[-98.5392914743248,18.928846402557166],[-98.5391459768147,18.928798725384194],[-98.53886702023439,18.929981905264746],[-98.53803995068547,18.930322368138917],[-98.5365897577695,18.930408863569212],[-98.5354602430563,18.93026307655341],[-98.53408513457791,18.929871990230463],[-98.53307842334057,18.92984883090462],[-98.53195348229136,18.929523391290886],[-98.53121062695884,18.929027009219894],[-98.53064587741643,18.928954096726677],[-98.52983554406343,18.928635884758855],[-98.52902521353789,18.92831766854069],[-98.52872432823732,18.92777154363137],[-98.52861067685636,18.927289643360194],[-98.52913077576959,18.926642611200943],[-98.52953417105313,18.925633428648954],[-98.53005425925406,18.92498639556957],[-98.53074499163094,18.92446876418255],[-98.53068590545442,18.9243169745518],[-98.5297537855799,18.92360045821219],[-98.52837477511572,18.92287351654052],[-98.52804635663747,18.92259863033749],[-98.52777920601552,18.922111399279057],[-98.52767829587418,18.92168148659988],[-98.52769721586053,18.92093370736113],[-98.52811121922602,18.920034813827662],[-98.52880993282548,18.91892878524608],[-98.5303667951063,18.917041112369198],[-98.53071951535317,18.91635456988738],[-98.53079157628395,18.91571492995912],[-98.53080912982503,18.915020578409894],[-98.528905380211,18.912945362216767],[-98.52863284119466,18.912671790245255],[-98.52831120309601,18.912129863532126],[-98.52617990596458,18.91040021727799],[-98.52359943835049,18.908902881637623],[-98.5221018125835,18.90838904587955],[-98.52131854902233,18.907508274474605],[-98.51952631398021,18.906700048919628],[-98.518556432235,18.905239829360497],[-98.51657516590456,18.90394793205934],[-98.51571821500772,18.902011040787873],[-98.51555849347827,18.900377837089625],[-98.5156000715359,18.898749291564307],[-98.5168054013736,18.898873018041638],[-98.51879148422096,18.899973310300858],[-98.51996507362747,18.90134237199116],[-98.52002908287548,18.902781653757213],[-98.51999732746285,18.904027018562267],[-98.52067258364634,18.905192860445194],[-98.52134296765585,18.90655029724813],[-98.52414175516786,18.90738172612167],[-98.52672951428464,18.908591655966625],[-98.52839922787554,18.910259662569995],[-98.52910810015936,18.91109645816725],[-98.5294022301297,18.91097957542267],[-98.53029595974431,18.91100041371217],[-98.5311815868264,18.911341711351692],[-98.53249788936698,18.912334348763228],[-98.53531026400847,18.913842795763518],[-98.53835691823353,18.91492910228635],[-98.54255245396648,18.917004025450268],[-98.54408829396786,18.918162010017706],[-98.54457355713734,18.91886804687646],[-98.54461327854652,18.919510294306242],[-98.54459310368932,18.920311488031995],[-98.54457830815305,18.920899029939513],[-98.54462072073197,18.921434458550863],[-98.54587939709909,18.92472380130998],[-98.54679412676218,18.92613460126222],[-98.54796245807438,18.927332236865972],[-98.548898854891,18.928053404557375],[-98.54994763094442,18.92873286260367],[-98.55126875920689,18.929765252892167],[-98.5513238763094,18.929726469412458],[-98.55167605877348,18.929405600747575],[-98.552346031331,18.928763072732277],[-98.55245912351037,18.928370860354352],[-98.55257055910572,18.928044419351497],[-98.55251664576876,18.927450927237473],[-98.5520698694941,18.926058683668526],[-98.55194139475573,18.925693784867423],[-98.55192105272614,18.925133978240567],[-98.55217005080884,18.924810725753744],[-98.55265482812554,18.92469034763426],[-98.55303147574926,18.92476487480522],[-98.55411794460414,18.925349365972494],[-98.55513894354522,18.925800728519828],[-98.55569250322243,18.92568193199084],[-98.55590297731001,18.925522291828724],[-98.55625926724625,18.92503700675551],[-98.55631016367818,18.92438014414748],[-98.55608758508794,18.92365115228851],[-98.55568893115039,18.92308259831548],[-98.5533311566931,18.92105391765796],[-98.5531985532824,18.920853437800165],[-98.55300130249368,18.92048695263533],[-98.55300956273061,18.920158130793524],[-98.55354688082522,18.91931513972722],[-98.55382778075003,18.91909133450158],[-98.55438296434735,18.918906781314448],[-98.55472685922521,18.918914743047445],[-98.55527461536505,18.919026123182448],[-98.55798535366425,18.920701002477873],[-98.55963418023872,18.922186793084514],[-98.56007465870574,18.922460187521942],[-98.56068956245593,18.922638905933514],[-98.56110307102144,18.92261555889496],[-98.56169429898155,18.922366006398473],[-98.56218812309353,18.92188388814966],[-98.56230118011143,18.921491680846632],[-98.56247273018113,18.918764828092133],[-98.56272251782947,18.918408685030574],[-98.5632801585608,18.91812545281474],[-98.56455667878393,18.917990417183265],[-98.56490880243689,18.917669533312623],[-98.56501773532878,18.91744174129262],[-98.56525041058804,18.916394280236265],[-98.56563856471065,18.916008426920243],[-98.56602095706944,18.915852744531545],[-98.5664336215926,18.915862265140902],[-98.56870163111552,18.915980370613298],[-98.56990770386916,18.91590946882194],[-98.57161523434341,18.9159953041397],[-98.57222176436696,18.914862110193607],[-98.5722319364168,18.91445497783123],[-98.57218760979964,18.914097509254905],[-98.57182395043378,18.91373269016307],[-98.57087610709958,18.913303489284957],[-98.57045413775593,18.91314100432372],[-98.57013988930234,18.912930078824072],[-98.56956461784694,18.912509455040574],[-98.56894758276056,18.91162958689872],[-98.56844208850531,18.91054860917264],[-98.56706876103885,18.907970944652202],[-98.56697378185464,18.907510478791703],[-98.56704228506538,18.90690102467841],[-98.56742628956731,18.906451607125405],[-98.56861241277947,18.905867927566014],[-98.5689938618488,18.90552028704118],[-98.56927141570485,18.905068411660753],[-98.56938931004532,18.904612858937657],[-98.56935135759396,18.90400095683364],[-98.56807815584888,18.901680266541344],[-98.56715484722633,18.89828450664631],[-98.56643251079123,18.89772377147066],[-98.56607466421758,18.896936815450065],[-98.56558649322166,18.896326612019706],[-98.56587125402277,18.895015138189034],[-98.56688675117378,18.894678838509332],[-98.56740503859938,18.894091574299146],[-98.56834256692761,18.894352562927686],[-98.56933246766732,18.895034090562735],[-98.56969634736667,18.89558154301403],[-98.57079251701754,18.897044279086128],[-98.57108447649351,18.897949539127733],[-98.57240548596533,18.897979599964856],[-98.5733041975481,18.89728115282034],[-98.57350944715783,18.896626838799698],[-98.57314855603546,18.89595964729614],[-98.57254056413197,18.895107112373932],[-98.57198194812986,18.894794865042755],[-98.57104892246653,18.894354279400925],[-98.57106847719074,18.893575928666966],[-98.57134415424383,18.892623687191673],[-98.57304553460767,18.892542585403376],[-98.57429457278384,18.892930436898933],[-98.57511809552364,18.892002860794566],[-98.57379751801592,18.89015198786146],[-98.57333511353964,18.889479434700423],[-98.57329333807073,18.889020230323812],[-98.57358736962088,18.887906852869985],[-98.57407645759373,18.887510786205468],[-98.57483160738079,18.887120843060224],[-98.57574131273668,18.886938113209464],[-98.57705931811374,18.88519460076085],[-98.577939951271,18.88521484377947],[-98.57980887619892,18.884607073105627],[-98.57764388466957,18.880349243751404],[-98.57737200163405,18.879867891189456],[-98.57733719554611,18.87916698141752],[-98.57732476310635,18.878916608415135],[-98.57770142306654,18.878042947117482],[-98.57920113481613,18.877670197487657],[-98.57933935153761,18.877697524688497],[-98.57997800108167,18.87782379123763],[-98.58185258523694,18.879495758485724],[-98.5839400172817,18.88117259622365],[-98.58464090649156,18.88152803981433],[-98.58520668342615,18.881608892865188],[-98.5861321938963,18.881494379698513],[-98.58848818237662,18.880937554184133],[-98.58905565235129,18.880950559538075],[-98.59025814140813,18.881113855805175],[-98.59117184301526,18.881474141690987],[-98.59430153488458,18.884057052190418],[-98.59763405019963,18.887051796848702],[-98.6008483641918,18.889093565458484],[-98.6037299205657,18.890245327947348],[-98.60479063272027,18.890405274429842],[-98.60628368648837,18.890303577341435],[-98.60736621381048,18.889581641529105],[-98.60925587561877,18.887792118094342],[-98.61134320891635,18.886617936467385],[-98.61234469382401,18.886301369544704],[-98.61362823956887,18.88605909024283],[-98.61675444053101,18.885926560390498],[-98.61874900543057,18.885632521532372],[-98.62111662452398,18.884600326650183],[-98.62227163483549,18.883812076971797],[-98.62336739165201,18.88254737052578],[-98.62407593949774,18.879712842182638],[-98.6245199019744,18.87897633072117],[-98.62524425086174,18.87838191847634],[-98.6264651125098,18.877798759580543],[-98.62696497371563,18.877674345703326],[-98.62951633098946,18.87700995158414],[-98.6296981851206,18.87456752466108],[-98.62905639474414,18.870941478873196],[-98.6281339183891,18.86882359796928],[-98.62790289780283,18.86683190838471],[-98.62804348846433,18.86570228176989],[-98.62508475595975,18.865699816890572],[-98.62262774854273,18.865644085481808],[-98.62192866568878,18.865509679768717],[-98.62164592965384,18.8652464238982],[-98.62152934489984,18.864947426494627],[-98.6212714252958,18.863677141357687],[-98.62102539864229,18.862762749436037],[-98.62102612385195,18.862735756799182],[-98.61980468141435,18.862937235838086],[-98.61956545136978,18.862889317238494],[-98.6193293995727,18.862820394433463],[-98.61910270675278,18.86273415266344],[-98.61889121814339,18.862634224392515],[-98.6186848819877,18.86252116379328],[-98.61848050958571,18.862394356825448],[-98.61828370064937,18.862254096769462],[-98.61810005685383,18.862100673356842],[-98.61793517884533,18.86193437813327],[-98.6177946681825,18.86175550268461],[-98.61767948425904,18.86156406319935],[-98.61758198919011,18.861361208647793],[-98.61749802569197,18.8611494775002],[-98.61742351991374,18.860931420046],[-98.61735439523648,18.860709583782164],[-98.61728657589977,18.860486520741237],[-98.6172159881107,18.860264781177815],[-98.61713855714667,18.860046915314456],[-98.61705020551959,18.85983547058246],[-98.61694682393438,18.859633011796813],[-98.6168124227825,18.85944551469211],[-98.61664710811984,18.859272119388795],[-98.61646682516616,18.859106456904158],[-98.61628751720876,18.858942157380664],[-98.61612512740035,18.858772854661087],[-98.61599559986028,18.858592179964706],[-98.61591453863605,18.858393972458096],[-98.61588290959737,18.858179132404796],[-98.615887430368,18.857952634937735],[-98.61591515237505,18.857718578751292],[-98.61595313380404,18.85748106177343],[-98.61598842530313,18.857244182669476],[-98.61600808325124,18.857012042954626],[-98.61599916142019,18.85678873774268],[-98.61594906398162,18.85657746889321],[-98.61585535780488,18.85637301775983],[-98.61572661396093,18.85617630044141],[-98.6155718883618,18.855990506203796],[-98.61540024438187,18.855818827216485],[-98.6152207397083,18.85566445193138],[-98.61503623876234,18.855521922139054],[-98.61483883294353,18.85537742395748],[-98.61463113069021,18.855237743908095],[-98.6144162039931,18.855110421558948],[-98.61419712299143,18.855002991921374],[-98.61397695869101,18.85492299094743],[-98.61375878296808,18.85487795553288],[-98.61354212303749,18.85487459031546],[-98.61331765970775,18.85491100309242],[-98.61308874204644,18.8549804479284],[-98.6128599730279,18.855076135562992],[-98.61263595563797,18.855191278573873],[-98.61242129387595,18.85531908958479],[-98.61222059182849,18.855452780335902],[-98.61203698121555,18.855589813107862],[-98.61186616172226,18.855742903221607],[-98.61170594581317,18.855910541637925],[-98.61155467579496,18.856089265094184],[-98.61141069876209,18.856275609518484],[-98.61127235803733,18.85646610983775],[-98.61113799882865,18.85665730191663],[-98.61100668305617,18.85684670133182],[-98.61088292004467,18.857040156716447],[-98.6107660352255,18.857238133804504],[-98.61065383113615,18.85743917943043],[-98.61054410926613,18.85764184401903],[-98.61043467209271,18.857844676198237],[-98.61032332396366,18.85804622553591],[-98.61020786638895,18.858245040622585],[-98.61008610087097,18.858439670040262],[-98.60995636888678,18.85863269826057],[-98.60981956460994,18.85883944703551],[-98.60967373006018,18.859043798125317],[-98.60951636739135,18.859224829381496],[-98.60934497509078,18.859361616728588],[-98.60915429034122,18.859432311732657],[-98.60892832130888,18.859424246631644],[-98.60868326483107,18.85935813563397],[-98.60844138725177,18.859258732116658],[-98.60822451423017,18.85915040745606],[-98.60802356343184,18.859028703446775],[-98.60783117997468,18.858885261211185],[-98.60765506697287,18.85872388408386],[-98.60750292459862,18.8585483762703],[-98.60737706402875,18.85836013025537],[-98.60726378297677,18.858154292074104],[-98.60716918369677,18.85793603275791],[-98.60710166634293,18.85771160662805],[-98.60706963384568,18.857487268066038],[-98.60707686685038,18.857267206606025],[-98.60710846818256,18.85704722321826],[-98.60715772730398,18.856826715719485],[-98.60721923670346,18.85660566552749],[-98.60728758992259,18.856384051370945],[-98.60735738146596,18.85616185291325],[-98.60742320587339,18.85593904982748],[-98.60747965391698,18.855715621710377],[-98.60752132301452,18.855491550125638],[-98.60754463190912,18.855266103269603],[-98.60755311127265,18.8550384948898],[-98.60755149088675,18.8548094853898],[-98.6075444828498,18.85457985650742],[-98.60753680298627,18.85435039187511],[-98.60753316050153,18.854121872260006],[-98.60753827111176,18.853895083104007],[-98.60755684681219,18.853670805235158],[-98.60759575200447,18.85345017224869],[-98.6076670126054,18.853235306104157],[-98.6077623147632,18.853025247904647],[-98.60787039704832,18.85281857027397],[-98.60797999325435,18.852613849377075],[-98.60809180675561,18.852412484852376],[-98.60822144265629,18.85221791178873],[-98.60835347837498,18.852024821796018],[-98.60847103680908,18.85182753055252],[-98.60855723894437,18.851620357370347],[-98.6086144873543,18.851402511456687],[-98.60865653515376,18.851178308127874],[-98.60868502989443,18.850950045852212],[-98.60870161719792,18.850720023952498],[-98.60870794555198,18.85049054090396],[-98.6087053269031,18.850263810620767],[-98.60866029072037,18.850032419453253],[-98.60857875462766,18.849796982408844],[-98.60850214013765,18.849566838208],[-98.60847186269413,18.849351328222074],[-98.60620005147283,18.84913312272378],[-98.60532293482878,18.848871675400733],[-98.60464102632037,18.84837323024893],[-98.60409125427144,18.84763635372787],[-98.60385986048905,18.84678602086444],[-98.60346165700363,18.845026473447625],[-98.60322877622694,18.844236473843367],[-98.60292834389689,18.843626014320535],[-98.60218788138032,18.84294515303991],[-98.60156609815057,18.842568798685996],[-98.60028190357941,18.840909759179183],[-98.59966761560722,18.840231773565385],[-98.5993205888606,18.83895630149589],[-98.59925129165394,18.836661081327676],[-98.59983490167689,18.8309404195187],[-98.59985883424186,18.829975253025747],[-98.59959324048866,18.828348589538933],[-98.59940237975297,18.828509819819615],[-98.59855899954118,18.828507999730864],[-98.59791531986997,18.82852772011132],[-98.59700510961088,18.828631319715864],[-98.5965390496819,18.828630309545808],[-98.59645034965797,18.828587889545048],[-98.59627285039456,18.828566399561435],[-98.59613943008603,18.828671679591853],[-98.59609480014271,18.828777139937202],[-98.59593883039642,18.82903014033576],[-98.59571628986268,18.82928299961504],[-98.59542731021943,18.829472369774223],[-98.59504980001026,18.82955599976992],[-98.5947264601942,18.82970248022623],[-98.594423230291,18.829502000153532],[-98.5940329996629,18.82932888978208],[-98.59365364967555,18.82946112014977],[-98.59349097981426,18.82961024962068],[-98.59346662047028,18.829836399728194],[-98.59327947967643,18.830049230049664],[-98.59299401977809,18.830202879570358],[-98.59257619988531,18.830148950055804],[-98.59235362030904,18.83001594965066],[-98.59112204976286,18.830386110104186],[-98.59001829021393,18.83071782036614],[-98.58971319961138,18.83070125968201],[-98.58807791989223,18.830612520108946],[-98.58774813963633,18.8305946299038],[-98.58598690971532,18.83141344954432],[-98.58556665955714,18.83169422999856],[-98.584899429535,18.83204489035116],[-98.5846277203088,18.832138179719106],[-98.58415583035182,18.832176149691538],[-98.58405994979766,18.832183880405758],[-98.58388770996487,18.83220073989888],[-98.58363230383966,18.832225721844182],[-98.58361852965447,18.832778657921978],[-98.583928516198,18.833300639330503],[-98.58747429815915,18.837912841466643],[-98.58745765214556,18.838581793624126],[-98.58727547535717,18.839103539221128],[-98.59269476030425,18.841485742960174],[-98.59444673844943,18.84691666484253],[-98.59264121893382,18.848672934197204],[-98.58839811294878,18.847258999284705],[-98.58495759365813,18.84394623709636],[-98.58494940376347,18.839862950749],[-98.58421281908427,18.83917670688013],[-98.58186221771847,18.83629092839265],[-98.58080926904898,18.83533997792589],[-98.57979473977348,18.835007743739077],[-98.57925672456186,18.83499537984874],[-98.57735954596544,18.83551812275838],[-98.57589405312623,18.835999289946],[-98.57540983651646,18.835988150074307],[-98.5748743901878,18.835872852363348],[-98.57334242091373,18.834704878201716],[-98.57188871446826,18.8325604474001],[-98.5717477023571,18.83233248631079],[-98.57171542993191,18.832342460347288],[-98.57071756971396,18.832753289777305],[-98.56923714036029,18.833734859956053],[-98.56807491045069,18.834445169835035],[-98.56786923024198,18.83476702008274],[-98.56773357965649,18.835200510375877],[-98.5675964804574,18.835600600358493],[-98.56745725959524,18.835824919835307],[-98.56710084971398,18.836020289675112],[-98.56654549001726,18.83591771034415],[-98.56603359970305,18.83565313995252],[-98.56564934025691,18.83541992033785],[-98.56534530981244,18.835232999880287],[-98.56493233979913,18.835107890007038],[-98.56471753954007,18.83511639975135],[-98.56424977987328,18.835134909597986],[-98.5628167095562,18.83599915026656],[-98.5620542596412,18.836458939968626],[-98.56144021961157,18.83682859978866],[-98.56089287969924,18.837156649543168],[-98.56033671037338,18.837466550085487],[-98.55981546028104,18.837623419637055],[-98.55939453978529,18.837741650132713],[-98.55931939965642,18.83776273967363],[-98.55874382994645,18.83797488979847],[-98.55851797987795,18.838176260138788],[-98.55830537973371,18.8385142797042],[-98.55817132029232,18.838818550315366],[-98.55799520042144,18.839246619938688],[-98.55787552039708,18.839353109838253],[-98.55771534008427,18.839495680392247],[-98.5573451497186,18.83960036962233],[-98.55688637019594,18.839567880196057],[-98.55654934042441,18.839536400008015],[-98.55627945980811,18.839590739958293],[-98.55612409001964,18.839634679752475],[-98.55581334998521,18.839891779968177],[-98.5537850603635,18.84165541974937],[-98.55249386018103,18.842731580408262],[-98.55156256972035,18.843545720357135],[-98.55154184986989,18.843544419990213],[-98.55135075011462,18.843495940047706],[-98.55124116995668,18.84357992004014],[-98.55040460038471,18.844192369560478],[-98.549347999633,18.844862770415926],[-98.54871463018934,18.84515395007675],[-98.5482087801093,18.845458999964357],[-98.5456672197717,18.847686579869503],[-98.54494978013012,18.848371110155604],[-98.54416084981693,18.8491791100694],[-98.54359128960846,18.849812449597795],[-98.5435100000268,18.849867580259982],[-98.5435022601904,18.84988150973326],[-98.54320622034513,18.84995294962349],[-98.54310036959392,18.84993954014556],[-98.54322654999929,18.850129770015034],[-98.54207288952225,18.850817370338287],[-98.54213576994809,18.85088610928026],[-98.54217164905057,18.850949059806446],[-98.54219942999188,18.85103486022123],[-98.54225694980278,18.851171450558162],[-98.54228626022237,18.851321030371146],[-98.5423128296689,18.851585819710625],[-98.54238348976139,18.85193597983112],[-98.54238305026995,18.8523641796823],[-98.5423547801444,18.852536019763203],[-98.54236650913741,18.85260782101176],[-98.54237711024027,18.852680250244667],[-98.54236823024324,18.852777419919384],[-98.54234211921447,18.85298362981312],[-98.54234546033149,18.853102109972866],[-98.5423500597781,18.85320317005659],[-98.54232793984146,18.85326467962005],[-98.54228268023843,18.85329939979794],[-98.5422325203161,18.85334224970103],[-98.54221523031754,18.853415379939445],[-98.54218207964625,18.853537580473166],[-98.54213344988874,18.85361348969981],[-98.54206661955537,18.8537066501149],[-98.54204760015973,18.85384436996602],[-98.54207814995782,18.853942179697764],[-98.5421857099431,18.85404506035544],[-98.54240358007048,18.85423217041846],[-98.54251533923045,18.854457649864802],[-98.54266681981656,18.854974919940236],[-98.54294784913593,18.856064949540624],[-98.54302391989356,18.856161819903036],[-98.54394226020513,18.857091909778084],[-98.54398730971762,18.85718876889885],[-98.54404278195462,18.857342535034228],[-98.54743650248591,18.86050704106183],[-98.54706380277285,18.865290912227],[-98.54691164833064,18.865315167529797],[-98.5469610001583,18.86535291039391],[-98.54722959987916,18.865507059891033],[-98.54760545962344,18.865789400383388],[-98.54772620025621,18.866034290093395],[-98.54790028005118,18.866199450255596],[-98.54808831021931,18.866302250452325],[-98.54822212037608,18.8665583996585],[-98.54838312012264,18.86671229029425],[-98.54859814003294,18.866789570245334],[-98.54892073977071,18.86686708958382],[-98.54947881986128,18.867216060090733],[-98.54974077005657,18.867441060079702],[-98.5499918501439,18.867684880188293],[-98.55028678030098,18.867820740128995],[-98.55052111961284,18.867970280239422],[-98.55073777994083,18.868105689930893],[-98.5509528897115,18.868302860427445],[-98.55129088010075,18.868517570148036],[-98.551646349838,18.869038260000558],[-98.55184487998417,18.86932086003653],[-98.55190321980942,18.869512749675188],[-98.55279266008947,18.870820939589674],[-98.5530332599596,18.870949479551463],[-98.55323159998831,18.871693539694583],[-98.55350262969553,18.871887859729938],[-98.55377394042502,18.871985349738814],[-98.55392965016433,18.872137829975742],[-98.5540734803751,18.87241188961542],[-98.55436619993439,18.872862510397315],[-98.55400645961457,18.87308507990676],[-98.55435682994798,18.873721939993423],[-98.55477151014365,18.874211059830134],[-98.55526282008361,18.874718879796667],[-98.55596544999854,18.875014689655526],[-98.55633934980858,18.875186199607853],[-98.55663666010253,18.875381710448146],[-98.55670684973134,18.875594479695994],[-98.55675531979065,18.87591909027935],[-98.55672965036767,18.876113580187365],[-98.5565343104483,18.8761911400615],[-98.5563236601893,18.87632154033034],[-98.55617882989405,18.876761139748027],[-98.55613837006301,18.876988769606978],[-98.55632125041936,18.877250399916548],[-98.55653583013084,18.877748509847798],[-98.55658609036603,18.87817611045696],[-98.55651466004453,18.878289819827497],[-98.55588931987404,18.877153879689658],[-98.55582835043873,18.87719149001462],[-98.55541796999906,18.87743495040796],[-98.55524688012154,18.877512119628378],[-98.55493176970708,18.87766745970924],[-98.55445642022649,18.87788233967463],[-98.55399842037546,18.878151289556527],[-98.55359121426096,18.87851249119156],[-98.5562535415126,18.879908658568247],[-98.55795212525817,18.88193012648246],[-98.55623816520882,18.884509132635582],[-98.55190488731085,18.888627458104438],[-98.55002312874332,18.891364071085608],[-98.54611915757378,18.887100747242968],[-98.54575779960071,18.88710557039289],[-98.5435319101164,18.887049719556916],[-98.54029873961339,18.88709215017327],[-98.54024618010149,18.887144019578173],[-98.54002873987234,18.887119799762832],[-98.53986615028757,18.887090110307696],[-98.53828237964393,18.887690629969054],[-98.53751571986903,18.887907890028714],[-98.53712028002731,18.88797562041947],[-98.53391450968728,18.888145740392766],[-98.53218331997907,18.88830681958771],[-98.53010230969448,18.88864294014238],[-98.53005097028803,18.88823914040013],[-98.52717716987168,18.88848667981873],[-98.5270382604292,18.888521660188573],[-98.52694517987473,18.888267540245213],[-98.52660300039112,18.887715690057334],[-98.52628198023122,18.88763379997057],[-98.52584985041338,18.8874378798366],[-98.52584441997118,18.88707297988584],[-98.52560662026083,18.886586200377113],[-98.52542764984372,18.88638927993921],[-98.52523673994405,18.88620712005694],[-98.52508860036664,18.88591022038003],[-98.52494154038821,18.88557225027377],[-98.52490490980335,18.885317080047667],[-98.52478916959764,18.88497670974453],[-98.5246050604753,18.884753679803577],[-98.52430917030074,18.8845075198377],[-98.52398079958381,18.884292019740936],[-98.52387383007603,18.883975080361665],[-98.52393004981674,18.883619339860328],[-98.52380386006739,18.88325606009094],[-98.52363538041187,18.882852340403613],[-98.52348788990527,18.882529340022536],[-98.52329794032583,18.882226380447893],[-98.52272548983508,18.88195714040149],[-98.52254336997972,18.88176548011468],[-98.52232568966826,18.881155200045004],[-98.52219893975695,18.880993550369993],[-98.52211464966275,18.88081186018639],[-98.52207587963613,18.880563880351705],[-98.52207194047479,18.880221629674388],[-98.521932120013,18.879955879633652],[-98.52196355016116,18.87940608001473],[-98.52193659977067,18.879174739920437],[-98.52146794009482,18.878352449797152],[-98.521288630339,18.877893880237604],[-98.52113915029872,18.877521290415203],[-98.52096007962678,18.876976829786575],[-98.52083068970032,18.876608749691044],[-98.52063546040576,18.8760899504548],[-98.52069557976256,18.87541719967809],[-98.52060771998028,18.87449625983254],[-98.52066445965707,18.87409641985875],[-98.52057310990351,18.87372729041809],[-98.52048808028403,18.87354090963323],[-98.52032960023256,18.87327767978989],[-98.5202795995287,18.872794889920996],[-98.52026694977707,18.872485249960977],[-98.52024802011171,18.872100369913184],[-98.52023527978376,18.871755139990512],[-98.52022337033091,18.87139179980243],[-98.52010376986036,18.871105180436533],[-98.51982922989079,18.87061725029116],[-98.51986571995798,18.87031255027251],[-98.51992897035558,18.86966417968754],[-98.52009944998072,18.869020449702777],[-98.52005637024757,18.86870945973112],[-98.51998023010516,18.868359219943724],[-98.519986780286,18.86810265963068],[-98.52024617956114,18.868043970171318],[-98.52033305956148,18.867721370120798],[-98.52041362006028,18.867493540146725],[-98.52076065004705,18.867241060425123],[-98.52100104991788,18.86701365016838],[-98.52116159989262,18.86676067979458],[-98.52106305977385,18.866606750216516],[-98.52102385972263,18.866476480386048],[-98.52105643045265,18.866268979902724],[-98.52111499998153,18.866100120356307],[-98.5209711398315,18.865869630248458],[-98.52120818036254,18.865520460067025],[-98.52111175007556,18.86524697010198],[-98.52119826021804,18.864930259904177],[-98.52117972028489,18.864528050324278],[-98.52099701982394,18.864283089607152],[-98.52081100046311,18.864027879730894],[-98.52066071034761,18.863762000448737],[-98.52077259971868,18.863035089976393],[-98.52096814986393,18.862749349795205],[-98.52092779985264,18.861954999887146],[-98.52098022988274,18.86171547989789],[-98.52100275016261,18.861453400295407],[-98.52086034015204,18.861276660055786],[-98.52065097961176,18.86072169026601],[-98.52068125970051,18.860131770228993],[-98.52085430978154,18.859710199973097],[-98.52096462016179,18.85915303011088],[-98.52094430965718,18.85875745992919],[-98.52079297008028,18.858334780204377],[-98.52085300014019,18.857972030411947],[-98.52074905026858,18.857280620263307],[-98.52095326003965,18.85721788017197],[-98.52114471982205,18.85675075041658],[-98.52116973997686,18.8564760502601],[-98.52119527972289,18.85588134989049],[-98.52132435031425,18.855388050138345],[-98.5213186004366,18.855034769584993],[-98.52127792008106,18.854643540059442],[-98.521238169961,18.854400000393962],[-98.52123083034391,18.85409145956046],[-98.52151332025127,18.853938970061606],[-98.52160895011306,18.853784829965463],[-98.52176721965645,18.85353794038379],[-98.52185630967735,18.853221999877235],[-98.52198818006565,18.852626079654716],[-98.52204850974512,18.852246830148562],[-98.52231314959441,18.85203878012999],[-98.52235930981954,18.851818219904057],[-98.52245841956523,18.85150732011843],[-98.52252526022545,18.851068370226358],[-98.52263742016207,18.850642139735893],[-98.52260988965426,18.85032071983474],[-98.52254568965213,18.849867289545735],[-98.52271925995709,18.8496159202442],[-98.52274476954739,18.849220250325143],[-98.52274765953923,18.848698820317583],[-98.52280535020046,18.848085460333277],[-98.52273466007439,18.847781879584765],[-98.52272646028194,18.84734244987881],[-98.5226882203922,18.847232339917372],[-98.5223903402464,18.846890449721034],[-98.52224172045958,18.846605779780113],[-98.52197339967623,18.846377680043947],[-98.52173521968695,18.846064370107836],[-98.52146716989297,18.845750970430196],[-98.52142944996162,18.8457181701275],[-98.5211521401864,18.84547706034553],[-98.52113924994873,18.845465849688686],[-98.52087077045957,18.84529460031765],[-98.5206320203108,18.845180260030634],[-98.52059231045871,18.845156880161248],[-98.52024417993675,18.844951849592356],[-98.51997031033426,18.844976580231826],[-98.51991357042648,18.845001940063103],[-98.51967328974038,18.84498974022071],[-98.51937885030392,18.84497478045504],[-98.51904222011454,18.844957690265943],[-98.51867861975335,18.844939229646847],[-98.5184339401395,18.84492680025571],[-98.51829724981991,18.844794199714684],[-98.51793853977809,18.844446180386605],[-98.51775699967142,18.844446770121706],[-98.51750285044787,18.844447599709486],[-98.51714854035983,18.844448769716042],[-98.51705435000413,18.84443941972435],[-98.51674771037113,18.84436603000777],[-98.51645761954873,18.84429659970645],[-98.51621570968862,18.844238709952894],[-98.51601136994496,18.844189799806248],[-98.51580550976311,18.844140539951823],[-98.51540339970175,18.844044290302442],[-98.51502287984532,18.843953230365774],[-98.5146593999801,18.84386622982415],[-98.51415926010336,18.843731490036678],[-98.51220668047131,18.84331890993017],[-98.5118036298263,18.84344755030694],[-98.51101561972976,18.843416480124034],[-98.51088321995621,18.842926179943916],[-98.51079471002042,18.84259844997894],[-98.51067054035171,18.84241206014249],[-98.51050488037123,18.842301089975056],[-98.50984406005884,18.84216751044879],[-98.50972672045725,18.84198781956947],[-98.5096330895454,18.84176335030465],[-98.50935117026395,18.841448690219448],[-98.50881009026416,18.841088520263646],[-98.50826830968258,18.840974980071675],[-98.50791483038275,18.840951620184672],[-98.50767932026588,18.840883740185255],[-98.50760894041431,18.840771429957577],[-98.50753908001295,18.84047974973532],[-98.50748082040708,18.84027610965097],[-98.50739072031654,18.840147380325394],[-98.50726917974058,18.84004408999281],[-98.50712719955695,18.8399333802323],[-98.50699925971583,18.839693549710386],[-98.50671674997926,18.839580690385006],[-98.50643454990978,18.839355719801066],[-98.50624754973654,18.83911441997954],[-98.50624771003318,18.838772259618388],[-98.50620134986971,18.838503059868327],[-98.50603689011582,18.83832324987866],[-98.50582489018107,18.838277849582674],[-98.50556628006746,18.83805293957283],[-98.50556719993264,18.83773903023096],[-98.50561491960177,18.837537350143783],[-98.50552137963999,18.837290459967832],[-98.50528601986161,18.83717771959356],[-98.50493271956093,18.837087090335366],[-98.50485522994535,18.83679289016732],[-98.50496029029391,18.83665377981605],[-98.5050027504174,18.83645475025482],[-98.5048992495435,18.83605621984223],[-98.50475320037823,18.835896519982136],[-98.50464894011473,18.83575684974808],[-98.50460801999225,18.835438120360763],[-98.50462992010694,18.83509965030884],[-98.50471464957931,18.834761349977914],[-98.50471558046681,18.83444274018999],[-98.50465388954285,18.834064219934273],[-98.50463414034895,18.833665890172078],[-98.50472968018973,18.833207550186962],[-98.50469383045795,18.832349690292588],[-98.50471011979934,18.830360229884153],[-98.50474580011425,18.829105689845235],[-98.50457280005006,18.82789794008496],[-98.50323722986398,18.826731149810282],[-98.50303531986502,18.82655056976348],[-98.50309279983134,18.82613523006243],[-98.50315246000844,18.825788339552926],[-98.50319718040173,18.825350849661213],[-98.50308014960076,18.825013249560772],[-98.50288755012588,18.824681880255426],[-98.50274377982463,18.824407449645086],[-98.50248214971708,18.823827309798066],[-98.5024360302153,18.822920819605425],[-98.50265926009806,18.822988600193728],[-98.50303528982501,18.82302354963994],[-98.50309072012698,18.82303443001331],[-98.50494652002632,18.82327383028954],[-98.50681026018462,18.82351821963214],[-98.50687073995717,18.823528879763224],[-98.50866745965317,18.823740879731837],[-98.50873914004825,18.823710849769977],[-98.51054785969443,18.823993939650823],[-98.51061025034494,18.82399791024039],[-98.51266087970039,18.824242219594176],[-98.51314402021093,18.824307459992486],[-98.51388637356058,18.82442813424264],[-98.51227896529426,18.822444240754358],[-98.511422443347,18.818958885257068],[-98.51160858697274,18.81783327565878],[-98.51289860659162,18.81665820607505],[-98.51457259675442,18.81586877865599],[-98.51482021094955,18.815422591609064],[-98.51483551099112,18.81482030589444],[-98.51416700322252,18.810134206550217],[-98.51426866524729,18.809232638761387],[-98.51460645085876,18.80833660586353],[-98.51532437563286,18.8079767752601],[-98.51824227644785,18.80781907672175],[-98.51854838781107,18.80816754194853],[-98.51869961433994,18.81021060883547],[-98.51920512560375,18.816429175519346],[-98.52082795642156,18.820761014934593],[-98.52172672057178,18.822590003424374],[-98.52317076150936,18.82561910110891],[-98.52340604389654,18.82628522709821],[-98.52413062015529,18.826431369811765],[-98.52417922964257,18.826415120360455],[-98.52460819990968,18.82653919981914],[-98.52583626026704,18.826806309908875],[-98.52607860013656,18.826860619894752],[-98.52612510988513,18.826871310428835],[-98.52732265988455,18.827156489659014],[-98.52735879960166,18.827166649968564],[-98.52876489012594,18.827501979710906],[-98.5294386496451,18.827705850329725],[-98.53159672043056,18.828388689716206],[-98.53204494953289,18.82843475007408],[-98.53240024996072,18.828236710255208],[-98.53345835037236,18.8283423700012],[-98.53534643016894,18.82857821985536],[-98.53587861959461,18.828541060156],[-98.53636237008753,18.828469580179966],[-98.53804162020177,18.828313719670184],[-98.5391034502677,18.828277459828062],[-98.53934268970231,18.82822942991949],[-98.53979776966803,18.828077310085053],[-98.5401469995889,18.82803948037634],[-98.54037640014188,18.82813656984625],[-98.54050045016858,18.828175480264722],[-98.54059634994056,18.828112050049516],[-98.54030387977878,18.827373030207834],[-98.54023617042742,18.827379200368537],[-98.54008303028252,18.826873799779037],[-98.54054177018686,18.826640940112345],[-98.54016642968857,18.826020939892366],[-98.53955251983217,18.825273550394744],[-98.53957152047245,18.82505290992237],[-98.53935637958725,18.82467523032198],[-98.53897254031129,18.82450320012445],[-98.53864656980501,18.824163030119394],[-98.53832367956767,18.82334922017275],[-98.53775687966424,18.822433290324163],[-98.53776556956741,18.822239780252552],[-98.53703310995795,18.82168931994842],[-98.53676458005833,18.821490889908425],[-98.53601957984154,18.820907060330452],[-98.53564438009656,18.82051165997909],[-98.53517466030513,18.819911219898618],[-98.534618250007,18.819049779720302],[-98.53395262983163,18.81800776982991],[-98.5335071198318,18.817457879771077],[-98.53318794976607,18.817321020118477],[-98.53314086003058,18.81706325996508],[-98.5332314602012,18.816749999810668],[-98.53330351029237,18.816740249860555],[-98.53339248000273,18.816853080113415],[-98.53300375041171,18.81581756966607],[-98.53290560012873,18.815698740250042],[-98.53284300044574,18.815329280150255],[-98.53271145970503,18.81502129037671],[-98.53257255030422,18.814708999581942],[-98.53250416986883,18.814293260183447],[-98.53245575009646,18.813904769979853],[-98.53267018028492,18.813512890221933],[-98.53343073991783,18.81353012018474],[-98.53511914026093,18.813174740374613],[-98.53580885996911,18.812971399838425],[-98.53638231004642,18.813007519595356],[-98.53739422953652,18.813163380107213],[-98.53879906046585,18.81330978005614],[-98.53952545961076,18.81348423020505],[-98.54046009036401,18.813876780372762],[-98.54138395023503,18.814123080094223],[-98.5445608796145,18.815086459835342],[-98.54545111986897,18.815798509945914],[-98.54664637966775,18.817050429677685],[-98.5467409503626,18.81718002970004],[-98.54701801956601,18.815602049994823],[-98.5475889197558,18.81520576966894],[-98.54756119973065,18.815016090194234],[-98.54754392353635,18.81438064516733],[-98.5472922253487,18.814037925589204],[-98.54683834989528,18.81344445466727],[-98.54666560552599,18.81285750661357],[-98.54606549601712,18.808763047938026],[-98.54513685437034,18.806306388807492],[-98.54370035604691,18.802071858682474],[-98.5429854517753,18.800617488782425],[-98.54199755675099,18.800055377967897],[-98.54031058124964,18.79989636103837],[-98.53955796468469,18.79993877282965],[-98.53905873441849,18.799867258198837],[-98.53869073440919,18.799559166340288],[-98.53851655555613,18.799015956493527],[-98.53638571730698,18.794114004547946],[-98.535599616278,18.788045342486917],[-98.53509986008908,18.78551775952068],[-98.53474098535621,18.784850468022494],[-98.53418830302262,18.78441827710765],[-98.5319412849613,18.78412632509534],[-98.5308162626415,18.78404020310045],[-98.52988506078655,18.78371898142958],[-98.52883929101364,18.782975762946492],[-98.528230119006,18.78230262533146],[-98.52776278670824,18.780973869430696],[-98.52727121066533,18.780602986365288],[-98.52621335539244,18.780338691974393],[-98.52577526672637,18.780328466680068],[-98.52307355399353,18.780684693945528],[-98.52230129015149,18.781505284050247],[-98.52215791183204,18.782220763516122],[-98.52139692772232,18.787534367624307],[-98.52089689045287,18.79243484422325],[-98.52078603462606,18.79680535706575],[-98.52109324657425,18.79950832636799],[-98.52105832207772,18.80088536730978],[-98.52060195181114,18.80159358560224],[-98.5200860199274,18.80218059343865],[-98.51628328550935,18.803948770961966],[-98.51337352652939,18.805078792439414],[-98.51249720209948,18.805058260891855],[-98.51150634543978,18.804615684463172],[-98.51126967171996,18.804070965656667],[-98.51116732682416,18.8031699501413],[-98.51131366532785,18.799878484147115],[-98.51147953738524,18.799052718131176],[-98.50920230767646,18.798714131409277],[-98.50828803153894,18.79871169829258],[-98.50718529407116,18.79908509279446],[-98.506827722701,18.799076701263413],[-98.50659079340392,18.79901410170243],[-98.50631752085546,18.798817559582087],[-98.50612613128767,18.79852787451898],[-98.50510620210179,18.797211057308306],[-98.50464881318321,18.79643980825046],[-98.50461802700522,18.79638268858802],[-98.50286785888291,18.796532017400438],[-98.50079397470124,18.796226344656127],[-98.500528804095,18.796091645283084],[-98.50033402330968,18.79583013240298],[-98.50021454090351,18.795249236829452],[-98.49984955117553,18.793763322142755],[-98.49959094207942,18.79337184999214],[-98.49913100643131,18.79297564375775],[-98.49766443762482,18.792555752804613],[-98.49693443515983,18.792217412882437],[-98.49640740167297,18.79181962204279],[-98.49608169408286,18.791426565866367],[-98.49582802144599,18.790842514834054],[-98.49567097141222,18.789104589393546],[-98.49524727383536,18.784662747533517],[-98.49367810043832,18.777753342485852],[-98.49338033422012,18.7762690943397],[-98.49226771595227,18.772517724975028],[-98.49166074872858,18.76999860619251],[-98.49130136475671,18.766701034851536],[-98.48809360169234,18.763293191724852],[-98.48913747373598,18.75806446182736],[-98.49306450360352,18.75665610596874],[-98.4966707795844,18.759202580378894],[-98.49878972697006,18.7573604223736],[-98.50013929490382,18.756043339129118],[-98.5010878513029,18.75570595580288],[-98.501933299981,18.755725828687577],[-98.50512265248763,18.755980594278956],[-98.5067952337639,18.756739231859303],[-98.50818603173369,18.757491241398217],[-98.5091896291409,18.75868376915453],[-98.5138412620524,18.764278113490573],[-98.51484039464762,18.765650380779203],[-98.51848643166524,18.770142061616866],[-98.52034031915112,18.77117460683331],[-98.52154798216313,18.771742394477627],[-98.52332847499251,18.771963849937393],[-98.52559465459927,18.771567132945673],[-98.52635308164898,18.771315056084298],[-98.52863744281213,18.77019930591183],[-98.53052551576124,18.769883626115124],[-98.53155440499762,18.770087457651684],[-98.53276437500323,18.770565282609684],[-98.5336008290634,18.77094446823253],[-98.53481762469185,18.771152655852593],[-98.53556922215103,18.771170152216662],[-98.5363344392731,18.770648404893716],[-98.53654049769786,18.76993378829397],[-98.53655865695777,18.7692148011782],[-98.53604491654886,18.76722448764864],[-98.53545541030626,18.764513026559932],[-98.53585162389854,18.76371293413284],[-98.5366122576227,18.76337093893877],[-98.5376479126935,18.763305110192956],[-98.54083068072615,18.763828733721308],[-98.54308081952328,18.76406085885292],[-98.5441074165675,18.76435446974451],[-98.54493933373712,18.76491332832248],[-98.5452992647918,18.76555115334956],[-98.54828408961977,18.770206592647565],[-98.55087070184737,18.77575210756076],[-98.55155648250425,18.777565272399627],[-98.5515771330985,18.777562518053102],[-98.55265879383369,18.777177396849382],[-98.55438154059405,18.776875466513378],[-98.55466723185842,18.776882079384954],[-98.5551586120425,18.77723527411553],[-98.55529287593687,18.77758019398217],[-98.55596935826631,18.77909985234774],[-98.55638589518429,18.77958804096277],[-98.55681272534882,18.779666280701157],[-98.55760525609877,18.7794111565397],[-98.55941487309008,18.77849590193529],[-98.55999483777461,18.77816748794857],[-98.56037252303568,18.77735585516154],[-98.55963315419281,18.775492956290023],[-98.55882066728884,18.773696737906622],[-98.55854870124142,18.773143554064266],[-98.55855727544835,18.772801940880093],[-98.55885496317805,18.772330285075295],[-98.55936691025788,18.771863584135957],[-98.56015425541106,18.77181342253801],[-98.56093988073481,18.771831575996178],[-98.56214375214113,18.77226955858042],[-98.56285110983625,18.772559342177743],[-98.5635636055699,18.772644157032648],[-98.56435266469828,18.772525649483462],[-98.56501770656175,18.771652289396375],[-98.56613179774718,18.76996895194615],[-98.56615404539511,18.76908076593538],[-98.56589061611797,18.768185995366764],[-98.56540608865912,18.767559564005467],[-98.56316180203949,18.765867106795884],[-98.55951494882882,18.763116814323148],[-98.55910017045753,18.762560348354196],[-98.55898134529396,18.761600569689854],[-98.55929615610191,18.760445740886517],[-98.56010057599784,18.759712384555417],[-98.5614780152793,18.7589239103939],[-98.56170767953019,18.758313987431062],[-98.56173509503542,18.757220892550997],[-98.56475440897572,18.75756699699313],[-98.5662656802565,18.75748157507648],[-98.5682766666451,18.757527959816922],[-98.56806468510297,18.755959208462794],[-98.5680919560008,18.754877168295184],[-98.56786371642039,18.75347009753383],[-98.570833643572,18.753586291290144],[-98.57057191468594,18.7581718404797],[-98.57044779825641,18.76020271661958],[-98.57050528301389,18.76083520210917],[-98.57096378537304,18.763019786148433],[-98.57094450068843,18.763790770819096],[-98.57092521567255,18.764561760796514],[-98.57027770896106,18.767001416437584],[-98.57018866087279,18.767630544609236],[-98.57017112522901,18.76833145362728],[-98.57051817735241,18.76911089591477],[-98.57170766373854,18.771382518782485],[-98.57167786644784,18.772574084654856],[-98.57150853663477,18.7734819104738],[-98.57090658768676,18.774099239308917],[-98.56809069230573,18.775296735812333],[-98.56629354178654,18.776798228043912],[-98.56589382026908,18.77812155150382],[-98.56586748665634,18.7791729572271],[-98.56648833586176,18.780730240115275],[-98.56713376964856,18.781306208400476],[-98.56786476826596,18.781393205004907],[-98.57116391053212,18.781399102558932],[-98.57380707927638,18.781249563033093],[-98.57498823412885,18.780926071877115],[-98.57625841949192,18.779973411194014],[-98.57790534109768,18.779232410032588],[-98.57796366030698,18.77908774958447],[-98.57810900024823,18.778703370153387],[-98.57854390967283,18.777989889620535],[-98.57897832018521,18.777468769592357],[-98.57921054987291,18.776974660073346],[-98.57961569003788,18.776618339565164],[-98.5801075796652,18.776207260178804],[-98.58023520012091,18.775931430130562],[-98.5803108003754,18.775768049641663],[-98.58041711978117,18.774198059603048],[-98.58038185998912,18.773711979901716],[-98.58038253966455,18.773434259577414],[-98.58034692013055,18.773087030450345],[-98.5801651395647,18.772843630111822],[-98.580202909783,18.772323000418666],[-98.58016729009069,18.771975769925472],[-98.58013192039901,18.771524400162516],[-98.58027869037787,18.771177569904868],[-98.58060774970075,18.77086587967373],[-98.58035353981698,18.770414020230337],[-98.58020925998483,18.769754119774433],[-98.58021002997634,18.76944171004267],[-98.58021105956159,18.769025109970173],[-98.58025585996906,18.76901101975571],[-98.58064911980297,18.76888723043889],[-98.58079605963002,18.768470980190234],[-98.5811245997704,18.768367570287356],[-98.58159922031741,18.768195059595037],[-98.5818545503658,18.768195649753764],[-98.58199685041826,18.767952820024536],[-98.58196570953815,18.76787234988937],[-98.5818564295778,18.767431919848587],[-98.58185770977086,18.766911200351107],[-98.58204136972958,18.76639088975604],[-98.58211526043283,18.766009199653745],[-98.58215260010043,18.765662119609452],[-98.58218942040898,18.76552334986133],[-98.58220366025266,18.765083660333254],[-98.58230167962236,18.7647447399055],[-98.5823040296974,18.763789000423],[-98.58224017029276,18.763418889827925],[-98.58207925045889,18.762986890405752],[-98.58185287979853,18.762832230424806],[-98.58139991031373,18.76261542027544],[-98.58127115007582,18.762275980246525],[-98.58114234009238,18.761967379554275],[-98.58107825026741,18.761689769918465],[-98.58107893967875,18.761412289683257],[-98.58114462986238,18.761042479724413],[-98.58127526032597,18.760611140178813],[-98.58127642022616,18.760148680434703],[-98.58121244961153,18.75980939985001],[-98.58111602980934,18.759500860206366],[-98.58101922976564,18.75934649008919],[-98.5808254204725,18.759130249668136],[-98.5807284596697,18.759037540117813],[-98.58076147995585,18.758790969995378],[-98.58115085964737,18.758514369880142],[-98.58153972021769,18.758453570317265],[-98.58205802956714,18.7584547401768],[-98.5824141804739,18.758517179806315],[-98.58251189171625,18.758648022907668],[-98.58270784013843,18.75790615745096],[-98.57863568013396,18.75480518028139],[-98.57953963133109,18.75386359393729],[-98.58276516580048,18.755621833491304],[-98.58665538245837,18.755951700370023],[-98.58721321320559,18.75596328104551],[-98.58719262958236,18.755932850072448],[-98.58690594997714,18.755521489851656],[-98.58670537993423,18.755192480155465],[-98.58636082983456,18.754917910165293],[-98.58598724989872,18.754752780202878],[-98.5858101403427,18.75467288976361],[-98.58547918009276,18.754185799695783],[-98.58517366010443,18.753747400030296],[-98.58502132039762,18.753357980219963],[-98.58486962958656,18.752701059606046],[-98.58453892015899,18.75211671018682],[-98.58409570971844,18.75162614955764],[-98.58397834038682,18.751507520363234],[-98.58362134988297,18.75121491017536],[-98.58313461698953,18.75081663560014],[-98.58306368504775,18.75078931580082],[-98.58278196216146,18.75052542018581],[-98.58276826023987,18.750514050169993],[-98.5818902896008,18.750045419883538],[-98.5818797798082,18.75000006042945],[-98.58181388032162,18.749731579903827],[-98.58175180003568,18.749448180027827],[-98.58244336522998,18.74912576307227],[-98.58242515323403,18.748236888393134],[-98.58244096320819,18.747602814443812],[-98.58206225783148,18.747146279689332],[-98.58179214424368,18.747028118819525],[-98.58136329095497,18.747018270344242],[-98.58066339182697,18.74692755440777],[-98.58031251272044,18.746919493296776],[-98.57992916153357,18.7466494478358],[-98.57962844141403,18.746194701911822],[-98.57961086280994,18.745335947092375],[-98.57978076838933,18.74478006163915],[-98.58017900414605,18.74445333689199],[-98.58155095322213,18.744186295987703],[-98.58206334813693,18.743974146836994],[-98.58242259390167,18.743646522215585],[-98.58242303877465,18.743645861751258],[-98.58232397003283,18.7428025404052],[-98.58250307995468,18.741754829991436],[-98.58195047999035,18.74105035030517],[-98.58125885963825,18.74052137044155],[-98.58112245006043,18.73983384995798],[-98.58028623030192,18.739566349815693],[-98.58104456964894,18.739420920347136],[-98.5823620201572,18.738997739577034],[-98.58319480036967,18.738723050156857],[-98.58316377014407,18.73797335001346],[-98.58358857998161,18.737871290319234],[-98.58501304960164,18.738199999965357],[-98.58519283017657,18.738276799562637],[-98.58512804971367,18.738674199963587],[-98.58555531974373,18.73904139989094],[-98.58629876953573,18.73968228958348],[-98.58660071448531,18.740056451375565],[-98.58726576395478,18.738942985719905],[-98.58618454328396,18.737712610375226],[-98.5859722864503,18.73720572041474],[-98.58598924972732,18.736524795353525],[-98.58606599477628,18.734948783827605],[-98.58607402917166,18.734626243586177],[-98.58597058276041,18.73426528730416],[-98.58509926812727,18.733133697428205],[-98.58433944723971,18.732040524299762],[-98.58411916808903,18.731856178914615],[-98.58352877851567,18.731484051701973],[-98.582158043756,18.73084300021178],[-98.58190299299292,18.73055028092602],[-98.58158286411121,18.729861633264253],[-98.58148457236592,18.727403893796133],[-98.57992480402532,18.725548906617426],[-98.57953965936849,18.725921640275335],[-98.57915866042713,18.726675200248525],[-98.57901231047522,18.72763751967279],[-98.57865189010862,18.728672539732774],[-98.57846050993525,18.729216769662855],[-98.57822562039627,18.729922630034245],[-98.57825177005763,18.730127649611855],[-98.57808112021176,18.730106199556516],[-98.57743392006991,18.72996174980553],[-98.57739697035562,18.7299580300659],[-98.57749634963578,18.7303206295694],[-98.57758541999843,18.730920520216287],[-98.5776471996712,18.731462520200314],[-98.57770912014564,18.732086749627705],[-98.5777179385843,18.732087139398075],[-98.578934919584,18.732140890071225],[-98.57899552028358,18.732031969643756],[-98.5789973194624,18.732056636286114],[-98.57904575017862,18.7327207401009],[-98.57884214026156,18.73289985984949],[-98.57810982024816,18.73308646011771],[-98.57764671141778,18.73263846662525],[-98.577636740105,18.732628820046067],[-98.57768254003955,18.732457739194178],[-98.57768756977357,18.73243894960623],[-98.57744327961474,18.7325790302142],[-98.57691997982182,18.732534459817064],[-98.5763688598829,18.732504659890896],[-98.57534733925473,18.73303872449585],[-98.57533698004688,18.733044139958977],[-98.57535811122925,18.732450254762682],[-98.57500417111866,18.735995975281657],[-98.57438721149762,18.738346864006488],[-98.57448562418705,18.74079053251724],[-98.57462406068338,18.741632955107743],[-98.57484029374326,18.742553463009845],[-98.57537724346399,18.743405062807312],[-98.5756011108677,18.74402057510311],[-98.57557634397737,18.74501184329191],[-98.5755534823986,18.745926865214713],[-98.5751130491331,18.74759524438073],[-98.57469165871981,18.748501102005726],[-98.5738793676228,18.749092780533488],[-98.57251866563111,18.749290342455993],[-98.57187721349585,18.749428166759007],[-98.57026944974714,18.748311165861058],[-98.56874616527334,18.74887751764883],[-98.56715174170695,18.747276940972746],[-98.56663387743113,18.747866456948294],[-98.56745301275764,18.750291219862316],[-98.56667468318014,18.751235619540275],[-98.566308678026,18.75322110086267],[-98.56487898301297,18.752237826884354],[-98.56323275561326,18.753080894178733],[-98.56307976308139,18.754160022246673],[-98.56065761346474,18.75459840352124],[-98.55851650467635,18.748806960969194],[-98.5576836164284,18.747830721496868],[-98.55764604313606,18.747782354437895],[-98.55699470967409,18.748554910070187],[-98.55681441982,18.748682889659687],[-98.55665874008706,18.748976720258796],[-98.55661460037133,18.7489472601022],[-98.55445403024413,18.747884690231174],[-98.55414019985562,18.74830286044315],[-98.55376782003417,18.74875993990291],[-98.5536543402525,18.748727310222367],[-98.55359226026147,18.74873240034661],[-98.5534018297904,18.74880929001612],[-98.5521841203837,18.74827854991087],[-98.55212716997588,18.74821911039794],[-98.5520566902561,18.748241419617585],[-98.55197342966633,18.74820025009181],[-98.5504492901972,18.747531689954865],[-98.55033073964924,18.74779334970296],[-98.54999129009047,18.747774110230626],[-98.54966586013083,18.747737540167737],[-98.54936905965798,18.74805576993131],[-98.54895181953503,18.748542630284735],[-98.54817966205918,18.74835456058118],[-98.54816989011624,18.74835218044703],[-98.54816608997946,18.747246050112622],[-98.54788561940398,18.74518840574907],[-98.54788454007146,18.74518049036271],[-98.54684590159133,18.744897919587928],[-98.54682667995885,18.744892690249458],[-98.54736075045149,18.744606000287494],[-98.54738122952567,18.744518830145225],[-98.54737478026783,18.74335746000073],[-98.54734209044504,18.742540310117107],[-98.54734850964971,18.741432280118083],[-98.54739779961191,18.740937600308],[-98.54759766024381,18.74056783026003],[-98.54766876963316,18.739610279791183],[-98.54761514029843,18.73922448978732],[-98.54761957009303,18.7389848898127],[-98.54794614046202,18.73824903032883],[-98.54896065554749,18.736689727301897],[-98.54896082958456,18.736689459641987],[-98.54878998008724,18.736517799704494],[-98.54854696952991,18.736546060273202],[-98.5469705274867,18.736325813048783],[-98.54695811975027,18.736324079578036],[-98.54722227968506,18.735458000385847],[-98.54690896727412,18.735087147105176],[-98.54690302989606,18.735080120026797],[-98.54654388980902,18.734776879623272],[-98.54617347964995,18.734589829763586],[-98.54554129001545,18.734483750296715],[-98.5451266502248,18.734904569654002],[-98.54348365962315,18.73579454008232],[-98.54355030972077,18.737059779547238],[-98.5431759495404,18.737408259663383],[-98.54313256262664,18.73744097472071],[-98.54314893693642,18.737513966167306],[-98.54364558338924,18.7401064182653],[-98.54374437564425,18.74064640586612],[-98.54373489180765,18.741022573091527],[-98.5434445570346,18.74139221843949],[-98.54197736220183,18.741626987873246],[-98.54124308551792,18.74177123398347],[-98.54057039868471,18.741701832902123],[-98.54029768543793,18.741372876453937],[-98.5401373146888,18.74104652931078],[-98.54012197136524,18.73996536864432],[-98.53993590960478,18.740130310316157],[-98.5394015703412,18.74080391031027],[-98.53869521974843,18.74094799990205],[-98.53822712026106,18.742370820093505],[-98.53811690952962,18.743075219965267],[-98.53795639973187,18.743738080377746],[-98.5375090298066,18.7438779396269],[-98.53724941445674,18.744957099018045],[-98.53724914986736,18.744958200373688],[-98.53716586947215,18.744858702652724],[-98.53715722981019,18.74484838024408],[-98.53644018020034,18.744869379707158],[-98.53590671025644,18.74491989016356],[-98.53588943542273,18.744918378798374],[-98.53588282993654,18.74491780027452],[-98.5354978295506,18.74374690966544],[-98.53559760821706,18.74303551733869],[-98.53560046024465,18.743015180005482],[-98.5355473100884,18.74305740033037],[-98.53539595025384,18.74311759999504],[-98.53520217030417,18.742949660090524],[-98.5342831067187,18.74284649182291],[-98.53426428957287,18.742844379716324],[-98.53436291005869,18.742754980223573],[-98.53425397964257,18.741633680312415],[-98.53409162034256,18.740830690218207],[-98.53383086031346,18.738036490047485],[-98.53401217012106,18.738086510320986],[-98.53402137962689,18.73744495013784],[-98.53403244967448,18.7371063199753],[-98.53403855000774,18.736397110392023],[-98.53388614034175,18.73514420043348],[-98.53400322021065,18.734082830271255],[-98.53432509027361,18.733008149869764],[-98.5353343804265,18.731970920203572],[-98.53537755043607,18.73189844008689],[-98.53537925980613,18.731895570072524],[-98.53442956990962,18.731283310355664],[-98.53417373973892,18.731189170318626],[-98.53392137958468,18.731088820182517],[-98.53360268992576,18.73099322968896],[-98.53308384992624,18.73112722038782],[-98.53236283018946,18.73116106009011],[-98.53171471971353,18.73070757992135],[-98.5312942297336,18.730443719790912],[-98.53062600009235,18.730123309586816],[-98.52993606019255,18.729799339861046],[-98.529194830153,18.72955868961222],[-98.5286569496588,18.72937247959741],[-98.52756448071638,18.728903393336164],[-98.52755425035248,18.728899000162897],[-98.5275682797636,18.728708380238732],[-98.52751337007965,18.728411819586608],[-98.52749918010971,18.72817471978156],[-98.5277215199758,18.727679150323205],[-98.52784328984076,18.727121489955003],[-98.52840201983872,18.726451569973026],[-98.52881609039986,18.726051380383907],[-98.52905106011869,18.725952769605627],[-98.52971144865535,18.725800948395264],[-98.52971692046174,18.725799690072872],[-98.52967419848491,18.72577442056982],[-98.52966450975435,18.725768689956368],[-98.5296584315759,18.725510819823043],[-98.52965817971197,18.725500120165528],[-98.52928951042786,18.72551597977462],[-98.5288162499735,18.725679689701582],[-98.52854535020332,18.72570960016806],[-98.52836125979347,18.725742199956628],[-98.52821788960588,18.72575186017947],[-98.52798599972728,18.725772349669384],[-98.52754239677985,18.72562992399303],[-98.52753384965156,18.725627179633737],[-98.52751587963554,18.72551866018344],[-98.52754802381772,18.724935118350835],[-98.52754836992477,18.724928829554194],[-98.52705149005679,18.72473289019783],[-98.52667448044464,18.724983050350446],[-98.52639037984184,18.724907340006645],[-98.52623788044839,18.72477697982058],[-98.525765500423,18.724461136160716],[-98.52575725007925,18.724455619603578],[-98.52567552661944,18.72420330879084],[-98.52563251003127,18.72452375296616],[-98.52563113370022,18.724578061491016],[-98.52555037843541,18.725064590850707],[-98.52540906135724,18.725496666802865],[-98.52464360023306,18.72656561305667],[-98.52385043493018,18.727606741613833],[-98.52352239340594,18.72822400284912],[-98.52337443160225,18.72957908264209],[-98.52328323327387,18.730935496021548],[-98.52332416002346,18.73156138425759],[-98.52345643457645,18.73194486916461],[-98.52406640034467,18.732529708210365],[-98.52447975723572,18.733028440201355],[-98.52460170950081,18.73381925355942],[-98.52432216417812,18.734763721480036],[-98.52430357520751,18.735496914824427],[-98.52448849402771,18.736044662448613],[-98.52503827588338,18.736763958853757],[-98.52571415537756,18.738111147069297],[-98.5261179006593,18.738990066854235],[-98.52608057133793,18.739342429461214],[-98.52373307412566,18.740075606203362],[-98.52305253074574,18.74003253724041],[-98.52274649737512,18.739780841078257],[-98.5218923373283,18.735386246422205],[-98.52159527438734,18.734781533979362],[-98.5212331769813,18.734501356303436],[-98.52075203639808,18.734435767475347],[-98.5199600546433,18.73430856742087],[-98.519653350747,18.73408402599874],[-98.51944214034268,18.73345414839478],[-98.51926448054401,18.72926566026851],[-98.51927551187475,18.728831186316082],[-98.51943121112083,18.728291413368158],[-98.52053730786119,18.727230450908632],[-98.52183710173811,18.7252502170904],[-98.52294797630607,18.723999170670247],[-98.52351931662696,18.72267708541502],[-98.52363685444482,18.72239328470046],[-98.5234189698298,18.721993370225213],[-98.52329576958327,18.721604910425317],[-98.52316104959112,18.72112345003665],[-98.52319819992374,18.72070455011369],[-98.52310745125509,18.72045537532886],[-98.52310648038745,18.720452709784695],[-98.52299763722544,18.720358683949478],[-98.52298791999195,18.720350290145213],[-98.52297974985315,18.72015332030426],[-98.52294445032648,18.719922919773722],[-98.52283555008223,18.71957096964363],[-98.52276459960518,18.719476200248685],[-98.52265818799694,18.719120482917],[-98.52265681998878,18.719115910302147],[-98.52259394003741,18.719073259605516],[-98.52222283524044,18.718784242795383],[-98.52221947968565,18.71878162989398],[-98.52209987525747,18.71863907176057],[-98.52209312016235,18.718631019826407],[-98.52161981997513,18.71828268036494],[-98.52127045728326,18.718042903407486],[-98.52126818023639,18.718041340424712],[-98.52109595029819,18.71784142965648],[-98.5207623715319,18.717395087417657],[-98.52075898045871,18.717390550420703],[-98.52037828962037,18.717048629643152],[-98.52023991958852,18.71699254999352],[-98.520048020224,18.71692006013349],[-98.51973760401658,18.716760565034033],[-98.51973049007809,18.71675690987988],[-98.51965054986425,18.716559090375654],[-98.51966575753931,18.716182292698786],[-98.51966586032634,18.716179749767903],[-98.51949838136326,18.716048680702187],[-98.51949212024064,18.716043780306112],[-98.51944323037742,18.715969219564627],[-98.51944368012343,18.71587788956108],[-98.51947414972128,18.715789050356623],[-98.51967231955263,18.71573941971838],[-98.51979172016192,18.71560616970142],[-98.51988468952457,18.715427430052177],[-98.51992282969289,18.715259150231986],[-98.51978737041216,18.714890660045988],[-98.51976660035999,18.714644719567595],[-98.51985728038316,18.7145954198359],[-98.51990185978929,18.714592740118213],[-98.52031432012889,18.713485939569868],[-98.5206214299883,18.712821310245747],[-98.52079141955241,18.712683910025692],[-98.52098823026185,18.71224834960759],[-98.5210788202184,18.711478139939953],[-98.52110041315574,18.71137930485623],[-98.52110397986424,18.71136298009889],[-98.52044992036492,18.711658459694675],[-98.52037123001344,18.71207779970773],[-98.5200037803692,18.712501449607508],[-98.51965245988174,18.712864489839575],[-98.51907714034917,18.71359091041878],[-98.51832904998095,18.714485149919966],[-98.51785841977438,18.715008250171426],[-98.51787041877958,18.715016089484198],[-98.51797577970542,18.715084919939674],[-98.5179738921876,18.715087577313277],[-98.51760362008393,18.715608749936607],[-98.51686596999954,18.71608596970369],[-98.51639099998516,18.716259690124616],[-98.5163399101414,18.71690612020625],[-98.51589003015016,18.717651909623683],[-98.51564081991592,18.718073319907067],[-98.51554904967718,18.718061030105513],[-98.51539214022853,18.718008519781353],[-98.51512162998175,18.71835274984167],[-98.51496974979212,18.71948507989807],[-98.51498013718617,18.719490948948565],[-98.51518255023572,18.719605309627962],[-98.51518099732736,18.719609188085027],[-98.51501225034573,18.720030570211318],[-98.51486021815394,18.720224709994792],[-98.51462876972526,18.720520260431858],[-98.51460457811257,18.720744079960923],[-98.5145963621609,18.72082009009068],[-98.51457825955607,18.720987570010514],[-98.51500768893281,18.721486889789258],[-98.51493460548714,18.721649782586333],[-98.51464725883396,18.722290230377897],[-98.51487593806256,18.723128136130892],[-98.51482893857538,18.723451820963504],[-98.5143604201952,18.723801341183467],[-98.51422625023372,18.723750540441124],[-98.51401113988108,18.723632420349173],[-98.51355423801529,18.723440066951536],[-98.51354319957913,18.72343541959553],[-98.5138933019706,18.721847124694634],[-98.51389457020333,18.72184136980851],[-98.51279912477892,18.721392388898153],[-98.51278766020101,18.721387689967923],[-98.51288664967298,18.72105621976013],[-98.51328358035502,18.72066380016805],[-98.51335188002594,18.720466550171157],[-98.51375094108305,18.71983808425651],[-98.51375342029839,18.719834180185405],[-98.51265683574638,18.71926371708148],[-98.51264451976377,18.719257309687983],[-98.51311922983385,18.718526340107505],[-98.51318049037448,18.71845906035836],[-98.51317871040331,18.718360570253772],[-98.51354976185105,18.717879980739063],[-98.51355380012825,18.717874750047713],[-98.51211975657968,18.717350333807545],[-98.51210766004334,18.717345909950428],[-98.51223948959355,18.717010050013386],[-98.51264597979936,18.716055259719838],[-98.51268086788644,18.715920890575035],[-98.51268299988615,18.71591268017299],[-98.51248028972681,18.71587734010871],[-98.5122732547039,18.715924242272184],[-98.51225970980867,18.715927310327874],[-98.5124841512083,18.71512793164622],[-98.51248568994322,18.71512245020938],[-98.51237005615059,18.71507339070747],[-98.51236137992478,18.715069709865507],[-98.51216340209825,18.713899294513656],[-98.51205908317735,18.713282567728825],[-98.51202729263986,18.713094625831424],[-98.5120242194362,18.713076461322288],[-98.5119402683048,18.71317482557682],[-98.5116587836176,18.713921641324873],[-98.51143440955464,18.71409182708416],[-98.51150537912226,18.714373600618067],[-98.51128990881884,18.714598979713735],[-98.51125265617377,18.714576116522544],[-98.511238767836,18.714567592701325],[-98.51122559992378,18.714559511156654],[-98.51033836961831,18.715043920922252],[-98.50979130387397,18.715282439861262],[-98.50973279686207,18.715307948552713],[-98.5097008189531,18.715321890172657],[-98.50961359445398,18.715408246676397],[-98.50948931021955,18.715531290275138],[-98.50894926014794,18.71605951984395],[-98.50865188037838,18.716501800258612],[-98.50809634025713,18.717012690414375],[-98.50786226044933,18.71766479984768],[-98.50761509036239,18.718015339820926],[-98.50699016976837,18.71862824993632],[-98.50686830982431,18.71881928965905],[-98.50673486019326,18.71906244996849],[-98.5067123202858,18.71929390980372],[-98.50642283032991,18.71973468970542],[-98.50603290970115,18.72025974038925],[-98.50555171972266,18.72099754020139],[-98.50513741984942,18.72205802039448],[-98.50498708038161,18.722719150435232],[-98.50525020041438,18.723092889559382],[-98.50506284973459,18.72319822014075],[-98.50495269029904,18.72319311017356],[-98.50508097996308,18.72333145967611],[-98.50491511036222,18.724342750216262],[-98.50441208974084,18.724733980276717],[-98.50390074993147,18.725005649759],[-98.50328198042918,18.726227939743147],[-98.50311740682764,18.72656370682327],[-98.50281708009389,18.727176430365393],[-98.50250046961953,18.727749883400474],[-98.50236072032935,18.728003000254517],[-98.50224724164708,18.72796888145704],[-98.50220563039878,18.727956370158132],[-98.50024889044114,18.72716955042866],[-98.50019134016001,18.7271648599563],[-98.49969306019392,18.727998259901167],[-98.49786320024853,18.727255339878784],[-98.49754640025358,18.727808739942933],[-98.49755711360574,18.727817423990178],[-98.49755902035048,18.727818969681625],[-98.49755794832984,18.727820452388674],[-98.49751719998903,18.727876800416258],[-98.49749146005264,18.72791764968421],[-98.49684926031108,18.727251889859406],[-98.49637582864084,18.72694829526897],[-98.49636503040132,18.72694137036162],[-98.49632174959275,18.727110429778193],[-98.49628083003581,18.72744036977435],[-98.49625987984967,18.72760064969509],[-98.49624607991787,18.727733890399335],[-98.49622694969429,18.7278719700712],[-98.49619202043742,18.728019569995165],[-98.49611634018463,18.728135879710265],[-98.49600365029818,18.728277379857868],[-98.49588781998538,18.728464980079846],[-98.49573883036716,18.728681820072204],[-98.49564300011791,18.72884382017728],[-98.49541031979709,18.72913920026402],[-98.49520082039162,18.729411349656612],[-98.49499489000046,18.729700939552345],[-98.49481308964519,18.730031109951955],[-98.49452246013036,18.730303370375843],[-98.49439319993972,18.73068623040206],[-98.49446385967363,18.731010519636317],[-98.49452203006646,18.73140634985233],[-98.49450394999022,18.731819619930434],[-98.49448127989822,18.732096120056063],[-98.49441088002521,18.73241110988124],[-98.49432477012175,18.732670150347023],[-98.49445211041551,18.732979479692],[-98.49446447965558,18.73320258013645],[-98.49455547988936,18.733635059546398],[-98.49446835011922,18.7341460602839],[-98.49450162035991,18.7342118497046],[-98.49339123044486,18.734866249644572],[-98.49211824977884,18.735616449647328],[-98.49207505036932,18.735613800178665],[-98.4920191995995,18.735600719550384],[-98.49123504994198,18.73604947955175],[-98.49103902978264,18.7361616596425],[-98.49092381972132,18.736140649627743],[-98.490678449734,18.73637929038179],[-98.49061646024424,18.736413480412192],[-98.4899678901875,18.73677104972414],[-98.48897036963457,18.73734809040035],[-98.48879300042564,18.737443319828433],[-98.48811311987136,18.737875999836955],[-98.4880377397151,18.737937599617243],[-98.48787049015243,18.738056979693283],[-98.48750544996098,18.738301000277094],[-98.4873513103515,18.738422399947613],[-98.48721946588293,18.738501680530213],[-98.48628028137371,18.741574750980888],[-98.48465163484131,18.74157252936474],[-98.48398676531153,18.742390268383755],[-98.48343033261614,18.746050432873055],[-98.48314216543369,18.75021072513135],[-98.48294743170214,18.75072701678179],[-98.48253592213415,18.751203459704655],[-98.4817696498765,18.751358977741457],[-98.47749050243999,18.751188516226257],[-98.47506660577037,18.75156418396885],[-98.47367328102952,18.75194714452469]],[[-98.55199680270184,18.753949796019246],[-98.55438782336442,18.753884876095434],[-98.55496757208883,18.75582304146235],[-98.55710117554345,18.755992711877305],[-98.55855774114912,18.758071458301476],[-98.55986415149474,18.758452817858203],[-98.55852431757589,18.75939396730354],[-98.55761714610615,18.760455677006135],[-98.5559497387875,18.761740394890012],[-98.55380387569446,18.76205162104406],[-98.55117960139725,18.761389331140435],[-98.54946181793642,18.754733116644214],[-98.55199680270184,18.753949796019246]],[[-98.50496540235395,18.73622429380245],[-98.51050783808356,18.734135327184266],[-98.5135147459127,18.735980999788648],[-98.51347423311495,18.73605401942198],[-98.51204204688067,18.737647748758295],[-98.51171886946268,18.738194932778054],[-98.51312785231758,18.742074309582954],[-98.5111999212046,18.74339756040273],[-98.51069671678668,18.743422750891646],[-98.51000597600898,18.743221632260422],[-98.50833702219356,18.740445635049365],[-98.50521323776883,18.73863406435024],[-98.50496540235395,18.73622429380245]],[[-98.51595508709595,18.91059090326011],[-98.5169807894352,18.910315196066254],[-98.51737046400966,18.91039924399019],[-98.51767707602828,18.910668667650807],[-98.51812892095232,18.91139106431093],[-98.5197080375103,18.914013059929815],[-98.52193084645776,18.915975735260815],[-98.52227758683455,18.91620862952374],[-98.52289749370773,18.916485369326736],[-98.52410479605021,18.916775827254554],[-98.52554990550495,18.916959429724685],[-98.52562727626159,18.91699870243104],[-98.5258164380837,18.917265375517907],[-98.52580127178051,18.917864464479194],[-98.52579179341187,18.918238898269593],[-98.52550819405569,18.918606932431768],[-98.52510900984548,18.918897336901395],[-98.52479573003195,18.91889002273124],[-98.52417011850449,18.918837949204637],[-98.52285195794072,18.91828264219579],[-98.52223299159049,18.917968455677585],[-98.52168570319856,18.917918201346037],[-98.51969045445885,18.917796627687892],[-98.51827690417086,18.917913427892422],[-98.51772771798437,18.917938043680195],[-98.51732852012803,18.91822842731473],[-98.51716617886918,18.918449420239128],[-98.5171184674845,18.918785495424707],[-98.51714907449848,18.919123400156625],[-98.51734012430838,18.919315200034085],[-98.51780434636943,18.919550855432036],[-98.5182742696711,18.919561850107357],[-98.51957320386683,18.91932997097669],[-98.52012049614447,18.919380234858785],[-98.52093146958025,18.91984878103425],[-98.52274449089207,18.920977658139307],[-98.52397297323888,18.92198046968565],[-98.52504577679909,18.922942173041537],[-98.52511746129792,18.92320610869352],[-98.52510798059016,18.923580548606296],[-98.52497058581544,18.924364132164794],[-98.52499836983083,18.924814378213238],[-98.52514838106966,18.925080144403957],[-98.52584286565444,18.92550849004711],[-98.52680011647294,18.92639256190127],[-98.52694444621253,18.92688299395894],[-98.52693307541024,18.92733233299722],[-98.52680516270931,18.927741482471944],[-98.52644227577471,18.928145148466893],[-98.52503934840665,18.92938627691224],[-98.5230776739501,18.93102648510894],[-98.52287426682034,18.931321471738496],[-98.5221636299985,18.931529671985032],[-98.52040791607506,18.931226365379914],[-98.52002102806199,18.931029982665795],[-98.51963793953013,18.930683819420942],[-98.51964458694347,18.93042170318165],[-98.51969609468955,18.92993583372762],[-98.52008084519073,18.928670950176475],[-98.52009413700493,18.9281467244947],[-98.52006541749373,18.9277339155999],[-98.51920931526283,18.92595296076816],[-98.51887870295504,18.92508350070891],[-98.5183885963521,18.924322707311276],[-98.51747912480575,18.92310250975467],[-98.51567562262683,18.921599121299085],[-98.51537089206934,18.921254793293517],[-98.51498879404232,18.92087118742569],[-98.51268973553417,18.92036774559425],[-98.51237645303551,18.920360404687777],[-98.51186451178101,18.92046080473311],[-98.51154171332801,18.920827898090714],[-98.5114901784132,18.921313746416942],[-98.51175002881432,18.92188182727048],[-98.51234900806578,18.9229823819569],[-98.51267767421487,18.923926739073313],[-98.51267006266325,18.924226291731607],[-98.51254211308627,18.924635423024014],[-98.51229953000842,18.9249294711509],[-98.51165771651114,18.92551389215518],[-98.51129478979645,18.925917518700132],[-98.51099019618938,18.927109311981106],[-98.51081831740998,18.927704753403123],[-98.51031136571245,18.9306902326447],[-98.5100248452601,18.931170591942244],[-98.50942882326332,18.93149382162028],[-98.50887862950415,18.931555849349504],[-98.50841152393734,18.931432490406017],[-98.50823189975814,18.930791330000986],[-98.50771305045568,18.92808152374147],[-98.50781233640956,18.927259581084652],[-98.50861642738028,18.92491804760092],[-98.50863166732326,18.924318944069245],[-98.50856096460473,18.924017554063287],[-98.50821994055481,18.923559957566617],[-98.50752266234419,18.923243866284352],[-98.50693715066211,18.923155193437623],[-98.5063850777687,18.923292101562385],[-98.50594763264223,18.92354409572336],[-98.50554942367197,18.92533313369875],[-98.50526487541393,18.927274720719954],[-98.50517701656837,18.927647326602766],[-98.50488953119682,18.92816511331061],[-98.50456955606833,18.9284198655267],[-98.5041349517985,18.928559527157457],[-98.50382069733132,18.928589611052097],[-98.50342906599369,18.928580411326916],[-98.50291518419186,18.92875567289345],[-98.502674482886,18.928974819946013],[-98.50262864088806,18.929236014212016],[-98.50271178167368,18.930586786641953],[-98.50270224079128,18.930961232316278],[-98.5026564010097,18.931222428220828],[-98.50237557622894,18.93147810019789],[-98.501937507274,18.93156397921694],[-98.50249787338522,18.933144165849],[-98.50284409240938,18.93437438660199],[-98.50273543908816,18.935665946137757],[-98.50200983403381,18.937446442498302],[-98.5019177487615,18.938091348268905],[-98.50179618889675,18.939885870562545],[-98.50070774426015,18.941082794823433],[-98.49972428213404,18.941131847878857],[-98.49835589734839,18.941459526919502],[-98.49766893648044,18.941731138877845],[-98.49683464252894,18.941855534042023],[-98.49625994926483,18.943639527397877],[-98.49698738342008,18.944734853221664],[-98.49642375025783,18.946087744898797],[-98.49578105135465,18.944634912026785],[-98.49472943360338,18.944394771589195],[-98.49507762069919,18.942605513739693],[-98.49578673593058,18.94147169887802],[-98.49649952825794,18.94019418046149],[-98.49623992966673,18.938534586228933],[-98.49497844811818,18.937642524134095],[-98.49429519089942,18.937770417129357],[-98.49388626806513,18.938983098154033],[-98.49332632111022,18.940192265734034],[-98.49226920145254,18.940167662066976],[-98.49207038500606,18.93908462419441],[-98.49209809328227,18.938006861862785],[-98.4916027963541,18.936701243414543],[-98.49155869594173,18.93547802465734],[-98.49189766559532,18.934048046614215],[-98.49309836230167,18.934363569446607],[-98.49298592240511,18.935798822825276],[-98.49342603400233,18.936312320299148],[-98.49470964388523,18.93634218523055],[-98.49584039548331,18.936440378101107],[-98.49718291294107,18.93711863493372],[-98.49737070148215,18.93863276791338],[-98.49794156894465,18.939940125443705],[-98.49880719302789,18.938594257398147],[-98.49974277741944,18.93746569266908],[-98.49946102499807,18.936668318550996],[-98.49918664967511,18.93558354077491],[-98.49929165071622,18.934435685677766],[-98.49954028553385,18.933578741550413],[-98.4996360653229,18.93279014036973],[-98.49959057483001,18.931458076749593],[-98.49951568632214,18.931448333940093],[-98.49897408351399,18.931173321604202],[-98.49859391047882,18.93071477110516],[-98.49868083293364,18.928843453687932],[-98.49865790757175,18.92820597557671],[-98.49847355383092,18.927752034396537],[-98.49793674694526,18.927289801402377],[-98.49646864877032,18.92646844559315],[-98.49604264738727,18.926271085596735],[-98.4956968775098,18.92600067724589],[-98.49516582012232,18.92531377333945],[-98.49503116390922,18.924448871291684],[-98.49494622730212,18.92163690243486],[-98.49492523524049,18.920924554226776],[-98.49498255934316,18.920214053871305],[-98.49546300450638,18.919813243889863],[-98.49754805016515,18.919487667466765],[-98.5002606033257,18.919139354371893],[-98.50084800511763,18.919153165663165],[-98.50154715928771,18.919394396415214],[-98.50189482860748,18.919589896389667],[-98.50239628011899,18.919901407527203],[-98.50289773101962,18.920212918863854],[-98.50344311522957,18.920338128841884],[-98.5041078899638,18.92039121079018],[-98.50474017620947,18.92018126639752],[-98.50525784087431,18.919856229780873],[-98.50542783115208,18.91933570239003],[-98.50531980984974,18.917422423829805],[-98.50429963346922,18.914401251310412],[-98.50399971591446,18.913869697266605],[-98.50357946254208,18.913447711817984],[-98.5029615113663,18.913096010576435],[-98.50257756311093,18.91278727008434],[-98.50208472408531,18.9121387891333],[-98.50193668367055,18.91179812708703],[-98.50182779617325,18.911458386776946],[-98.50180199805064,18.91093327676896],[-98.50201209981887,18.910376249139265],[-98.503076987159,18.91010155848792],[-98.50354592509397,18.91015003987394],[-98.50432526008493,18.910318204235253],[-98.50455544212309,18.910510932242627],[-98.5049623381384,18.911457099913875],[-98.50515336023216,18.91164890793593],[-98.50550387519701,18.911732067540285],[-98.50589545550395,18.911741260705483],[-98.5068362020695,18.91172587901801],[-98.50738060159296,18.911888513423538],[-98.50788203559068,18.912199996871497],[-98.50855830667766,18.913339803897223],[-98.50973698950231,18.914753652167544],[-98.5099643253264,18.915058702649254],[-98.51035115475901,18.91525509906603],[-98.51101400240057,18.915383034308842],[-98.51179908649632,18.915326506882682],[-98.51617919670839,18.915653889529704],[-98.5166882666752,18.915665804534132],[-98.51732241133922,18.915380924382514],[-98.51741118341562,18.914970886106175],[-98.51742353484225,18.914484129996524],[-98.51666031503358,18.913679506906412],[-98.51635464938377,18.91337263452643],[-98.51542245230505,18.913051095073648],[-98.51460012545165,18.913031839595465],[-98.51279598644375,18.91310197241138],[-98.51213029252544,18.91308637397151],[-98.51146555210502,18.913033329759518],[-98.51092590105327,18.91268349738793],[-98.50954096066855,18.911676943588585],[-98.50924198063639,18.91110796267307],[-98.50933172320437,18.910660494911518],[-98.50969080999755,18.910406666421302],[-98.5102781751854,18.910420439897187],[-98.51093719123386,18.91069814022382],[-98.51186365289809,18.911244359535132],[-98.51260670355347,18.91129923555065],[-98.51323418079188,18.911276473753837],[-98.51398198485832,18.911144131681734],[-98.51595508709595,18.91059090326011]]],[[[-98.65568014416053,18.708803470270535],[-98.6556835997197,18.708887659751703],[-98.65496372012149,18.709811980394704],[-98.65582697043715,18.710535000267992],[-98.65607968010987,18.711442459596217],[-98.65619368046008,18.712235719887957],[-98.65631688970375,18.71230670992515],[-98.65637525040192,18.712622850110748],[-98.6567304496785,18.7128097496407],[-98.65701429006036,18.713115029885035],[-98.65717382957038,18.713352370163264],[-98.65763548024707,18.713657969985277],[-98.65800834991938,18.713895690405042],[-98.65838145975073,18.71403183013587],[-98.6588258598798,18.714066489828426],[-98.65905713964959,18.71399917980937],[-98.65930695011197,18.714099650156577],[-98.65962654018293,18.714320340145008],[-98.65979747954172,18.714391919685976],[-98.65993942999857,18.714756619846273],[-98.65995746031027,18.714764779804046],[-98.65994864957584,18.7145129202265],[-98.65988351041797,18.713283980057277],[-98.65977913974385,18.710996909627852],[-98.65984002014223,18.710511140391585],[-98.6598770203109,18.710362879649075],[-98.65994510989043,18.709798220265927],[-98.65991655005219,18.709070490171687],[-98.65995487964196,18.708553229854118],[-98.6599479502946,18.708111110113645],[-98.65969311037462,18.706871379766067],[-98.65963446002098,18.70624834968749],[-98.65970525010519,18.705965180251518],[-98.65973364987285,18.705435920038628],[-98.6597820802602,18.70478301970093],[-98.65985407995072,18.703364459814342],[-98.65993196959133,18.702240380286554],[-98.65994634991971,18.702104000166006],[-98.6598903796833,18.701908219729415],[-98.6599434796331,18.70184872010572],[-98.6603062204252,18.701033249605093],[-98.66061508989233,18.700835719919368],[-98.66067940025277,18.699168310444808],[-98.66067842004509,18.699155310120645],[-98.66131708984068,18.698659800384927],[-98.66144028974021,18.69820052022762],[-98.66147537004251,18.69820576960455],[-98.66190239964916,18.6981308004215],[-98.662068493464,18.697524236048835],[-98.66203301062062,18.697521009802813],[-98.66103973232053,18.697017661960647],[-98.65922894029823,18.696511858045668],[-98.65916703340291,18.696494565099822],[-98.6583837495658,18.69767963397586],[-98.65842480419894,18.697854051197385],[-98.65872526368905,18.699130498336764],[-98.6586810303651,18.700933512177706],[-98.6586191024921,18.703457755154634],[-98.659197171721,18.705515314183724],[-98.65877675991024,18.707246141862047],[-98.65731858669957,18.707955755751787],[-98.65568014416053,18.708803470270535]]],[[[-98.62432707853333,18.710405247700432],[-98.62475290962054,18.710547400303245],[-98.62501114042121,18.710545000317953],[-98.62549883002772,18.710467740102285],[-98.62612567994726,18.710262140335754],[-98.62622500023961,18.710247980097915],[-98.62821342984962,18.709538249796335],[-98.62937545990658,18.71070391999311],[-98.62978079970901,18.710692580365627],[-98.63067268976455,18.710830369612534],[-98.63129874033635,18.71089488017139],[-98.63175224986146,18.711092350085423],[-98.63332890972363,18.71095608988794],[-98.6342067197648,18.711017630435816],[-98.63564589032772,18.7103816601871],[-98.63644602005411,18.709951020402293],[-98.63668605968262,18.70980381974211],[-98.63763988009482,18.709274119617824],[-98.63846914022244,18.7088475697578],[-98.63909597971755,18.70847880012328],[-98.63983216999057,18.708042200375605],[-98.64032929032972,18.707643940031435],[-98.64034948046537,18.707662489894602],[-98.64132499978842,18.708455970348194],[-98.64225576994934,18.70901473974799],[-98.64234809005553,18.70883750978732],[-98.64261652029789,18.707409619698627],[-98.64269964991135,18.706887910372227],[-98.64269941834843,18.70684303566359],[-98.64143872995531,18.70659421623651],[-98.64237916078523,18.70441515740622],[-98.64382339682723,18.701922090279254],[-98.64392410251754,18.69783527085757],[-98.6414014055406,18.693088008580073],[-98.63791644021153,18.691686404305706],[-98.63451559234089,18.69197031291602],[-98.63069324635327,18.694048564683854],[-98.63073264680807,18.69753715816747],[-98.63180091672018,18.700086951867657],[-98.6312151294895,18.70344120997172],[-98.62853564726984,18.706564305243415],[-98.62741225608552,18.707175158884834],[-98.6267319543426,18.707796042139467],[-98.62490733144898,18.709875696146394],[-98.62432707853333,18.710405247700432]]],[[[-98.60656811595688,18.706997051909287],[-98.60662948036541,18.707632889585746],[-98.60654523001662,18.70881657004609],[-98.60647404978283,18.709905170402198],[-98.606798319912,18.710057659657934],[-98.60720310991,18.709975949865477],[-98.60775949010412,18.709956480417656],[-98.60843043018541,18.71039134967059],[-98.60905161963919,18.710468339716712],[-98.61010471997018,18.710263000041692],[-98.610155539664,18.71150485044335],[-98.61087864974863,18.711245709699398],[-98.6116101401257,18.71068048033126],[-98.61226217996266,18.710245519827804],[-98.61249850132555,18.710097694892912],[-98.61024006129934,18.708907966053776],[-98.60752835176004,18.70701893978878],[-98.60656811595688,18.706997051909287]]],[[[-98.61313353168144,18.718662051687126],[-98.61307026013239,18.71826474980934],[-98.61248505005906,18.718003220352934],[-98.61231715041595,18.717420220369764],[-98.61207136987338,18.716737889557944],[-98.61171416973033,18.715688889569815],[-98.61149745971056,18.71559582038545],[-98.61051145013248,18.715256060167405],[-98.61112462025345,18.714497880094697],[-98.61118668014697,18.714286889858826],[-98.61125580021643,18.714051880014743],[-98.6107745200115,18.713889710281958],[-98.61000739973305,18.713491420068472],[-98.60952642033799,18.713205289674494],[-98.60887585981831,18.71305517996726],[-98.60852262014582,18.713299660220557],[-98.60817277992666,18.7133430302718],[-98.60747277022026,18.713269249718497],[-98.606628919663,18.713126220420136],[-98.60596846071172,18.71258996988416],[-98.60679923141763,18.714673151318667],[-98.60901600016624,18.716527821703465],[-98.60922240558406,18.71833667811215],[-98.60935352256503,18.718351100091343],[-98.61198075612984,18.7186400595152],[-98.61313353168144,18.718662051687126]]],[[[-98.61377694953309,18.72234255335666],[-98.61398808990216,18.72199280026778],[-98.61385962818291,18.72188863057619],[-98.61377694953309,18.72234255335666]]],[[[-98.61660480989921,18.749135274903097],[-98.61670709047391,18.748793579982976],[-98.6172777503632,18.748418620446206],[-98.61701695032423,18.747830649662415],[-98.61679238028837,18.747254049554833],[-98.61638476980528,18.746861149891828],[-98.61679656981407,18.74670274989078],[-98.6173067695848,18.746337780252937],[-98.61746651025499,18.745970919971903],[-98.618037349985,18.745504399868455],[-98.61846919983276,18.745146029772723],[-98.61856011007383,18.74507058027602],[-98.61887940004372,18.744417089710804],[-98.61897634026728,18.744358769936614],[-98.61900906044656,18.74433092009717],[-98.61935976958512,18.744084180066068],[-98.62163649003787,18.742385000443353],[-98.6216959997905,18.742021350129754],[-98.6223419096813,18.741533820021548],[-98.62263746045448,18.740886750231027],[-98.62312959978023,18.74080305971747],[-98.62304626035333,18.739852379802304],[-98.6228044201523,18.73959943035925],[-98.62271950988811,18.739239579773667],[-98.62250064994954,18.73882794003292],[-98.62208487985318,18.738442799951272],[-98.62155108032327,18.737457580408126],[-98.62124017011024,18.736750340373742],[-98.62087648993281,18.736365309546017],[-98.6205402798145,18.735292660242965],[-98.62076462040439,18.733941879855852],[-98.6206878904106,18.733321879559835],[-98.62051814018618,18.73288743040347],[-98.61991970959829,18.732238630426547],[-98.61962113972515,18.731853719762366],[-98.61943667970544,18.731704420081225],[-98.61929628017303,18.73158033978771],[-98.61841211978646,18.731070279752647],[-98.61783757010755,18.730493569613945],[-98.61748793989655,18.730006120054785],[-98.6167918500429,18.729507629569923],[-98.61616102044316,18.728468179881272],[-98.6153192898216,18.72656630977314],[-98.6151890900368,18.726220349791138],[-98.61537427983441,18.725324319715835],[-98.61546711952856,18.724568310186893],[-98.61479174991366,18.723860310141372],[-98.61427193964535,18.72346253990845],[-98.6136418682656,18.723084171282768],[-98.61360257338485,18.7232999051136],[-98.61287055296845,18.724621477157154],[-98.61279037584984,18.72476622509121],[-98.61176969837618,18.72569751310347],[-98.61009738735615,18.726083673801476],[-98.60633058996885,18.725997843045295],[-98.60619694632737,18.72601311735434],[-98.60257374812332,18.72956807820057],[-98.60192779114129,18.730437533146002],[-98.60089917682133,18.731560385501307],[-98.59907091946083,18.732057414061842],[-98.59889030443355,18.7340704367846],[-98.5985895401511,18.7348698676703],[-98.5982987746955,18.735266375077803],[-98.59681142618045,18.73576991571662],[-98.59638027025885,18.736163212041344],[-98.5958589029819,18.737360757683973],[-98.59577202760298,18.738030695939106],[-98.59677821074236,18.739935112636523],[-98.59705064678656,18.740277308414996],[-98.59788463038922,18.740632336513126],[-98.5999219037162,18.740611696400556],[-98.60033806743094,18.740822781507028],[-98.60060717860682,18.741299283774204],[-98.60080276885776,18.741908493470355],[-98.60086296568055,18.742313033299812],[-98.60126604837116,18.74588354379448],[-98.6017843179479,18.747642451665246],[-98.6021186476543,18.748322039669198],[-98.60301956136416,18.74881297162989],[-98.60378341335998,18.749166381323292],[-98.60455059652837,18.74938546950084],[-98.60594290768994,18.7498875971358],[-98.60621372261242,18.750296946598723],[-98.60626895068806,18.750902970861183],[-98.60624899267546,18.751708869834637],[-98.60614501448393,18.752834864258116],[-98.60651662964663,18.752934750418877],[-98.60679940019158,18.752988969702866],[-98.60720237986453,18.753066780060223],[-98.6079704800373,18.75319899983281],[-98.60849145036696,18.75338292042458],[-98.60906749028804,18.753488620178945],[-98.60953297994142,18.7539336198697],[-98.60958709039274,18.754273279727485],[-98.60964102970908,18.75469130990651],[-98.60969499979726,18.755083219605027],[-98.60991387958079,18.75537097960885],[-98.61018782987414,18.755580509764695],[-98.61035194021046,18.755815920429338],[-98.6104335101669,18.75615566033669],[-98.61049594009991,18.756265170230787],[-98.61059748984887,18.756443309879035],[-98.61081680042348,18.756548250444055],[-98.61106323013858,18.756783829775095],[-98.61114467965649,18.757175799891453],[-98.61128062984767,18.757724580385148],[-98.61186383047873,18.75894817976031],[-98.61251427963602,18.758354650141058],[-98.6128886299086,18.758013029922413],[-98.61292910981632,18.757976088024932],[-98.61278742036772,18.757637922035244],[-98.61283337830555,18.75715188141325],[-98.61328722335871,18.756642650231285],[-98.6134688722512,18.756159700120342],[-98.6133185042153,18.755376945895502],[-98.61175597755707,18.752678685842785],[-98.61170979693829,18.751800898142278],[-98.61207149022245,18.750899925932757],[-98.61355020402381,18.75012178550889],[-98.61571295633311,18.749131888687042],[-98.61642611859114,18.74911562966743],[-98.61660480989921,18.749135274903097]]],[[[-98.5850730685251,18.75996383519251],[-98.58519638032651,18.760003259908963],[-98.58555515016083,18.759596450222357],[-98.58678328024686,18.758642690094735],[-98.58675564954784,18.7581771495846],[-98.5869000900819,18.757931049571543],[-98.58708965460248,18.757729015601416],[-98.58423116685043,18.757339641320954],[-98.5850730685251,18.75996383519251]]],[[[-98.55075800285468,18.881088509207732],[-98.5507132303461,18.881088400192553],[-98.55019137966937,18.88108268009499],[-98.54988687968573,18.88106649018537],[-98.5496634597772,18.881025169594356],[-98.54960262970486,18.88101391984329],[-98.5495545400179,18.880995379607533],[-98.54934857982602,18.88091601993815],[-98.54905202974565,18.88077062975755],[-98.54900328007318,18.880746739820637],[-98.54894342986806,18.880722179854846],[-98.54868232041923,18.880615060388006],[-98.54820354968999,18.880350110022224],[-98.54808927979963,18.88028465964452],[-98.54799174952925,18.880228799848],[-98.54789588029105,18.880173890067166],[-98.54783261986807,18.88013765982803],[-98.54753377985772,18.880040049997547],[-98.54733026017954,18.879832150003082],[-98.54694897028398,18.879735379801666],[-98.54686742011133,18.87975416965723],[-98.54664274017247,18.879805940432682],[-98.54643091037823,18.8800131497171],[-98.54625804976979,18.880228659740087],[-98.54598458028266,18.88014948018381],[-98.54631417016724,18.880494719620714],[-98.54648116999167,18.880718319688235],[-98.5464999195471,18.880814599563102],[-98.54658134982319,18.881232319584942],[-98.54657717985828,18.881341479842188],[-98.54656542012364,18.881650290239207],[-98.54725931015682,18.88225725979651],[-98.54728413978515,18.882278970055168],[-98.54759844990159,18.882732180399646],[-98.54777314027834,18.882984109625593],[-98.54816611030354,18.883096679703556],[-98.54820280037802,18.883565749920873],[-98.54814022322047,18.884090100330276],[-98.55075800285468,18.881088509207732]]],[[[-98.69947807051791,18.909790392842183],[-98.69962554041373,18.90964209009723],[-98.69965311970299,18.908501769898866],[-98.69964014985621,18.908308540285105],[-98.69947045029086,18.908027969654043],[-98.6993777196046,18.90783981984644],[-98.69971048009909,18.906898429910914],[-98.70018734985061,18.906503539936836],[-98.70092420044641,18.905588480389277],[-98.70115746037658,18.905129310293002],[-98.70324756954385,18.903583860027318],[-98.70489382982186,18.902975859935758],[-98.70621801955225,18.90297794976183],[-98.70734322988356,18.902855510031788],[-98.70722431018766,18.90201570994171],[-98.70722507276813,18.90157522362629],[-98.70722507433922,18.90157429081787],[-98.70722583040072,18.90113793990737],[-98.7071980346031,18.900920825173532],[-98.70710434955083,18.900189049986786],[-98.70705121375386,18.899991254759424],[-98.70699099972344,18.89976711013649],[-98.70711765226939,18.899561372251117],[-98.7074006874868,18.899101597370816],[-98.70740494001105,18.899094690388452],[-98.7072861464373,18.898799869860323],[-98.70712188999948,18.8983922200331],[-98.70758559958855,18.897823510138135],[-98.70766196993755,18.897594970063107],[-98.7074970001179,18.896752460417073],[-98.70756394969979,18.895805969754328],[-98.70742398010394,18.895380430390123],[-98.70686010973235,18.894982199960786],[-98.70607422029695,18.894277119564823],[-98.70597409029476,18.89362308041523],[-98.70580679985561,18.892512060222625],[-98.70572786045791,18.89175148993908],[-98.70568061988324,18.89078962043972],[-98.70609965994802,18.889872110367474],[-98.70621017965973,18.889280199977247],[-98.70637170984836,18.888848939594293],[-98.70651228010458,18.888508060327514],[-98.70701036995989,18.887243850287767],[-98.70721954022032,18.886619249876524],[-98.70769514010725,18.885984140148857],[-98.70798834001491,18.885909979772315],[-98.70877445021128,18.884408769753946],[-98.70932281993,18.88367028003634],[-98.70970502002038,18.88355278003149],[-98.71004705983734,18.882456219670672],[-98.71010325046761,18.882275279892003],[-98.71049308041925,18.880937090253212],[-98.710904969653,18.879587089571523],[-98.71096177043853,18.879088549779922],[-98.71096960996437,18.87906616130713],[-98.71107545038618,18.878763879970936],[-98.71134503038773,18.878560049771114],[-98.71145668919749,18.87832487068277],[-98.71146034556077,18.878172504094135],[-98.71129608696425,18.877347412609787],[-98.71112056057345,18.876991482431247],[-98.7108195777114,18.876750129885426],[-98.71039454679934,18.876564710969728],[-98.70880438976963,18.876353533670628],[-98.7074516561186,18.876239456565735],[-98.70682356452438,18.87808527343088],[-98.70581621057953,18.880961757985993],[-98.70572417984417,18.881787948222865],[-98.70562717035925,18.882821087594923],[-98.70567111667104,18.883995392063785],[-98.70539501079077,18.886473999942492],[-98.7053734528129,18.887370789838698],[-98.70468441503861,18.88901203333787],[-98.70333284417757,18.891190789063334],[-98.70048363368103,18.895614099781895],[-98.6968589592895,18.899260965365666],[-98.696266851977,18.899869042200805],[-98.69450713845771,18.901003383380708],[-98.69398882848957,18.901544067884252],[-98.69360148246155,18.902639856407664],[-98.69343222918111,18.90367146950064],[-98.69341225755676,18.90449932761789],[-98.69410708561708,18.905619165572425],[-98.69764290812363,18.908665762935065],[-98.69947807051791,18.909790392842183]]]]},"properties":{"CLAVE":"RS","DESCRIPCIO":"AGRICULTURA DE RIEGO SEMIPERMANENTE"}},
{"type":"Feature","geometry":{"type":"Polygon","coordinates":[[[-98.60396906144545,18.66423502147537],[-98.60391605039932,18.66447448975156],[-98.60363806000134,18.665170979646014],[-98.60262997959936,18.666433479558272],[-98.60252664958905,18.666888949711993],[-98.60264488786144,18.667532672134023],[-98.60372291392927,18.666807084647008],[-98.60411555591564,18.666289489272735],[-98.60418734419484,18.665486614368724],[-98.60420668593626,18.664706779737756],[-98.60396906144545,18.66423502147537]]]},"properties":{"CLAVE":"TA","DESCRIPCIO":"AGRICULTURA DE TEMPORAL ANUAL"}},
{"type":"Feature","geometry":{"type":"Polygon","coordinates":[[[-98.58169281341057,18.718187941396643],[-98.58190489316769,18.719756428331795],[-98.58200339283904,18.7208412002357],[-98.58247693889173,18.722552412510737],[-98.58434256453401,18.722819383623083],[-98.58659832946941,18.72311170315267],[-98.58898276880993,18.723286658497024],[-98.5916064936147,18.723948177249508],[-98.59436191206458,18.724372104183473],[-98.59402703248206,18.72268051864163],[-98.59255827222982,18.72108326260746],[-98.59067346941694,18.721040091877086],[-98.58855542940307,18.72026987715571],[-98.5860664826954,18.719250570208665],[-98.58460388270706,18.717412841718225],[-98.58235424969448,18.716880082723478],[-98.58169281341057,18.718187941396643]]]},"properties":{"CLAVE":"TA","DESCRIPCIO":"AGRICULTURA DE TEMPORAL ANUAL"}},
{"type":"Feature","geometry":{"type":"MultiPolygon","coordinates":[[[[-98.3879801595339,18.795093421605234],[-98.3870608500293,18.79636364982154],[-98.38675002960076,18.79673073984129],[-98.38643987979023,18.79691376987897],[-98.38616869032445,18.797023319626163],[-98.3857803702593,18.797426949770003],[-98.38542926021124,18.798235650061976],[-98.38519704995682,18.798785999894136],[-98.38506502034032,18.79915860018622],[-98.38484586037693,18.799530919677284],[-98.38432135010677,18.800026570444366],[-98.38392810964103,18.800356859734322],[-98.38349100028654,18.800769909895134],[-98.38348949000012,18.801184380371478],[-98.38357495007197,18.801640600135794],[-98.38357359991217,18.802013629898497],[-98.3833975400699,18.80251042995731],[-98.3829599796179,18.80304781975241],[-98.38191150954398,18.803873309609898],[-98.3807335697654,18.804366779551255],[-98.37981834026483,18.804488090024265],[-98.37955805030269,18.80419708990818],[-98.37938425982486,18.804072169728567],[-98.37921016986556,18.80403013973297],[-98.37873099968222,18.804028540396544],[-98.37829479981099,18.804192879956112],[-98.3780754803677,18.804606630429646],[-98.37798621979944,18.80518661989667],[-98.37811583000389,18.805477180203834],[-98.37824529018116,18.805809200269014],[-98.37807028969212,18.80601586031627],[-98.37759082027388,18.806097149949554],[-98.37698097014794,18.80609511982987],[-98.37650102977999,18.806300769551516],[-98.37619517972692,18.806548429873263],[-98.37609325959328,18.80649514032901],[-98.376017170344,18.806723980088517],[-98.37547322032317,18.80711361987391],[-98.37486304953823,18.807316169613507],[-98.37391515025337,18.807158889965354],[-98.3734675098253,18.807283150243215],[-98.3731281500525,18.807280859879874],[-98.37293706020598,18.807211379555376],[-98.37282977982487,18.807067889963363],[-98.37293132016877,18.806729780363472],[-98.372705180115,18.806612550136574],[-98.37223474023104,18.806665799814066],[-98.37202515027657,18.806889740317423],[-98.37182750964317,18.80757414969264],[-98.37176692175466,18.807908758255607],[-98.37265864235462,18.808417512167875],[-98.37603093188328,18.80934194216158],[-98.3796579261786,18.810152167075483],[-98.38207238295689,18.809248255802462],[-98.38377714593531,18.806642507933113],[-98.38568541217214,18.805846579219185],[-98.3873836818612,18.803481318300612],[-98.38854391421768,18.802426561457874],[-98.39010680577246,18.80041898565729],[-98.39104104816647,18.79839617030735],[-98.39209460782126,18.796616899644082],[-98.39414751084786,18.79510248693591],[-98.39409597578316,18.793908034613146],[-98.39387042955579,18.79388211997207],[-98.39329553999355,18.793889139656372],[-98.39319580001712,18.793533519729177],[-98.39307060034803,18.793315830330254],[-98.39277982018918,18.793319969866154],[-98.39254751996585,18.793289450262975],[-98.39244285017803,18.793120719651384],[-98.39238478001124,18.79256526011442],[-98.39246350992879,18.792338600439333],[-98.39236524970151,18.79192763005899],[-98.3923480498781,18.79147703018343],[-98.39240242013781,18.79134674970529],[-98.39238631016279,18.79129210970412],[-98.39223406006039,18.79145600026566],[-98.39192997998683,18.791576050203133],[-98.39150482040586,18.791615679803133],[-98.39102679955072,18.79147480001328],[-98.39061719509783,18.791217136100915],[-98.39007063932442,18.79123000212636],[-98.39002554980435,18.791266369776828],[-98.38997826019107,18.79163285991375],[-98.39007338010644,18.792317710103084],[-98.38993848039617,18.79258261972368],[-98.38942442633464,18.79301501793285],[-98.38980334911517,18.79454807254206],[-98.38965283336785,18.79506799448991],[-98.38932341134851,18.795452684188973],[-98.38886411686552,18.795572434070372],[-98.38827494654832,18.79542724268458],[-98.3879801595339,18.795093421605234]]],[[[-98.33964481468944,18.812594588199737],[-98.3394764198287,18.812582880395365],[-98.33904966031467,18.81295737021869],[-98.33911671022364,18.813146290116403],[-98.33920071997399,18.813414400038834],[-98.33914134953065,18.813603520211597],[-98.3388689698228,18.81384559979802],[-98.33846537002556,18.814256659566162],[-98.3383093199851,18.814496490240234],[-98.33828308998157,18.81457710978147],[-98.33803371005229,18.815175170304865],[-98.33692914011826,18.814569979885796],[-98.33642642959474,18.81516268985954],[-98.33677837991331,18.815513340262537],[-98.33670786042545,18.81639082038707],[-98.33685417023989,18.816721909977698],[-98.33690190968717,18.81690996990019],[-98.3370275198463,18.81711657964293],[-98.33689532008627,18.817879950442176],[-98.33682728978204,18.81822857024538],[-98.33675877017554,18.81870403021653],[-98.33660014024208,18.819041879794767],[-98.33622113961806,18.819242690312453],[-98.33555779955473,18.819598110294475],[-98.3353474497984,18.81984339979055],[-98.33535184959987,18.820312019598884],[-98.33517216970628,18.820679199607298],[-98.33485125963962,18.82092987981918],[-98.3347925587453,18.821248486558176],[-98.33610561632035,18.822980901900237],[-98.33632797705567,18.823434887289277],[-98.33725031398335,18.824018231321038],[-98.33829877876828,18.82426829358571],[-98.33993902040515,18.824308643115522],[-98.34300309826915,18.823711199472154],[-98.34512688866957,18.82320273476751],[-98.34699249894906,18.823584921544203],[-98.34803799822471,18.823946972282226],[-98.35079922422203,18.825920886188346],[-98.35149028363541,18.826386345727244],[-98.35289623189384,18.826420808744846],[-98.35383650683369,18.82633171718103],[-98.35641169602557,18.82530347311167],[-98.3558653251248,18.82418408745068],[-98.35438009522696,18.821505595163746],[-98.35415568718128,18.82116518377324],[-98.35381561905216,18.820784725640316],[-98.35339285362133,18.82058830817357],[-98.35114855514256,18.82012395744132],[-98.34909967205498,18.819627155976285],[-98.3484894285079,18.819165634394498],[-98.3482689924113,18.818676467110947],[-98.34841036037852,18.81774963133609],[-98.34958141811194,18.816141032766108],[-98.35221473677144,18.813675207535866],[-98.35666898560184,18.8100259873862],[-98.35788428006228,18.808361825047125],[-98.35778236998655,18.808398179651967],[-98.35742688038334,18.808602370132235],[-98.35705974005423,18.808769680153674],[-98.3567450600709,18.80885015026007],[-98.35623889015181,18.80887828961381],[-98.35598694001366,18.809012879939775],[-98.35551934019726,18.80947508043863],[-98.3552111396339,18.809411819616003],[-98.35480691976548,18.808361690127995],[-98.35459430975885,18.80792674954106],[-98.35435963030012,18.807612740322128],[-98.35413004956857,18.807541120269974],[-98.3538965495863,18.807616219896797],[-98.35373552793587,18.80769134929254],[-98.35163589477749,18.81000522354472],[-98.34865757060469,18.81275436616996],[-98.34809933803017,18.81326168773725],[-98.34763298744257,18.813727849756916],[-98.34694557684614,18.813971489610406],[-98.34617089352523,18.81408272631962],[-98.3451263254109,18.814100495487295],[-98.34155745117485,18.813448359933826],[-98.34065592045532,18.813209100878968],[-98.33964481468944,18.812594588199737]]]]},"properties":{"CLAVE":"TA","DESCRIPCIO":"AGRICULTURA DE TEMPORAL ANUAL"}},
{"type":"Feature","geometry":{"type":"Polygon","coordinates":[[[-98.58492128189722,18.893072928468264],[-98.58392547191099,18.893488725181335],[-98.58337712900479,18.894270542440964],[-98.58270679858468,18.89389406803466],[-98.58158701136912,18.89379341250355],[-98.58090910589951,18.895356264743967],[-98.58055555860977,18.896722907096624],[-98.58054287366245,18.897231790421337],[-98.58053018862056,18.897740674076204],[-98.58073291135868,18.89815267325819],[-98.58109909150186,18.89841567300256],[-98.58200125340704,18.898538228337113],[-98.58342545122892,18.899080104185742],[-98.58455893579657,18.89984077956596],[-98.58611351871845,18.89960529557388],[-98.58676759665337,18.900631368855755],[-98.58833301759651,18.90146166705867],[-98.58932164818602,18.90119543552727],[-98.59049999826308,18.900116771235513],[-98.59008659539653,18.899435911683533],[-98.58947678067443,18.898268041908505],[-98.58892948427659,18.897440987685126],[-98.58672350718723,18.89481114304042],[-98.58492128189722,18.893072928468264]]]},"properties":{"CLAVE":"TA","DESCRIPCIO":"AGRICULTURA DE TEMPORAL ANUAL"}},
{"type":"Feature","geometry":{"type":"MultiPolygon","coordinates":[[[[-98.35536777067334,18.92088594752769],[-98.35533395013809,18.920919661048],[-98.3551862198129,18.92097679976532],[-98.35505311986363,18.921045579719706],[-98.35499863043398,18.92110187984032],[-98.35494491026118,18.921222980448462],[-98.35492012109069,18.92133157967524],[-98.35487651022564,18.921413879821646],[-98.35480088964492,18.921440829621304],[-98.35472068827296,18.92143653342207],[-98.35469747979835,18.921435289892475],[-98.35460319974769,18.921504080309933],[-98.35418655000086,18.921462999843126],[-98.35383154022415,18.92147582018779],[-98.35369045974443,18.921480910116504],[-98.35362492036883,18.92148165994386],[-98.35349601982047,18.921489120434646],[-98.35342321968186,18.921478290156507],[-98.35338251983852,18.921454649605476],[-98.35334388013608,18.92137193972374],[-98.35332724973196,18.921318109772685],[-98.35327625032564,18.921274910243117],[-98.3532198899702,18.921281169819427],[-98.35313775016955,18.921351689678872],[-98.35304784993825,18.921412479589943],[-98.35296822960356,18.92146396986896],[-98.35291885037742,18.921584889620302],[-98.35290225969477,18.92167988976534],[-98.35285071040089,18.921732080313976],[-98.35270942969679,18.921746180322963],[-98.35263070990321,18.921741889893102],[-98.35256125984824,18.921717600235898],[-98.35250477025468,18.921676950346207],[-98.35246612044365,18.921624829853627],[-98.35242318037233,18.921545250032317],[-98.35238028042392,18.921512060060977],[-98.35233231972143,18.921479950395717],[-98.35224180040095,18.92143221964825],[-98.35215485042484,18.92142343011829],[-98.35212157959722,18.92145738003634],[-98.35209901990142,18.921512080057365],[-98.35207919578647,18.921560076735695],[-98.35206745967844,18.921588490372805],[-98.35201097032181,18.92164997992485],[-98.35197694039562,18.921768179723514],[-98.35204776125867,18.921835035969565],[-98.35210301978228,18.92188720002306],[-98.35215008835928,18.92189985077401],[-98.35218702976978,18.921909780005972],[-98.35230856968819,18.921855260785904],[-98.35246616995366,18.9218548798075],[-98.35263218578737,18.92192463898531],[-98.35272769030756,18.921964769577098],[-98.3530214601328,18.92189414994794],[-98.3531747211589,18.92202437020479],[-98.35323857004792,18.92219429730131],[-98.35328976698976,18.922330549427585],[-98.35349986039427,18.922889680231837],[-98.35349989331131,18.922889979926396],[-98.35350904436147,18.922973290493626],[-98.35350904873803,18.922973340415854],[-98.35351520035393,18.923036259678142],[-98.35352480606413,18.923056718485654],[-98.35358261330674,18.923179838720404],[-98.35362534250831,18.923270844736823],[-98.3536693459966,18.923364564425317],[-98.35380235180307,18.923647846186192],[-98.35384575668732,18.92374029056924],[-98.35389287444893,18.923840643250493],[-98.35389507981435,18.923845340409837],[-98.35389513384924,18.923846060884784],[-98.35391474840213,18.924108311580408],[-98.3539990799181,18.925235820421413],[-98.35375899974055,18.925439620392304],[-98.35355594267841,18.925536495390883],[-98.35434098130484,18.926090985417087],[-98.35548685247213,18.92625100869611],[-98.35686493299497,18.92632873534085],[-98.35747426486833,18.92590379388304],[-98.35861728001449,18.924436264209074],[-98.36048855194504,18.92160868803628],[-98.3590904368694,18.921524901367533],[-98.35782189835419,18.92144427205852],[-98.35536777067334,18.92088594752769]]],[[[-98.36101621062271,18.91265203970449],[-98.36084554996734,18.913263019897546],[-98.36075734004949,18.913731110119063],[-98.36010274010272,18.913682490218765],[-98.35988753507456,18.914737539268796],[-98.3630019626911,18.91491944472414],[-98.3679064518882,18.914254771055507],[-98.36937341501903,18.914085927647108],[-98.37103549910537,18.91733249462539],[-98.37110409336884,18.91743648838073],[-98.37222557884448,18.91954436016507],[-98.37801403071957,18.92226638834235],[-98.37964544859452,18.92308077410357],[-98.38010245650354,18.925415974998064],[-98.38165893210143,18.92536846650606],[-98.38349819426608,18.92571599008387],[-98.38388684474266,18.925641158425268],[-98.38858540943542,18.924622827287184],[-98.38925455325239,18.92419868718659],[-98.39013087788334,18.92340208834475],[-98.39016558143108,18.922081785267224],[-98.38874080949586,18.91871293598288],[-98.38670615931012,18.914679499694998],[-98.38523892142744,18.91177075988377],[-98.38482334662818,18.910062129101497],[-98.38479069246698,18.908803169602397],[-98.38494866953032,18.907800479365413],[-98.38556854086863,18.906746103575976],[-98.38818400451872,18.90485946865511],[-98.39000547336973,18.90314226720382],[-98.39054962470584,18.902463492867],[-98.39077990701743,18.90121094802831],[-98.39140829677842,18.8973260276862],[-98.39303104957028,18.89315074096779],[-98.39305086328007,18.892396370268436],[-98.39293258667668,18.891890270868466],[-98.39176409786334,18.891295811173297],[-98.38972124605706,18.890327692295987],[-98.38748464609586,18.894735196332604],[-98.3849053509691,18.89454901352343],[-98.38397359959656,18.8968121006594],[-98.38067455583129,18.89574348222624],[-98.38287379985782,18.887495085508718],[-98.3837959494011,18.885672742529795],[-98.38527773631348,18.88320105355322],[-98.38535769439672,18.882453575365957],[-98.38507314303693,18.88181254303494],[-98.38471924806245,18.8815157089701],[-98.38419523810153,18.880811210042122],[-98.38390917790184,18.880227788047335],[-98.38285814328988,18.878934013230058],[-98.38238832392322,18.87846142377253],[-98.38120012700207,18.877798422001458],[-98.37963377267914,18.8777603251561],[-98.37714095846539,18.878564359154065],[-98.37623728663593,18.878542357721596],[-98.37527337142934,18.878518883096632],[-98.37462284463648,18.878041866101473],[-98.37421786545524,18.877397886177107],[-98.37430548593642,18.876362387039535],[-98.37511146156689,18.875517329455217],[-98.37674715423182,18.875211284934245],[-98.37729390418389,18.875051658464937],[-98.37766599713943,18.87465719290525],[-98.37774447503402,18.87396735309646],[-98.37752325775642,18.8732125771425],[-98.37747821275063,18.87263502605739],[-98.37695730905988,18.871815311493396],[-98.37618480437767,18.87139298694891],[-98.3745582843955,18.871353372041913],[-98.37340760600308,18.871555916706022],[-98.3723545851014,18.872625510878663],[-98.37179870865963,18.873130768613972],[-98.37094313799315,18.873571073931785],[-98.36997773439099,18.873605173396946],[-98.36877592876002,18.873460563537297],[-98.36769308574182,18.8733764936163],[-98.36654238774531,18.87357898565126],[-98.36586447552321,18.87413889003352],[-98.36578746278782,18.874771114112026],[-98.36566929516127,18.8769587829757],[-98.36529105920593,18.8775836587054],[-98.36497916488754,18.877979567073822],[-98.36431037517711,18.878193814164522],[-98.36358743811047,18.878176150549937],[-98.36292780232175,18.87804474012109],[-98.36215378111191,18.877679940213774],[-98.36150482747435,18.877145257171907],[-98.36009408512933,18.875784893802077],[-98.35893209953606,18.875398129492766],[-98.35610181676631,18.87577323091453],[-98.35493677449716,18.87540584309793],[-98.35390251628492,18.874657667819285],[-98.3526614813038,18.872878109415385],[-98.35117540564973,18.871520461641357],[-98.34973238962141,18.86942487895553],[-98.35008219526374,18.86683584529929],[-98.3488423197501,18.86590970691693],[-98.3480323010718,18.865168249509793],[-98.34382771775421,18.869135648637485],[-98.3423647962404,18.870612334422155],[-98.34203053014612,18.87128480629828],[-98.34199631149176,18.872569712186422],[-98.34260246231057,18.873567835527762],[-98.3456534476615,18.877802624271748],[-98.34647264989275,18.87971359777713],[-98.34644048194002,18.880922963741327],[-98.34528761069252,18.882634264777504],[-98.3413887762758,18.88647153999031],[-98.34095126168478,18.888049156410737],[-98.34124731495918,18.88881280724435],[-98.34367819182727,18.890869081291044],[-98.34657494006824,18.891670090085277],[-98.34973613978893,18.892232380413798],[-98.34997208003777,18.892377449945087],[-98.35034928968794,18.892667229906987],[-98.35071482979717,18.89296801969252],[-98.35108264994565,18.893279719824406],[-98.35186302982505,18.892748149782786],[-98.35221747982028,18.893078539658823],[-98.3520642900005,18.893184259819936],[-98.35210047983124,18.893197879609602],[-98.35257403487603,18.89332880972706],[-98.35284612506369,18.89287940827164],[-98.3544833095499,18.890801652280313],[-98.35520277686415,18.890516725176315],[-98.3566276731379,18.890475979745204],[-98.35828369986234,18.890667787470555],[-98.35946142670275,18.890999152443886],[-98.36046904176601,18.891780174691544],[-98.36115445827409,18.89278023648322],[-98.36183587971591,18.893931471557654],[-98.36260036890614,18.894933462181523],[-98.36352897739468,18.89571254644241],[-98.36454665409707,18.896115606539336],[-98.3660426536151,18.89637905966077],[-98.36682518075553,18.89670072288358],[-98.3670523435792,18.89708446569369],[-98.36780689042678,18.89846440362079],[-98.36818017305228,18.899305555242986],[-98.3683208052645,18.89957364086472],[-98.36862909194181,18.899543282847347],[-98.37283749900435,18.89984750017151],[-98.37709593342754,18.900253608578645],[-98.37934621703256,18.900862736705005],[-98.37985966330531,18.90137919858259],[-98.379654747927,18.905154021869844],[-98.38002484319507,18.911110031526455],[-98.38000625741793,18.91181516793902],[-98.37976899967914,18.912817378849585],[-98.37895494853193,18.913704763182196],[-98.37794346108406,18.91408334787484],[-98.3769425973474,18.91405898523856],[-98.37599574035366,18.91398553064559],[-98.3731096687961,18.911496056644374],[-98.36955432390673,18.910401386443528],[-98.36855482129671,18.9103266025464],[-98.36722860453943,18.9106470281527],[-98.36428344577976,18.912389474924254],[-98.36158627872952,18.912726750850425],[-98.36101621062271,18.91265203970449]]]]},"properties":{"CLAVE":"TA","DESCRIPCIO":"AGRICULTURA DE TEMPORAL ANUAL"}},
{"type":"Feature","geometry":{"type":"Polygon","coordinates":[[[-98.31786041067086,18.850645324146985],[-98.31795918034638,18.850644150213807],[-98.31808320036293,18.85074271988067],[-98.31828860043596,18.850807310079993],[-98.31846931959137,18.850894180328847],[-98.31882753996403,18.85100831977153],[-98.31909144956035,18.851046859944862],[-98.31926648015396,18.851165689997064],[-98.31930027965565,18.851492679922103],[-98.3193277997912,18.851576370183864],[-98.3193676796756,18.85170564983299],[-98.31944702977329,18.851799219703953],[-98.3194743102434,18.851859449864342],[-98.31950765009826,18.852052709558386],[-98.3195771401965,18.85215522016837],[-98.31971169035715,18.852167659987096],[-98.3198219201885,18.852188679888457],[-98.32001371971576,18.852220179910248],[-98.32026110958404,18.8522042899851],[-98.32042049031884,18.852259419825124],[-98.32058414006204,18.852237800057527],[-98.32071285986615,18.852182689904573],[-98.32085317024966,18.852157920313843],[-98.3210209696507,18.852139850258162],[-98.32112695003042,18.8521402301349],[-98.32146149037595,18.852134149878285],[-98.32177391981047,18.852135289595996],[-98.32195228976948,18.85217839956101],[-98.32204170971386,18.852136259605736],[-98.32200268978781,18.85204165999366],[-98.32191983042091,18.85185580002631],[-98.32190999958164,18.851628649722475],[-98.32191402964527,18.8514789995551],[-98.3218780595756,18.851289290017522],[-98.32186842033731,18.851139309705072],[-98.32184508024258,18.850988970360657],[-98.32182208954818,18.850825629585625],[-98.32182543003101,18.850701999912356],[-98.32181418006432,18.850610570128858],[-98.32187154999892,18.850514309873574],[-98.32197367999852,18.85042509027853],[-98.32203271960532,18.85037174981115],[-98.32213073975295,18.8502965202088],[-98.32226738026957,18.850213119877843],[-98.32237931011879,18.850156509884634],[-98.32266294024434,18.850140599956443],[-98.32277411999277,18.85011136974496],[-98.32294777974954,18.850079080417228],[-98.3230919199338,18.85007346042372],[-98.32323632041823,18.850058740119934],[-98.32340948972077,18.850044690290623],[-98.32358747988052,18.849852720162396],[-98.32374017974882,18.849751419665417],[-98.32405924976877,18.849845940314335],[-98.32421188005476,18.850237720439445],[-98.3242818801673,18.850312480373624],[-98.32444951038941,18.850325709737163],[-98.32460135007825,18.8503100602242],[-98.32480262993104,18.850402799663527],[-98.32508427983247,18.8504598901322],[-98.3253751501724,18.850480309787528],[-98.32562145029522,18.85051469013184],[-98.32628910999739,18.850740619955534],[-98.32649477977846,18.851097819946816],[-98.32701519978536,18.851219999569647],[-98.32735553993132,18.85135649007011],[-98.32739408993665,18.851473000281857],[-98.32747743358559,18.85154844557216],[-98.32823353243033,18.84909605274876],[-98.33005838650021,18.84622605539521],[-98.33025473329013,18.8455878853217],[-98.33001114960872,18.844638794996516],[-98.32940120825226,18.843980744833132],[-98.32830541274063,18.84305350304039],[-98.32715109430556,18.842639214654874],[-98.32606688934534,18.842955388178076],[-98.32379855608566,18.84397104829698],[-98.32099610244684,18.844844873594678],[-98.3190607788588,18.845139955038118],[-98.31842339572123,18.845146206944154],[-98.3183291468401,18.845679133034103],[-98.3182522003542,18.84687752369445],[-98.31813447055912,18.848364229180863],[-98.31786041067086,18.850645324146985]]]},"properties":{"CLAVE":"TA","DESCRIPCIO":"AGRICULTURA DE TEMPORAL ANUAL"}},
{"type":"Feature","geometry":{"type":"Polygon","coordinates":[[[-98.41346191788557,18.95529444879139],[-98.41310233892695,18.95685721234923],[-98.41322440727451,18.957606701420055],[-98.4143133463866,18.958588716953557],[-98.4157645665363,18.95927912373985],[-98.41715694509298,18.9603756464214],[-98.41963603398781,18.96065860921059],[-98.42193172776797,18.960019326740206],[-98.42217163879685,18.958456128281405],[-98.42150340655566,18.957241754647292],[-98.42216768436094,18.956143046818344],[-98.42343467318965,18.95509854876611],[-98.42385735402094,18.954346444546548],[-98.42350208287809,18.952713348879936],[-98.4211220385457,18.95118463078075],[-98.42086839383703,18.9506956171485],[-98.42082276912376,18.950395669439043],[-98.42082674649961,18.951632805963147],[-98.41943940003081,18.9526768732056],[-98.41811117505672,18.953201319698366],[-98.41823437489775,18.954704413241956],[-98.41733028298452,18.955284755196267],[-98.41612080766016,18.955287507593],[-98.41502956864129,18.95436452446167],[-98.41346191788557,18.95529444879139]]]},"properties":{"CLAVE":"TA","DESCRIPCIO":"AGRICULTURA DE TEMPORAL ANUAL"}},
{"type":"Feature","geometry":{"type":"Polygon","coordinates":[[[-98.37046980293037,18.945402308784843],[-98.37033473973587,18.945529920405754],[-98.37038717962882,18.945686080015562],[-98.37053988983857,18.946140819589424],[-98.37058382047185,18.946580629870898],[-98.37059822005368,18.946724919857242],[-98.3707749999408,18.947010019625207],[-98.37008857969577,18.947345679838158],[-98.36957759965799,18.94737792028173],[-98.36986020015523,18.948648350339727],[-98.37058576990951,18.948441879703395],[-98.37072362019494,18.949284800047295],[-98.37016779970403,18.94937085031546],[-98.36981542956097,18.95039322020356],[-98.37090030989599,18.95040142030745],[-98.36995132030609,18.95141154965291],[-98.36978237025531,18.95206806017192],[-98.3693986599703,18.95191349000638],[-98.36935665022196,18.95213431030655],[-98.36930868007123,18.952432830017603],[-98.36928440046177,18.952538029615916],[-98.3691416597803,18.95346026037421],[-98.36897070963497,18.953887320136587],[-98.3689767402339,18.954414029770504],[-98.3689407199208,18.954673370401032],[-98.3688702798436,18.95519918005179],[-98.36883474967206,18.955527399660426],[-98.36877685008004,18.956089769759735],[-98.36873654967691,18.956605850128184],[-98.36874903036131,18.9572084898168],[-98.36863431985394,18.957712749961516],[-98.36851556979917,18.958135370240477],[-98.36835492017161,18.95864905000017],[-98.3681560799106,18.959304830314448],[-98.36801322955932,18.95994365969986],[-98.36785022983949,18.96071913992709],[-98.36786182982488,18.962124830037276],[-98.36810338045247,18.962106710291188],[-98.36823631027309,18.96265188024664],[-98.3682398801734,18.962666479819113],[-98.36843122962497,18.963153690114098],[-98.36851450966407,18.96419668971755],[-98.36853108984769,18.964404510249544],[-98.36862303044062,18.964863120319208],[-98.36874825029919,18.96556853980375],[-98.36887795017584,18.966299489859043],[-98.36877465978834,18.967024849668228],[-98.36869190968893,18.96760604961808],[-98.36866283032876,18.96781022014285],[-98.3685627204303,18.96853855009521],[-98.36842742037697,18.96952299976063],[-98.36837008962053,18.96983597979885],[-98.36822366031417,18.970635339877514],[-98.3679915200732,18.971257140116485],[-98.3676431801007,18.97231717039527],[-98.36760314978275,18.97313622011063],[-98.36755408996743,18.974139849576403],[-98.367523873774,18.974758076464262],[-98.36921834254625,18.97429811454778],[-98.36963922436158,18.972908131063637],[-98.37005769330965,18.971520412502468],[-98.37090300153656,18.971403160125487],[-98.37223365025677,18.97180521129145],[-98.3727199824002,18.972903371483998],[-98.37422929981902,18.97301549408546],[-98.37501544693353,18.97272549012815],[-98.37513309083441,18.972147063903712],[-98.37458690164274,18.971164466651643],[-98.37349823471425,18.970241209005064],[-98.37216650254781,18.96954860747663],[-98.37258688076379,18.96798611337277],[-98.37306545436822,18.966827885640516],[-98.37173407163587,18.965501970760187],[-98.37342381326107,18.965035908951183],[-98.37444898994478,18.964338181410156],[-98.37462649955462,18.96324016362196],[-98.37269254875618,18.962490935966674],[-98.37281255335301,18.96127695035971],[-98.37450724669056,18.960983405046015],[-98.37625766638001,18.961443674370106],[-98.37764722858493,18.963003562998935],[-98.38060370992999,18.96189730145764],[-98.38320553388903,18.96374292511278],[-98.38555496734814,18.962003380101535],[-98.38446420413689,18.960732901215117],[-98.38518857593276,18.960154359633375],[-98.38730264435907,18.960438745819406],[-98.38911357966258,18.959970696286064],[-98.39037678553692,18.958002562204037],[-98.39097366216359,18.955339777096285],[-98.39042283506109,18.953549168758606],[-98.39090176001122,18.951639604267868],[-98.39065211641278,18.949845537585944],[-98.38980022512999,18.948748492933117],[-98.38827846044855,18.947594628700887],[-98.38778940078171,18.94678712732405],[-98.38783856547889,18.94551393552788],[-98.3872215714669,18.943952421244145],[-98.38522947128762,18.94424729398762],[-98.38324225196088,18.945002919742343],[-98.38216738653693,18.9462770063375],[-98.38289871377764,18.947548428046623],[-98.38339012529885,18.948703242310472],[-98.38212954363503,18.94957492926784],[-98.38019513353638,18.94888482104296],[-98.37892597582496,18.94784524415772],[-98.37712228840759,18.947559588207977],[-98.3757414620061,18.947561428812932],[-98.3738198770734,18.947334316537194],[-98.3718368930761,18.946471408380326],[-98.37062182572349,18.94549101279868],[-98.37046980293037,18.945402308784843]]]},"properties":{"CLAVE":"TA","DESCRIPCIO":"AGRICULTURA DE TEMPORAL ANUAL"}},
{"type":"Feature","geometry":{"type":"Polygon","coordinates":[[[-98.43308105499118,18.996261031419465],[-98.43435877590308,18.997300391257156],[-98.43605644969368,18.998048263875894],[-98.4358241790322,18.999838659974444],[-98.43540684857552,19.001054106667123],[-98.43578103341964,19.002905517259155],[-98.43681870544363,19.004695530569247],[-98.4387591978925,19.005964063844797],[-98.44021393055365,19.00665437789744],[-98.4423900877665,19.006477522292652],[-98.44298766380962,19.005144569423774],[-98.44280097933223,19.00392941445592],[-98.4417014785229,19.001966701558523],[-98.44042235613138,19.00012146092972],[-98.440171383192,18.99821144583573],[-98.4405266365275,18.996823262800987],[-98.44082106474863,18.99520333333913],[-98.43978719987497,18.99450987032918],[-98.43809537642852,18.99463151812763],[-98.4373073792516,18.994690253031173],[-98.4356775034707,18.995388693503457],[-98.43403944683288,18.994177911540323],[-98.43288582835791,18.993602069225823],[-98.43149658806082,18.9938926329945],[-98.43186583391919,18.995165115973602],[-98.43308105499118,18.996261031419465]]]},"properties":{"CLAVE":"TA","DESCRIPCIO":"AGRICULTURA DE TEMPORAL ANUAL"}},
{"type":"Feature","geometry":{"type":"MultiPolygon","coordinates":[[[[-98.58571819951256,19.02546303252234],[-98.58703493987232,19.025636580294233],[-98.58869448974797,19.025983140080335],[-98.5887850001119,19.026001339815515],[-98.5920091200476,19.026486369910337],[-98.59507526014897,19.026977460148444],[-98.5968797197983,19.02711854996909],[-98.59780304894556,19.027335788311913],[-98.59802296673395,19.026934553279943],[-98.5976986250396,19.024506766118442],[-98.59726382750715,19.024158366668292],[-98.59825538040268,19.02389253908492],[-98.59825417789263,19.023000566932616],[-98.5968512307266,19.022107268911824],[-98.59591666486835,19.021882558197472],[-98.595449830799,19.021881447634147],[-98.5938141290343,19.02232236014017],[-98.59311469231008,19.022543358884455],[-98.59171325307656,19.02298495925194],[-98.58914409306846,19.023424070523422],[-98.58727639746935,19.02431153132976],[-98.58571819951256,19.02546303252234]]],[[[-98.58027422060219,19.033202405904973],[-98.57980027788811,19.032472055525158],[-98.57964231476592,19.033419763281607],[-98.58027422060219,19.033202405904973]]]]},"properties":{"CLAVE":"TA","DESCRIPCIO":"AGRICULTURA DE TEMPORAL ANUAL"}},
{"type":"Feature","geometry":{"type":"Polygon","coordinates":[[[-98.5737508534096,19.03715123683103],[-98.57552230987856,19.03756443134284],[-98.57672675020224,19.03784512136123],[-98.57810386007475,19.038323750264908],[-98.57888285171485,19.038519904835066],[-98.57865606658245,19.03838951789505],[-98.57731038437956,19.03723508577976],[-98.57681549199262,19.036196282119775],[-98.57493139795913,19.035796550595393],[-98.57320887101258,19.03600140257507],[-98.57357591464202,19.03639497846284],[-98.57382263261053,19.036945092662567],[-98.5737508534096,19.03715123683103]]]},"properties":{"CLAVE":"TA","DESCRIPCIO":"AGRICULTURA DE TEMPORAL ANUAL"}},
{"type":"Feature","geometry":{"type":"Polygon","coordinates":[[[-98.5340071399263,19.022730720934657],[-98.53563207999179,19.023096020794952],[-98.53627554031101,19.023422979998507],[-98.53675017982732,19.02379695042127],[-98.5371493699504,19.024828201024917],[-98.53764845032158,19.02520451043285],[-98.53832668958796,19.02542535114035],[-98.5392913700962,19.025369019864417],[-98.53983125998103,19.02514445033289],[-98.54053379982058,19.025378890044927],[-98.54139262971515,19.025555000469772],[-98.54192356978947,19.025583429906405],[-98.54243365002858,19.025830969802673],[-98.54339605024695,19.026603769566314],[-98.54418730991368,19.02720445009617],[-98.54485465996328,19.027486250356834],[-98.5462211101003,19.027747169905076],[-98.54747652040786,19.02781351975601],[-98.54870862981397,19.02792725013996],[-98.5498185803286,19.02795029044212],[-98.55076282968113,19.028214680292795],[-98.55126136969973,19.028554780624265],[-98.55245844958475,19.029750621104483],[-98.5534031996973,19.031061880050164],[-98.5538465400934,19.031383550519447],[-98.55495869001304,19.031760149752905],[-98.55630207997848,19.032374880556038],[-98.55660730330582,19.032483330713625],[-98.55682351054853,19.032090750225123],[-98.55640252431105,19.031674182890587],[-98.55560188831912,19.03087974591203],[-98.55432481527369,19.030072714862378],[-98.55310833082206,19.029152083839644],[-98.55237087102398,19.027245547981643],[-98.5533303208149,19.025447722356688],[-98.55509153243761,19.02660126631276],[-98.5561860726848,19.027233025903136],[-98.55812558668286,19.027053621471023],[-98.5586620447393,19.025838378091358],[-98.55829181436484,19.024625056822448],[-98.55864668111572,19.023349962278953],[-98.56033756575312,19.022246468825454],[-98.56075219120397,19.020569824588087],[-98.56098639717001,19.019353742170118],[-98.5623151004205,19.01854180675245],[-98.56316477527679,19.01911609230339],[-98.5640674227363,19.017956023791562],[-98.56509063334839,19.016971043871497],[-98.56575441630031,19.016332295158783],[-98.56550806613556,19.01575522133014],[-98.56429661990026,19.01575894722998],[-98.56392991063622,19.014949783595487],[-98.56392547265182,19.01396668536966],[-98.56295165197054,19.013042501367252],[-98.56191949506307,19.01200459995561],[-98.56088736090238,19.011372831664104],[-98.56015972778103,19.011026121204143],[-98.55888803579289,19.010453000838393],[-98.55761548361829,19.009993384673862],[-98.55640616952222,19.009881275776],[-98.55579868401033,19.009768454692058],[-98.5543472763997,19.009423866948097],[-98.55398002676407,19.00867398526183],[-98.55446050267834,19.00786252618937],[-98.55573001660676,19.00785897572259],[-98.5563366062774,19.0080875788692],[-98.55736018414696,19.006986882830816],[-98.5572367507686,19.006582385719565],[-98.55765970444723,19.00605912271954],[-98.55886751903746,19.005767275135696],[-98.55953678351453,19.006633806693596],[-98.5604486721496,19.007787179268558],[-98.56093666425762,19.008825948311713],[-98.56281083044692,19.008474322834832],[-98.56407708587881,19.00794858704895],[-98.56601640916492,19.008232975455556],[-98.56729130060751,19.009387040222446],[-98.5684461383816,19.010597610451512],[-98.56887498463776,19.01129127126973],[-98.57069898537078,19.012498974392624],[-98.57245587488461,19.012842020919745],[-98.57354612804274,19.012837486549],[-98.57420848731196,19.012258162550985],[-98.5742020065485,19.011215819851422],[-98.57383584248689,19.010754309196635],[-98.57340459396941,19.009540856134127],[-98.57406895879193,19.008902348006902],[-98.57503832657028,19.009131802907124],[-98.57637383782571,19.009359863084974],[-98.57812927661017,19.00946863757811],[-98.5793439601673,19.00975541637258],[-98.58060458115233,19.010013106239306],[-98.5807379040489,19.010040357106007],[-98.58176179091663,19.00928459822233],[-98.58175964825753,19.008880485021585],[-98.58121319832881,19.008361526525736],[-98.58053971067874,19.007551920821264],[-98.58089909775158,19.006973634021087],[-98.58180866803583,19.00714409896],[-98.5829591335466,19.006908201536305],[-98.5831371381622,19.006157274451994],[-98.5833135012216,19.005519699054105],[-98.5842158249037,19.004591164223985],[-98.58384854578729,19.003666280817452],[-98.58299442955611,19.002685724134437],[-98.5827470769702,19.00176113432917],[-98.58183940885903,19.00153189009394],[-98.58099234335691,19.001765917787],[-98.5800243038629,19.00194278190822],[-98.57905655148527,19.002235740039882],[-98.57820832250937,19.002122401692016],[-98.57778083781434,19.001081181969443],[-98.5777758534325,19.000330014118184],[-98.57867944146616,18.999517450974384],[-98.57964546338462,18.998995201370086],[-98.58036793124622,18.998297827952438],[-98.57994126672706,18.997720284157275],[-98.57939269469952,18.99668141351228],[-98.5795705061833,18.996043790390054],[-98.57980979351095,18.995234069368276],[-98.57926208740994,18.994367590548197],[-98.57829520850645,18.99448548971096],[-98.57751132580789,18.995066992200744],[-98.57709014526849,18.995590290736164],[-98.5768321476878,18.99559111061876],[-98.57624210792682,18.995592984001053],[-98.57575541568006,18.994958292650622],[-98.57520694472224,18.99403261559153],[-98.5739412595568,18.995019537240736],[-98.5720104171328,18.996124833936406],[-98.56996066219926,18.997345583397543],[-98.5683933785646,18.9987397992201],[-98.56718945254832,19.000015173148007],[-98.56574056148048,19.000887803729945],[-98.56447301529681,19.001470296563976],[-98.56314404355209,19.001473712265703],[-98.56254316154168,19.00263213487426],[-98.56188469521437,19.002985488959265],[-98.56145661091752,19.00321521226875],[-98.55970263393395,19.003160475827624],[-98.56060329779503,19.00136503428024],[-98.56192857900125,19.000088027593186],[-98.56385517941582,18.998115592412166],[-98.56270158554426,18.996963819335377],[-98.56082849118505,18.99731536958349],[-98.55956394082638,18.998533751839936],[-98.55866538981904,19.000329501600476],[-98.5583073386904,19.001951646059258],[-98.55704108562317,19.002763384602734],[-98.55679246858591,19.002721243712315],[-98.55637460037805,19.002650412474516],[-98.5558259728984,19.0008600390113],[-98.55533859856261,18.999646647516023],[-98.55364354356516,18.999303787916567],[-98.55274196204206,19.000926872796516],[-98.5522035488577,19.002315070464498],[-98.55112197737385,19.00399676348532],[-98.54991633701391,19.00486771116724],[-98.54840774630733,19.0058556517556],[-98.54671852588268,19.00638026214872],[-98.54478485602368,19.00684942452672],[-98.54382278135591,19.00824080387189],[-98.54249775919115,19.009401915804307],[-98.5411689631259,19.010156629039106],[-98.53960229656532,19.010740423340252],[-98.53857496280123,19.010626410489927],[-98.53790710567033,19.009993567614483],[-98.53742308474881,19.00958802487176],[-98.53651308543553,19.008377803673238],[-98.53530785043735,19.00907393232655],[-98.53398424572138,19.01069796931714],[-98.53205335584435,19.01191865498711],[-98.53006196016906,19.01221287749207],[-98.52812889035921,19.01158095970296],[-98.52698122066123,19.010948911210974],[-98.52637563086695,19.01100872459625],[-98.5249264589001,19.0102596855165],[-98.52462482727094,19.011534943499253],[-98.52535208675043,19.012515455288675],[-98.52577804689828,19.01338161650723],[-98.5254186516953,19.014538473282673],[-98.52336580469337,19.01448509491723],[-98.5219129865141,19.013278034850302],[-98.52088381205675,19.011429317973832],[-98.52050521573493,19.011012517603323],[-98.52059394606113,19.00983462267324],[-98.52076247983858,19.008890661215805],[-98.52060104302424,19.008261067070006],[-98.51945147163885,19.00810147869676],[-98.51846708644239,19.00778325446959],[-98.51765220088322,19.006523311597853],[-98.51699753654836,19.005578903556856],[-98.51650806918343,19.004948904601186],[-98.51618912220181,19.002902495741775],[-98.51536976032122,19.00211471068828],[-98.51342938590926,19.001798198894562],[-98.51336829311613,19.00167292006256],[-98.51354671692391,18.999936955171528],[-98.51136841590856,18.99890236466544],[-98.51021812774552,18.998095653378815],[-98.50955315619058,18.99769148375212],[-98.50755610882156,18.996598580686765],[-98.50622490796725,18.996022673959647],[-98.50489826668299,18.999064771066873],[-98.5035009019343,18.99951363611522],[-98.50236462923556,18.99960737279134],[-98.50097963179856,18.999574843518378],[-98.50020250923296,19.000399494035598],[-98.49843358102568,19.0005987501391],[-98.49740151911107,19.0015378127881],[-98.4958812941534,19.001863305586753],[-98.49417120655309,19.00126591904694],[-98.49384292687452,19.001265007942752],[-98.49253086283518,19.000003533827503],[-98.49154764940384,18.998899437064253],[-98.49105512218473,18.99842815182277],[-98.49023507461843,18.998110138035994],[-98.4885915866754,18.997319849346553],[-98.48744218963787,18.99684386453392],[-98.48662087886754,18.99652603103723],[-98.48517185755853,18.995829304943655],[-98.48514047629897,18.995904320095008],[-98.48393065191475,18.996602208203804],[-98.48284620122742,18.99666248260477],[-98.4815150615183,18.996896671706196],[-98.48042951584436,18.997363103790665],[-98.47940754674158,18.998463551014133],[-98.47808471753997,18.999855695410954],[-98.47742508653337,19.000841246529912],[-98.47839804409091,19.00228576903819],[-98.4795519868826,19.00343798190404],[-98.4803450354022,19.005404113727916],[-98.48065204940279,19.00661506990232],[-98.4807789450207,19.007886782144197],[-98.48078887067581,19.01049078202754],[-98.48091635830502,19.011821537139404],[-98.48201069033472,19.013843102199026],[-98.4826779009518,19.015055167279126],[-98.48401410816747,19.01759736564233],[-98.48480510555655,19.018809808310593],[-98.48577514574293,19.020658475382376],[-98.4876511065242,19.02250531253285],[-98.48897835358478,19.022906574137004],[-98.49018851471276,19.023598083723716],[-98.49139427733105,19.02382642280064],[-98.49399243582997,19.024860297389502],[-98.49532103157344,19.025377309038024],[-98.49719333362164,19.0264135482072],[-98.49912606300285,19.026986792689826],[-98.50015170295495,19.02727358093001],[-98.50015201691332,19.027273454849414],[-98.50025858007895,19.026678181349585],[-98.50068176601755,19.026732465585106],[-98.49984782693312,19.025656198688306],[-98.49906134789347,19.024037414467124],[-98.49773034072952,19.023404637453346],[-98.49700449372553,19.02300065979714],[-98.4961593440282,19.022019666665933],[-98.49615782683846,19.02086406452454],[-98.49620106184932,19.02074840434139],[-98.49663752397755,19.01958955136118],[-98.49639450750722,19.01843304473562],[-98.49572809887384,19.017797876687574],[-98.49457971455908,19.017801310315747],[-98.49331399416185,19.01792017704552],[-98.49120016284549,19.01740538168999],[-98.48992918922089,19.01648441150509],[-98.48865834312555,19.01561792386649],[-98.48811035929398,19.014406231862672],[-98.48901473062783,19.013650648968945],[-98.48980107584049,19.0133601199268],[-98.48969313345616,19.01320541942018],[-98.48903952740304,19.012259046071417],[-98.48887866368581,19.011316407344502],[-98.48625622151691,19.013558079006312],[-98.4826387259229,19.01214805886261],[-98.48221595000385,19.00900713082426],[-98.4821584896984,19.00635654299396],[-98.48400215684343,19.003269202024878],[-98.4868374772288,19.00080735224386],[-98.48928735743942,19.00351428615732],[-98.49150722929714,19.005372860737264],[-98.49401620818108,19.005793193544303],[-98.49677703138423,19.006219407814626],[-98.49687505803314,19.007305482875687],[-98.49497701938057,19.007622088986068],[-98.4936552989006,19.0083406151451],[-98.49447276246829,19.009444094278336],[-98.49496264920884,19.01038996092563],[-98.49562510591375,19.008977536823767],[-98.49661140133324,19.008821511075375],[-98.49743219327932,19.009139479085114],[-98.49972629147634,19.010719466463883],[-98.50087605818044,19.010722812703673],[-98.50218998070491,19.010883274934788],[-98.50448861279618,19.011203222396162],[-98.50579904187029,19.011994786899404],[-98.50677648175885,19.013884206245717],[-98.50710128407565,19.014670660742404],[-98.5073420149079,19.015295683973765],[-98.508335459668,19.015450644922826],[-98.50960586591414,19.01620121248127],[-98.51171919354393,19.016715793284],[-98.51292269120528,19.01572936326029],[-98.51219773148296,19.014342419139965],[-98.51038548889338,19.01394222323338],[-98.50905655479681,19.013250525548102],[-98.50790244443337,19.010827100869943],[-98.50880591105114,19.00949477132593],[-98.51007419525457,19.00989569419609],[-98.51152360024973,19.010353882717965],[-98.51273380884945,19.012028249777703],[-98.5141264515303,19.013180966386255],[-98.51512039000794,19.013996694507153],[-98.51686762836577,19.01379535696036],[-98.52160037491092,19.015953127248437],[-98.52113733273595,19.017614175766873],[-98.52349233089338,19.01760939306072],[-98.5256648173853,19.01685032903483],[-98.5283227844003,19.01672826531213],[-98.52959268635585,19.017880541570566],[-98.52917324848205,19.018980494530886],[-98.52960220776033,19.021004540670596],[-98.53129816195778,19.022039928237756],[-98.533230904934,19.02232446477891],[-98.5340071399263,19.022730720934657]],[[-98.5462360867234,19.022286761252857],[-98.5450310797162,19.023389256500874],[-98.54339982294341,19.02374135465463],[-98.5430918124649,19.02252816790121],[-98.54308357398305,19.02061886145821],[-98.542411029725,19.01894364223973],[-98.54258995504891,19.01824952223579],[-98.54361564281022,19.017841121921588],[-98.54506498262282,19.017202695680886],[-98.54579030078771,19.017259111487157],[-98.54616492388934,19.017258231994045],[-98.54669816000647,19.017256979221024],[-98.54796911264802,19.017137617933663],[-98.54911574682306,19.016786604649617],[-98.551108272892,19.015738423040013],[-98.55177090218496,19.015447292492382],[-98.5531055397345,19.016079460551573],[-98.55298957019356,19.017180460386214],[-98.55275271014231,19.018453490793558],[-98.55372451930631,19.019606977134355],[-98.55464073456562,19.021568784221],[-98.55404123692107,19.02255481997968],[-98.5521076460694,19.023196576624162],[-98.55071633179078,19.023374874220462],[-98.54956651579393,19.023144557444347],[-98.54889679167574,19.02199188690034],[-98.5473810324803,19.02135899585531],[-98.5462360867234,19.022286761252857]]]},"properties":{"CLAVE":"TA","DESCRIPCIO":"AGRICULTURA DE TEMPORAL ANUAL"}},
{"type":"Feature","geometry":{"type":"MultiPolygon","coordinates":[[[[-98.41989457041679,19.02177285033676],[-98.41997753979592,19.022108939751853],[-98.4200188868996,19.022276419770478],[-98.42063738018959,19.02295386270552],[-98.42142264624314,19.02289519290598],[-98.42220852595261,19.02260268105428],[-98.42245529377949,19.023874868989026],[-98.42282328094308,19.0251474643141],[-98.42379155261544,19.025087124236105],[-98.42451477557165,19.02444930827862],[-98.42517517460914,19.023754522644694],[-98.42632760319731,19.024155650028003],[-98.42675855819779,19.02594834977573],[-98.4283921002035,19.026348793122235],[-98.42984489335095,19.02680992316372],[-98.4312379489843,19.02738436299365],[-98.4323245975893,19.026977009062932],[-98.43292117515071,19.024951578391246],[-98.43273471398646,19.02373635311471],[-98.4327259778601,19.021711223135334],[-98.43369069626634,19.021130923005483],[-98.43441892470105,19.021823474575267],[-98.43544754476851,19.021822296500076],[-98.43580584920086,19.021010703927296],[-98.43537492211752,19.01968118259171],[-98.43434516095719,19.01916246189559],[-98.43391581476743,19.01766040806388],[-98.43512357791222,19.017253440901865],[-98.434634473954,19.016155307007658],[-98.4340839203986,19.0149411899616],[-98.43432129529589,19.013552576026722],[-98.43589312393654,19.013836950603284],[-98.4367447462424,19.01482047401089],[-98.43735446974561,19.01614828816741],[-98.43911586213734,19.01741627896472],[-98.44104607474117,19.016602968096684],[-98.44091844996696,19.015331210072034],[-98.43964495930484,19.01417606787847],[-98.43763880148148,19.012214874513752],[-98.43636412519422,19.011118742223637],[-98.43509194854876,19.010195150715095],[-98.43387976977978,19.00990968149367],[-98.43284421056154,19.00823314410368],[-98.43156940276496,19.0078316759577],[-98.43048357165198,19.008007454424035],[-98.4293387465023,19.008936740567226],[-98.42886508124604,19.01096248078126],[-98.43002063598576,19.012405612030225],[-98.43032841036404,19.013446392892064],[-98.43057477493645,19.01425540974706],[-98.4300344578447,19.015182160603732],[-98.42888846930997,19.015589296407583],[-98.42749616575513,19.015650532822487],[-98.42592597558262,19.01577019573527],[-98.42507506470452,19.01530878139763],[-98.42386454848469,19.014848439961952],[-98.42229171594262,19.014852281272685],[-98.42029778927183,19.01531782892496],[-98.41955027810322,19.015065224877432],[-98.41906612044329,19.016530219751147],[-98.41945119992444,19.01907551998776],[-98.41946179847363,19.019143323331928],[-98.41971156031111,19.0190231853445],[-98.4201417637245,19.020121164957402],[-98.41989457041679,19.02177285033676]]],[[[-98.42243015322897,19.00658193403846],[-98.42188648997993,19.008243310252357],[-98.4215673624437,19.009173822233535],[-98.42274183143053,19.008488085178932],[-98.4227941084346,19.006926363767477],[-98.42243015322897,19.00658193403846]]],[[[-98.41049758618742,18.998075328994247],[-98.4101901196705,18.997629309674124],[-98.40934575017374,18.99635262967095],[-98.40824039987325,18.994729919865993],[-98.40696882006272,18.992787519684217],[-98.40622477963807,18.991545479891062],[-98.40666116957998,18.99166274955764],[-98.40736220045473,18.992017140741414],[-98.40752856998634,18.99210126024123],[-98.40861789014215,18.9926431097124],[-98.40873753982343,18.99270263042862],[-98.40919226008661,18.992928820760532],[-98.40962269041341,18.99314292000105],[-98.40975362974642,18.99314897090689],[-98.41028261991828,18.99317342029383],[-98.41059662973437,18.99318791985622],[-98.41069860015556,18.99319262973959],[-98.41077691029582,18.993197049736608],[-98.41133982967142,18.993228750032966],[-98.4115609198729,18.993279780124],[-98.41233558028567,18.993458520292815],[-98.41253059973687,18.993418169570184],[-98.4127320302128,18.993376490150897],[-98.41322646031026,18.993403279809613],[-98.41367482017972,18.99342757135323],[-98.41458191996469,18.99386735027557],[-98.414705720416,18.993927370796822],[-98.41575187990634,18.993866290158564],[-98.41624787993771,18.993881320637968],[-98.41708086002261,18.993906570709104],[-98.41774901994113,18.99419097008861],[-98.41809341957277,18.994337571174302],[-98.41915999974756,18.994266199949347],[-98.42001912004027,18.994208709997093],[-98.4200808596387,18.994204580107702],[-98.4204154495334,18.994298139763394],[-98.42082619472657,18.9944129860274],[-98.42084639095394,18.993859661158613],[-98.42083927848529,18.992413573105726],[-98.41877911296086,18.991895907769543],[-98.41684543148438,18.992248097887714],[-98.415028498112,18.991731208747364],[-98.41502195482612,18.990285129092644],[-98.41271817556009,18.98890167049382],[-98.4112009808085,18.98786363942496],[-98.40902011077398,18.987000407610903],[-98.40799065025793,18.986483862194813],[-98.4062947845978,18.98602405577711],[-98.40623103903674,18.984809347983784],[-98.40664415277853,18.982204726168867],[-98.4068820692265,18.981220334872987],[-98.40519069478806,18.981341674146936],[-98.40416238327447,18.981342689347713],[-98.40367139947074,18.979377414262878],[-98.40275608924799,18.976198493014074],[-98.40196340870789,18.974579511729967],[-98.40057228186012,18.973657633096494],[-98.3999646304156,18.97244335281849],[-98.40056705297154,18.971980080831504],[-98.40243965217236,18.971627870070705],[-98.40346122304825,18.970065084205814],[-98.4047318474259,18.97052570971076],[-98.40545393481487,18.970117312447815],[-98.40684029527087,18.968900796535358],[-98.40750762122845,18.969304861583613],[-98.40829520477108,18.97040168059042],[-98.40974248633829,18.969242097935993],[-98.40901065860388,18.967219325729687],[-98.40792031379398,18.966005716121423],[-98.40688912723263,18.964967092566127],[-98.40495681971076,18.964971837779608],[-98.40368930157435,18.966072970580935],[-98.40308964369015,18.96723086941241],[-98.40181948298721,18.967292331055663],[-98.40133291035406,18.966194259202272],[-98.40187456901312,18.9650929174879],[-98.40114934950671,18.964747656098098],[-98.39927657706237,18.96475254535975],[-98.39794793992003,18.9645232231118],[-98.396916615785,18.963193993726215],[-98.39667234455958,18.962037741546634],[-98.3969120553924,18.961287220531588],[-98.39830301611337,18.96157351080109],[-98.399935056026,18.961338534231984],[-98.39938815237437,18.960528547108932],[-98.39993111137633,18.95966103480898],[-98.40198294678974,18.958673869282247],[-98.40312910215428,18.95751333324426],[-98.4031846640885,18.95641488274959],[-98.40227406840748,18.955086130980764],[-98.40130513679424,18.954971576065642],[-98.40003704181055,18.955205549866292],[-98.39864412660894,18.954746763641324],[-98.39792377489415,18.955904193812497],[-98.39671529124166,18.955965836932066],[-98.39550797513358,18.956429250135226],[-98.39515209769834,18.958398300375343],[-98.39479408505827,18.960133549056874],[-98.3944982774974,18.96210055709807],[-98.39419990903673,18.963604494818426],[-98.3938385877346,18.964474899009286],[-98.39323773174637,18.965573736033257],[-98.3925135721473,18.966558643931368],[-98.39185371120769,18.967832060895248],[-98.39107132626506,18.96835595776042],[-98.38956477646904,18.96980346421361],[-98.39177736528093,18.97131726348699],[-98.39031739596132,18.972652757527904],[-98.39219711234904,18.9750397024244],[-98.38705259586676,18.978637670604186],[-98.38250711454995,18.9774777042482],[-98.38440842917811,18.975842045741615],[-98.38093752106766,18.97415860176856],[-98.37967114698438,18.975318604598257],[-98.37901310527403,18.977229880466513],[-98.3781090870123,18.97827313301167],[-98.37696460968598,18.979083976889154],[-98.37569732155393,18.979492579756307],[-98.37418664045731,18.979668754655414],[-98.37346217798891,18.97955264512127],[-98.37231124835412,18.97822507066178],[-98.37080134056588,18.978632761665253],[-98.36941300292442,18.97852104488467],[-98.36814146774113,18.978291701161563],[-98.36699503821274,18.97794703148861],[-98.36566418081789,18.977717454308873],[-98.36514322911748,18.977932728643673],[-98.3651436195354,18.97804663070351],[-98.36505875234505,18.9781040506012],[-98.36490148013942,18.97829268123586],[-98.36488168713255,18.978314159154806],[-98.36506429707248,18.97905003983991],[-98.36627395561295,18.97945170376955],[-98.36675783476834,18.980030053196195],[-98.36688263152844,18.98182156696764],[-98.36700698319856,18.98292072080146],[-98.36731174821763,18.98361419542056],[-98.36834171954094,18.985175197697497],[-98.3697295686925,18.98488285377401],[-98.37147797734828,18.983838142365215],[-98.37244832529389,18.984297928274],[-98.37287370016232,18.98562744901043],[-98.37221203470905,18.986844089183826],[-98.37354287270912,18.987246151914377],[-98.37487062721691,18.987418915088988],[-98.37650284741349,18.98758822122421],[-98.37729005560917,18.988049598128573],[-98.3775959609604,18.989494468895142],[-98.37632885664499,18.99007561148785],[-98.37512264935218,18.991120065459928],[-98.37367377571961,18.991468986379527],[-98.37107528067729,18.991470958826756],[-98.36962792504403,18.991763100641148],[-98.36793907179313,18.992982825491186],[-98.3679405614908,18.993443662181043],[-98.3690926809286,18.994830344941732],[-98.3695197928607,18.996623021510175],[-98.369493451522,18.996742064686867],[-98.36966148004524,18.996696981071917],[-98.37048086032978,18.996953180069738],[-98.37180941992307,18.997467450613136],[-98.37235099989329,18.99767705992039],[-98.37304234962522,18.997987820206117],[-98.37317341892138,18.998025801288875],[-98.37316254560425,18.99803773401285],[-98.37314109027632,18.998061280367796],[-98.37322014094536,18.99806965993918],[-98.37622348893446,18.998388001510918],[-98.37695544623914,18.99765095629311],[-98.37658685023386,18.996031032762772],[-98.3756186814631,18.995049135593565],[-98.37573651921485,18.994123350397555],[-98.37754532365474,18.99261567348759],[-98.3792374533051,18.992612644412805],[-98.38098733854063,18.992148972663387],[-98.38231498480319,18.99145223431783],[-98.38346272886238,18.991508521550575],[-98.38419393047339,18.993354440945023],[-98.38468600742299,18.99572618790031],[-98.3858964101672,18.995955212202333],[-98.387102084592,18.995373776797354],[-98.3874108537613,18.997050219675852],[-98.38572173245873,18.997807021142005],[-98.38518046824966,18.998733594287334],[-98.38516377067236,18.99890682053073],[-98.38516446018232,18.998907690129432],[-98.38616690957961,19.0001137995928],[-98.38896825994523,19.003671309795223],[-98.39080872039801,19.006139079789264],[-98.39119262017896,19.006604059565205],[-98.39206227965187,19.007367479900317],[-98.39263401967241,19.007817779888082],[-98.39304758035225,19.008176289780707],[-98.39322790982145,19.008301479933642],[-98.39412290989961,19.0089510596969],[-98.39457871989062,19.00924842004474],[-98.39566409034022,19.009917369880906],[-98.39598397044887,19.010080020104947],[-98.39634376976414,19.010243309588294],[-98.39645508826585,19.0103101405434],[-98.39666011028525,19.010433220324092],[-98.3967093423699,19.010387847556924],[-98.3969440796682,19.010171510888558],[-98.39716640034166,19.009965880468222],[-98.39729933917542,19.009606250948316],[-98.3972958073114,19.009572128129587],[-98.39545026669293,19.00935544902994],[-98.39429495587807,19.008431979167632],[-98.39434443692117,19.00658200270142],[-98.39439935002234,19.005249245608265],[-98.39439466703888,19.003978233869894],[-98.39438919940149,19.002879454604848],[-98.3946221251303,19.000968521771266],[-98.39643761129318,19.00119758731253],[-98.39770850985433,19.00073201645816],[-98.39861832023917,19.00130983176062],[-98.39964299541889,19.000264508064213],[-98.40000047780723,18.999223535684738],[-98.4009666420973,18.999047546357005],[-98.40229672241607,18.998929542049776],[-98.40344985975764,18.999505583780763],[-98.40279087516275,19.000722289753053],[-98.40273558601793,19.002052510465248],[-98.40334796280497,19.00332364612145],[-98.40389656284415,19.00436318084592],[-98.40481106423093,19.005519376565466],[-98.40427100844188,19.006675122076683],[-98.40282223825946,19.00702675673361],[-98.40252326482887,19.00829930360685],[-98.4023832225805,19.008812720360062],[-98.40283224907795,19.00892415066334],[-98.40298995003005,19.009147770386143],[-98.40308539938447,19.009515710842475],[-98.40332102995241,19.00988425122488],[-98.4037010303376,19.010099569967178],[-98.40394887919803,19.010424380698133],[-98.40400487958159,19.010862749653036],[-98.40410222020381,19.01156157127154],[-98.40423979980538,19.011950019741146],[-98.40454468884987,19.012206850005764],[-98.40490153928033,19.012316539620883],[-98.40498180251423,19.01230060579993],[-98.40570912036627,19.012156219626945],[-98.40593344868535,19.01211969069724],[-98.40617215783696,19.012078855468626],[-98.40621193965971,19.012072049790504],[-98.40642462009708,19.011806149914573],[-98.40719202014174,19.010834149919507],[-98.407661750475,19.010298879925397],[-98.4079710901914,19.009953259713186],[-98.40863953998958,19.009271659654704],[-98.40874109009604,19.009232170114593],[-98.40902812004703,19.009139910380707],[-98.40938370994395,19.009049290347804],[-98.40988116988052,19.008955850407098],[-98.41034321972549,19.008830680153025],[-98.41072642958935,19.008709090018396],[-98.41111826010199,19.0085800896838],[-98.41147415029306,19.008423939940712],[-98.41149634041979,19.008415379870726],[-98.41156619975763,19.008390150231612],[-98.41236451009948,19.008098229670217],[-98.41503227970573,19.00702671043874],[-98.4149935098712,19.006925889990043],[-98.41532501962611,19.005823750205483],[-98.41441385996981,19.005565750089367],[-98.41433044985065,19.005540999768165],[-98.41394655034748,19.005436580353276],[-98.41408789010427,19.00497162012131],[-98.41411545957332,19.004862709724495],[-98.41436870997266,19.003997460257168],[-98.41438434966847,19.003953489867566],[-98.41439943027925,19.003892460196756],[-98.41360011017784,19.003645549780174],[-98.41347953958329,19.003607570228368],[-98.41316809451384,19.003510953543092],[-98.41127717227435,19.003884202248496],[-98.40946287192645,19.004293479607487],[-98.40782979121212,19.00441277512595],[-98.4065557413087,19.003604783313232],[-98.40714751892118,19.001059683873418],[-98.40701702505237,18.999034263771247],[-98.40700797694609,18.99729984543672],[-98.4086420947079,18.997296339560148],[-98.41049758618742,18.998075328994247]]]]},"properties":{"CLAVE":"TA","DESCRIPCIO":"AGRICULTURA DE TEMPORAL ANUAL"}},
{"type":"Feature","geometry":{"type":"MultiPolygon","coordinates":[[[[-98.56250646923992,18.806612486995885],[-98.56266474968416,18.80667567988858],[-98.56295151983133,18.806592450373234],[-98.56309161981267,18.806551800040722],[-98.56338700046129,18.80652126017475],[-98.56364938043258,18.806553110147476],[-98.56378031024907,18.80667829030038],[-98.56397656993377,18.806738550279853],[-98.56459991962438,18.806929950273844],[-98.5651904203858,18.806962539698553],[-98.56552631028197,18.806940510297864],[-98.56564984997235,18.80693239958543],[-98.56614191045331,18.806964750316162],[-98.56645815007606,18.806946289677477],[-98.56724087953796,18.806991939872823],[-98.56800101963893,18.806862250215545],[-98.56819299959534,18.806750449709032],[-98.5683007998368,18.806687680294175],[-98.56883114045982,18.806382199808723],[-98.56906172046676,18.806251279948427],[-98.5693156498754,18.805988970325327],[-98.56933922994358,18.805769950373033],[-98.5693627096877,18.8055947401883],[-98.56936308974983,18.8054413797172],[-98.56947833992177,18.805397830040786],[-98.5697548900686,18.805288939904386],[-98.57000816965267,18.805289520001693],[-98.57012295047915,18.80542122968938],[-98.57023768995998,18.80557484979175],[-98.57051402957961,18.805553580124254],[-98.57086002001574,18.80531340011667],[-98.57097569020637,18.805094580257155],[-98.57125225965783,18.804985679744856],[-98.57148261958082,18.80494237991652],[-98.57192025000329,18.804877680206626],[-98.57240385988652,18.804834950256033],[-98.57286458035838,18.804748380295614],[-98.57304909008575,18.80461734974584],[-98.57318774022285,18.804420510097714],[-98.57334907969619,18.804355149709224],[-98.57385550967648,18.8044001200003],[-98.5744308900149,18.80448908002024],[-98.5746148597724,18.80457712016494],[-98.57477554001885,18.80477465992703],[-98.57489010961712,18.80499400022086],[-98.57498188043428,18.805125659864068],[-98.57518888005251,18.80521374959799],[-98.57541944984209,18.805082830115822],[-98.57548902026397,18.80488581985082],[-98.57548989006858,18.804535310033366],[-98.57555962976647,18.80427256962275],[-98.57558314954018,18.804075450355633],[-98.57567568033194,18.80390040021664],[-98.57579117960135,18.8037473101542],[-98.57592976974811,18.80357235022639],[-98.57599955037851,18.80328771043057],[-98.57590845013554,18.80289316991261],[-98.5757480496981,18.802586089733214],[-98.57551852002842,18.802300770296437],[-98.57538968999143,18.80210086019424],[-98.5753087098027,18.8019751799196],[-98.57530909046166,18.801819520163566],[-98.57535074980476,18.80150831959254],[-98.5754738899273,18.80133349007983],[-98.57555645995905,18.801022369814515],[-98.57557812027254,18.8005359995815],[-98.575497850163,18.799932660348453],[-98.5754373404084,18.799601769649517],[-98.5753995998773,18.799006799644385],[-98.5758637795398,18.798347680332952],[-98.57605100013811,18.797467860267968],[-98.57619119964602,18.7968960198908],[-98.5764238897539,18.796324380393685],[-98.57656409035091,18.79575253970701],[-98.57651936962462,18.79513626030136],[-98.5763354504583,18.794695719852186],[-98.57610463005798,18.794519140410493],[-98.57578151961008,18.79425433960944],[-98.57564398033266,18.793769890423274],[-98.57569178023195,18.79315383027235],[-98.57601676955298,18.79267042991957],[-98.57624956967653,18.7920547797738],[-98.57634391984467,18.791306800274352],[-98.57625330971464,18.790558369911558],[-98.57602326028302,18.790073720361068],[-98.57546957039084,18.789544309866052],[-98.57523974960432,18.78897162992634],[-98.57510309012785,18.788135090286527],[-98.57501268043852,18.787298650013312],[-98.57501880119568,18.787282272065045],[-98.57448745488684,18.7858890397118],[-98.57376276587067,18.78468626080236],[-98.57296488448867,18.784255336649725],[-98.569825729681,18.784750289004567],[-98.5662335755099,18.786111414237535],[-98.56534826421911,18.78701924424283],[-98.56489785644878,18.78778239947671],[-98.56510046781781,18.788302777897208],[-98.56621613701188,18.791113327494593],[-98.56667913380417,18.79200071379906],[-98.5667662476126,18.79282785882766],[-98.56669429928502,18.793548196340105],[-98.56629776257908,18.794312620044227],[-98.56557792310366,18.7950695857284],[-98.56297566596712,18.797794397520704],[-98.56049012852127,18.800160883940137],[-98.56015129862189,18.800771928793512],[-98.56013966315932,18.801235815372632],[-98.56018191306279,18.80170094779806],[-98.56044358908457,18.80201643142337],[-98.56198559353722,18.802877229642668],[-98.56251024178623,18.80345665142826],[-98.56271028242855,18.80408015291705],[-98.56279867852699,18.804855795491154],[-98.56250646923992,18.806612486995885]]],[[[-98.61189556389606,18.82926396076164],[-98.6114443795676,18.829588140161],[-98.61124462953565,18.830174489743133],[-98.6112251497894,18.8302316595434],[-98.61010282985544,18.83039859969742],[-98.6100060497539,18.830412999994522],[-98.60973387955481,18.830419890056323],[-98.6092796897761,18.830431430443788],[-98.60918555032758,18.83043381978291],[-98.6088038795775,18.83044348962536],[-98.60835411980705,18.830454909640153],[-98.60825582977954,18.830455080372023],[-98.60718490984524,18.830456849600527],[-98.60715169011078,18.830450139569212],[-98.60670515024415,18.830360000286653],[-98.60637429022371,18.829959860218967],[-98.60607702035406,18.829600340383045],[-98.60604255038476,18.829539139844826],[-98.60571146045342,18.828951149700742],[-98.60568788994935,18.82891455007714],[-98.60536253973072,18.82840923005702],[-98.60503762017416,18.82798560006709],[-98.60465208033366,18.827627800200947],[-98.60427885030295,18.8274091500748],[-98.60409706014734,18.827306030441722],[-98.6038777102767,18.827181579757777],[-98.6033999496434,18.827399429793118],[-98.6020765797821,18.827383919611975],[-98.6009654895808,18.82736951992754],[-98.60017877970125,18.827853949546874],[-98.59959324048866,18.828348589538933],[-98.59985883424186,18.829975253025747],[-98.59983490167689,18.8309404195187],[-98.59925129165394,18.836661081327676],[-98.5993205888606,18.83895630149589],[-98.59966761560722,18.840231773565385],[-98.60028190357941,18.840909759179183],[-98.60156609815057,18.842568798685996],[-98.60218788138032,18.84294515303991],[-98.60292834389689,18.843626014320535],[-98.60322877622694,18.844236473843367],[-98.60346165700363,18.845026473447625],[-98.60385986048905,18.84678602086444],[-98.60409125427144,18.84763635372787],[-98.60464102632037,18.84837323024893],[-98.60532293482878,18.848871675400733],[-98.60620005147283,18.84913312272378],[-98.60847186269413,18.849351328222074],[-98.60852586576398,18.849157872690668],[-98.6086420499948,18.848968923672672],[-98.60879795993576,18.84878452783932],[-98.60898257166829,18.84861319969101],[-98.60918486233942,18.848463453775093],[-98.60939380916676,18.84834380649358],[-98.60960203737292,18.84826231214327],[-98.60983063493005,18.848218711842996],[-98.61007623628912,18.84820716000197],[-98.6103279953372,18.848221939733772],[-98.61057506513387,18.848257327867277],[-98.61080659855085,18.848307606733904],[-98.61100405694918,18.848402505690782],[-98.61116143096767,18.848583249563692],[-98.61131182119792,18.84877489657157],[-98.61145988265514,18.848959441684165],[-98.61160203167542,18.84915119829265],[-98.61176466090188,18.849310783131482],[-98.61196595502696,18.849413451430188],[-98.61218964817213,18.849487649620155],[-98.61242621140877,18.849540570382242],[-98.6126675256342,18.849576564612335],[-98.61290558287075,18.849599952249818],[-98.6131414860334,18.84961243714284],[-98.61337853805425,18.84961546016188],[-98.61361642290946,18.8496116359837],[-98.61385482282631,18.84960357381385],[-98.61409341898745,18.849593887364126],[-98.61433189644141,18.84958518862339],[-98.61456993554653,18.849580087665416],[-98.61494719475016,18.849705158444472],[-98.61518874309357,18.849721308906094],[-98.61542545580981,18.849745199369618],[-98.61563894237321,18.849834229944527],[-98.61584151733119,18.849962117251938],[-98.61602121234053,18.850115982504377],[-98.6161665594936,18.85029103457922],[-98.61628273932811,18.85049144447106],[-98.61637628050212,18.850704755333986],[-98.61644976267291,18.850922867288006],[-98.61649799208875,18.85115760257432],[-98.61653586706734,18.851397850603156],[-98.61658055324946,18.85162933398772],[-98.61664921433497,18.85183778069072],[-98.61676041466079,18.852007866951926],[-98.61695768151105,18.85210449918845],[-98.61721313691861,18.85214327703616],[-98.61746998575505,18.85216102626331],[-98.61770708517356,18.85216173590282],[-98.61794743310801,18.85213529493204],[-98.61818667438112,18.852113204727097],[-98.6184202603972,18.85212718059791],[-98.61865265712298,18.852174350560997],[-98.61888869423586,18.85223001245705],[-98.61912344756854,18.852296191205475],[-98.61935198888634,18.852374922533674],[-98.61956938907083,18.852468239463033],[-98.61977071992558,18.852578175969672],[-98.61995325738822,18.852713713692108],[-98.62011722244176,18.8528855622018],[-98.6202579196136,18.853082013298163],[-98.62037043824635,18.853290556094546],[-98.62044935125896,18.853499248615034],[-98.62047755739374,18.85371734490365],[-98.62046567207574,18.853947155277],[-98.62043678225962,18.854181237290895],[-98.62041397487641,18.854412155736828],[-98.62040354596354,18.85463972857878],[-98.6203929777477,18.854867701367795],[-98.6203763841393,18.855094913229994],[-98.62034787805949,18.85532020326602],[-98.62030150469263,18.85554287816652],[-98.62023669491357,18.855764405852113],[-98.62016067099393,18.855985151230755],[-98.62008109615064,18.856205268141057],[-98.62000563260959,18.856424914036307],[-98.61994194081122,18.856644243626974],[-98.61989768405225,18.85686341350876],[-98.61988052187527,18.857082580195474],[-98.61989948094673,18.857301357605525],[-98.61995148719778,18.857519467533404],[-98.62002618483143,18.857737200099567],[-98.62011321979658,18.85795484909477],[-98.62020223426335,18.858172704622458],[-98.62028287404978,18.8583910605158],[-98.62034884372571,18.858610028201593],[-98.62041367364314,18.858828933210575],[-98.62047916399,18.85904775978681],[-98.6205447625058,18.859266606025813],[-98.62060991984626,18.85948556737258],[-98.62067408467253,18.85970474285129],[-98.62073670383066,18.859924227823708],[-98.6207972249794,18.860144123104966],[-98.62085509977898,18.86036452145003],[-98.62090977305154,18.86058552270655],[-98.62096071879789,18.860807239150926],[-98.62101683462241,18.8610362705398],[-98.62102612385195,18.862735756799182],[-98.62102539864229,18.862762749436037],[-98.6212714252958,18.863677141357687],[-98.62152934489984,18.864947426494627],[-98.62164592965384,18.8652464238982],[-98.62192866568878,18.865509679768717],[-98.62262774854273,18.865644085481808],[-98.62508475595975,18.865699816890572],[-98.62804348846433,18.86570228176989],[-98.62813216329248,18.865555550410157],[-98.62893423006993,18.863980919410228],[-98.62908925246754,18.86332076756608],[-98.62911045074428,18.86245848851303],[-98.62767108366198,18.858908509560425],[-98.6271203201112,18.85590962132546],[-98.62716829183258,18.855601643968058],[-98.62692116988401,18.855576830325006],[-98.62668180022331,18.855576339860317],[-98.6264353399688,18.85557584958751],[-98.62606405958746,18.85546638035692],[-98.62592153983356,18.855303019650282],[-98.62577961992241,18.854867859995263],[-98.62569454964478,18.85456871005791],[-98.62555214045118,18.854350980348347],[-98.62543842031847,18.854078939755848],[-98.62506768993744,18.853724860105483],[-98.62491511033275,18.8535556801629],[-98.6248077704647,18.853436679581634],[-98.62452623016999,18.853044259922267],[-98.62438362959492,18.852908079696224],[-98.62404118023042,18.85268993981604],[-98.6238594500432,18.852618799980704],[-98.62341303044582,18.852444049599],[-98.62312743041278,18.85236193959642],[-98.62305901987351,18.852318350214887],[-98.6228705802086,18.852198319698452],[-98.62269959974344,18.85198054034098],[-98.6226713399036,18.851844579674548],[-98.62267182981553,18.851627139652475],[-98.62264385012368,18.851355279742442],[-98.6227937799806,18.85117781983341],[-98.62287308007366,18.851083950264467],[-98.62287345037987,18.850920859830843],[-98.62286868015835,18.850368479672532],[-98.62305005001943,18.849888719831608],[-98.6230649104668,18.84969656974812],[-98.62308716993716,18.849408679998376],[-98.6230510295543,18.849278679666018],[-98.62294408996875,18.848893979971958],[-98.62284939966302,18.848682619664327],[-98.62272881996533,18.848413429836757],[-98.62251332028691,18.848035770447108],[-98.62244188987322,18.84772697958597],[-98.62233448956553,18.847383819768307],[-98.62224582984814,18.84710767973402],[-98.62219126038073,18.84693770958999],[-98.62211065016244,18.846860709715077],[-98.62201137000359,18.846765879578573],[-98.62183201956306,18.846353979559932],[-98.62176042952905,18.846113779828393],[-98.62165356962534,18.8455305696322],[-98.62158215031785,18.845221769579027],[-98.62157093956658,18.845178689538876],[-98.62150918009354,18.844941600381826],[-98.62143916996475,18.84467277984898],[-98.62134178041369,18.844486569691234],[-98.62115195002882,18.84412349039094],[-98.62097237023131,18.84381448993528],[-98.6206485504417,18.84350517985247],[-98.6202161203512,18.84340141955857],[-98.61991974007287,18.843221170224417],[-98.61982006032642,18.843160549686754],[-98.61967630953127,18.842954490338506],[-98.6195695102963,18.84283971967761],[-98.61946858006587,18.84273127964098],[-98.61938855006252,18.842645259945638],[-98.61920993963507,18.842160570100283],[-98.61917353965252,18.842061829596982],[-98.61910234986318,18.841650149543483],[-98.61906714988785,18.841272849684437],[-98.61907302953524,18.841212829808555],[-98.61910405952881,18.840895689949853],[-98.6192126897882,18.840690149630724],[-98.61923168966098,18.840495949638882],[-98.61924024965744,18.840408460220992],[-98.61924960006688,18.840312980210374],[-98.6190346603133,18.839695260052647],[-98.61899905954819,18.839489419999346],[-98.61897382027104,18.83915066034653],[-98.61896468016698,18.83902808966071],[-98.61900605006717,18.838899249576073],[-98.61906454957385,18.83873965005206],[-98.61923891953488,18.838618830017985],[-98.61953474038455,18.838570580445992],[-98.61983377981309,18.83841217961365],[-98.62004677978487,18.83819069039606],[-98.62029854981641,18.83818474981927],[-98.62031497041457,18.838184350365214],[-98.62052950970092,18.838218060148897],[-98.62071054988154,18.838246489889347],[-98.62090742028765,18.838257910409965],[-98.62132031032854,18.838281860402883],[-98.62171492009605,18.838282660199084],[-98.62196624995413,18.83818080000664],[-98.62218194971906,18.837976509883738],[-98.62229003008254,18.837772000114658],[-98.62218309034874,18.837464689761596],[-98.62213458008803,18.837387429917342],[-98.62196861966494,18.837123050170156],[-98.62189717958844,18.836986420359374],[-98.62185178027413,18.83675338025891],[-98.62179078024045,18.836440260419458],[-98.62193519998945,18.83603109018481],[-98.62225841996144,18.835861139580164],[-98.6223307702548,18.83558830956253],[-98.62272574962265,18.835418510404217],[-98.62292028995034,18.835352859575632],[-98.62322835000013,18.835248910144156],[-98.62347991993711,18.835044689842483],[-98.62362408993341,18.83473789032196],[-98.62391168030186,18.834465509667776],[-98.62409131995018,18.83432937965923],[-98.624235349707,18.83409082955283],[-98.62423579993649,18.833886090288413],[-98.62442594992687,18.83351772033336],[-98.62464965027127,18.833084340010423],[-98.62466515036417,18.83304332029801],[-98.62480945956312,18.832661519702977],[-98.62482945961936,18.83252114015481],[-98.62487402012792,18.832208290028944],[-98.62493831017717,18.83187594986461],[-98.62518068968181,18.831664029785426],[-98.62535216969162,18.831514090319438],[-98.62567018006183,18.831393849581037],[-98.62573869045328,18.83135391984067],[-98.62601679990402,18.831191901400903],[-98.62536937579324,18.830704187232993],[-98.624866338368,18.829375127327626],[-98.62496264542713,18.828572080636427],[-98.62582026941037,18.827932701461886],[-98.62721747907946,18.827802752295096],[-98.62723544999717,18.827618949816927],[-98.627108689903,18.827467579976737],[-98.62697438002947,18.827410480304213],[-98.62682297980089,18.827346109717993],[-98.6269189098193,18.827074289871383],[-98.62707838029148,18.826802600077542],[-98.62720621956223,18.82647037986657],[-98.62721031998551,18.826116149844605],[-98.62681731997955,18.825964199573136],[-98.62655976975137,18.825864630395067],[-98.62637974965646,18.825793920302715],[-98.62582824988976,18.825577309635538],[-98.62543110967985,18.825746540365564],[-98.6251550804483,18.825864170336608],[-98.62504120023019,18.825912690127396],[-98.62467845974392,18.826044420340114],[-98.62435172045184,18.82616306035509],[-98.62428422972059,18.82618756976702],[-98.62398245031741,18.826297150191316],[-98.6228847100368,18.826622969734547],[-98.62222522972398,18.826666169611702],[-98.62190931038059,18.826620020125908],[-98.62146783014448,18.826531379686575],[-98.62120274035492,18.826502850060677],[-98.62104782967147,18.826486169697002],[-98.62073182972192,18.8264354299791],[-98.62058114957014,18.82641124972702],[-98.6201946604531,18.82635429032964],[-98.62008051969303,18.82633747984585],[-98.61949437986138,18.826293379607417],[-98.61842857993538,18.826213199822952],[-98.61824642003694,18.826209060284498],[-98.61799535040859,18.826203350287436],[-98.61762507995499,18.826267940145307],[-98.61696707989722,18.826179979800077],[-98.61619050990768,18.826104399697815],[-98.61608626569745,18.826086096949368],[-98.61716985899007,18.82873916749857],[-98.61698181036223,18.831250824135882],[-98.61407471912496,18.831784510529133],[-98.61189556389606,18.82926396076164]]]]},"properties":{"CLAVE":"TAP","DESCRIPCIO":"AGRICULTURA DE TEMPORAL ANUAL Y PERMANENTE"}},
{"type":"Feature","geometry":{"type":"Polygon","coordinates":[[[-98.40337573818222,18.94253299788195],[-98.40507330648762,18.94461117347616],[-98.4056193700889,18.9453030727383],[-98.40658908246238,18.94599641505927],[-98.40762279749383,18.947207499306455],[-98.40883734855541,18.948362447964833],[-98.41047362567723,18.948937733468693],[-98.4121133151396,18.950148580939715],[-98.4136909825346,18.951359210180808],[-98.41417964301901,18.952863526918566],[-98.41502956864129,18.95436452446167],[-98.41612080766016,18.955287507593],[-98.41733028298452,18.955284755196267],[-98.41823437489775,18.954704413241956],[-98.41811117505672,18.953201319698366],[-98.41943940003081,18.9526768732056],[-98.42082674649961,18.951632805963147],[-98.42082276912376,18.950395669439043],[-98.42082131282079,18.949955608149324],[-98.42208901463195,18.949374045263195],[-98.42402283392413,18.949080929108995],[-98.42468092346604,18.9474034268423],[-98.42444495772125,18.947041699337802],[-98.42389052966597,18.94619073668018],[-98.42189345196928,18.94602068116879],[-98.42068867446267,18.94706534856087],[-98.41935624197377,18.946604664928287],[-98.41740878645426,18.94487307033018],[-98.41788718481041,18.943714781701942],[-98.41757524243643,18.94186609391695],[-98.4169033549519,18.94059501186224],[-98.41647424185669,18.939381491747543],[-98.41453405560603,18.937881439555365],[-98.41260109130006,18.937943019943887],[-98.41066942478321,18.938755891830795],[-98.40862011315424,18.93997464075694],[-98.405964027526,18.940269751974128],[-98.40451755689871,18.940677916661823],[-98.4036125252526,18.941432939042745],[-98.40337573818222,18.94253299788195]]]},"properties":{"CLAVE":"TAP","DESCRIPCIO":"AGRICULTURA DE TEMPORAL ANUAL Y PERMANENTE"}},
{"type":"Feature","geometry":{"type":"Polygon","coordinates":[[[-98.3690417324515,18.939565881318714],[-98.36904722018946,18.939701090015987],[-98.36916085010482,18.940697370163818],[-98.36931940000245,18.942423880118465],[-98.36943408008098,18.944156889890206],[-98.36962466003763,18.944299520281145],[-98.37047466004181,18.945397719638876],[-98.37046980293037,18.945402308784843],[-98.37062182572349,18.94549101279868],[-98.3718368930761,18.946471408380326],[-98.3738198770734,18.947334316537194],[-98.3757414620061,18.947561428812932],[-98.37712228840759,18.947559588207977],[-98.37892597582496,18.94784524415772],[-98.38019513353638,18.94888482104296],[-98.38212954363503,18.94957492926784],[-98.38339012529885,18.948703242310472],[-98.38289871377764,18.947548428046623],[-98.38216738653693,18.9462770063375],[-98.38324225196088,18.945002919742343],[-98.38522947128762,18.94424729398762],[-98.3872215714669,18.943952421244145],[-98.38783856547889,18.94551393552788],[-98.38778940078171,18.94678712732405],[-98.38827846044855,18.947594628700887],[-98.38980022512999,18.948748492933117],[-98.39065211641278,18.949845537585944],[-98.39090176001122,18.951639604267868],[-98.39042283506109,18.953549168758606],[-98.39097366216359,18.955339777096285],[-98.39037678553692,18.958002562204037],[-98.38911357966258,18.959970696286064],[-98.38730264435907,18.960438745819406],[-98.38518857593276,18.960154359633375],[-98.38446420413689,18.960732901215117],[-98.38555496734814,18.962003380101535],[-98.38320553388903,18.96374292511278],[-98.38060370992999,18.96189730145764],[-98.37764722858493,18.963003562998935],[-98.37625766638001,18.961443674370106],[-98.37450724669056,18.960983405046015],[-98.37281255335301,18.96127695035971],[-98.37269254875618,18.962490935966674],[-98.37462649955462,18.96324016362196],[-98.37444898994478,18.964338181410156],[-98.37342381326107,18.965035908951183],[-98.37173407163587,18.965501970760187],[-98.37306545436822,18.966827885640516],[-98.37258688076379,18.96798611337277],[-98.37216650254781,18.96954860747663],[-98.37349823471425,18.970241209005064],[-98.37458690164274,18.971164466651643],[-98.37513309083441,18.972147063903712],[-98.37501544693353,18.97272549012815],[-98.37422929981902,18.97301549408546],[-98.3727199824002,18.972903371483998],[-98.37163700852416,18.97510363511292],[-98.37309326506266,18.977008888331255],[-98.37231124835412,18.97822507066178],[-98.37346217798891,18.97955264512127],[-98.37418664045731,18.979668754655414],[-98.37569732155393,18.979492579756307],[-98.37696460968598,18.979083976889154],[-98.3781090870123,18.97827313301167],[-98.37901310527403,18.977229880466513],[-98.37967114698438,18.975318604598257],[-98.38093752106766,18.97415860176856],[-98.3809335824909,18.972887386708955],[-98.38080945031061,18.971152670652934],[-98.38147149160139,18.970340099943165],[-98.38304077033102,18.969760016107305],[-98.38478961937298,18.96894674716276],[-98.38581636179805,18.96871202758],[-98.38690070004832,18.968189217868904],[-98.38816819742839,18.96714722448274],[-98.38949305186597,18.966450458863154],[-98.39160443288526,18.96517305779438],[-98.39262914277782,18.963376561424877],[-98.39322571487705,18.960772748329394],[-98.39370147227677,18.958168529200304],[-98.39387256025968,18.95544977201208],[-98.39410419789549,18.952903753966677],[-98.3944610034095,18.950358184438617],[-98.39560245735403,18.948505396395923],[-98.3974272781951,18.947229482881315],[-98.39759235511283,18.947114058379746],[-98.39885735434757,18.945953993944133],[-98.39951651626644,18.944449089671874],[-98.39966118259888,18.943228276586655],[-98.39969477409132,18.942944801429903],[-98.39974760398265,18.94115182921473],[-98.39974119584602,18.94010996928519],[-98.3993070614256,18.938839669966143],[-98.39814924079052,18.93843621661585],[-98.39669988388398,18.939132587859053],[-98.39530301073269,18.939252608777082],[-98.3946278173145,18.938558002727902],[-98.39346304650645,18.937521242698203],[-98.39157862255799,18.937467046823034],[-98.38988189305492,18.937817491874473],[-98.38849260121316,18.938339219162724],[-98.38716451654707,18.938688647193423],[-98.38571954994582,18.939271432273305],[-98.38573483033882,18.940542542742293],[-98.38653077605814,18.941410119291522],[-98.38593416674256,18.942220595712286],[-98.38430130974666,18.942223916792678],[-98.38296668768845,18.941531456581387],[-98.38151386363391,18.941015604409035],[-98.38018384782426,18.94049563432021],[-98.3789818462356,18.94067292060354],[-98.3781938241255,18.940036840641906],[-98.37799995608714,18.93905562147903],[-98.37732910679888,18.938188448653168],[-98.37601599131432,18.93871257308737],[-98.37567579217712,18.940331935349928],[-98.3747173331142,18.94033301745189],[-98.37339014307317,18.939642756290652],[-98.37153927058212,18.939935645444606],[-98.3690417324515,18.939565881318714]]]},"properties":{"CLAVE":"TAP","DESCRIPCIO":"AGRICULTURA DE TEMPORAL ANUAL Y PERMANENTE"}},
{"type":"Feature","geometry":{"type":"Polygon","coordinates":[[[-98.41316809451384,19.003510953543092],[-98.41303895019546,19.00347089008606],[-98.41319765022276,19.003013660393258],[-98.41322215040773,19.002926779715708],[-98.41283879970598,19.001978449979163],[-98.41228703006948,19.000671079733245],[-98.41049758618742,18.998075328994247],[-98.4086420947079,18.997296339560148],[-98.40700797694609,18.99729984543672],[-98.40701702505237,18.999034263771247],[-98.40714751892118,19.001059683873418],[-98.4065557413087,19.003604783313232],[-98.40782979121212,19.00441277512595],[-98.40946287192645,19.004293479607487],[-98.41127717227435,19.003884202248496],[-98.41316809451384,19.003510953543092]]]},"properties":{"CLAVE":"TAP","DESCRIPCIO":"AGRICULTURA DE TEMPORAL ANUAL Y PERMANENTE"}},
{"type":"Feature","geometry":{"type":"Polygon","coordinates":[[[-98.4215673624437,19.009173822233535],[-98.42143772015461,19.00955182967318],[-98.42094782964286,19.010921049838725],[-98.42003854990404,19.013587750435768],[-98.41955027810322,19.015065224877432],[-98.42029778927183,19.01531782892496],[-98.42229171594262,19.014852281272685],[-98.42386454848469,19.014848439961952],[-98.42507506470452,19.01530878139763],[-98.42592597558262,19.01577019573527],[-98.42749616575513,19.015650532822487],[-98.42888846930997,19.015589296407583],[-98.4300344578447,19.015182160603732],[-98.43057477493645,19.01425540974706],[-98.43032841036404,19.013446392892064],[-98.43002063598576,19.012405612030225],[-98.42886508124604,19.01096248078126],[-98.4293387465023,19.008936740567226],[-98.42842545096543,19.00789624403465],[-98.42769574776057,19.007146940030466],[-98.4266039121852,19.006859554662704],[-98.42612409078609,19.007380111389306],[-98.4261913176462,19.00882645246267],[-98.42516947028206,19.010101192489085],[-98.42365282055832,19.009353795115313],[-98.42274183143053,19.008488085178932],[-98.4215673624437,19.009173822233535]]]},"properties":{"CLAVE":"TAP","DESCRIPCIO":"AGRICULTURA DE TEMPORAL ANUAL Y PERMANENTE"}},
{"type":"Feature","geometry":{"type":"Polygon","coordinates":[[[-98.52012633032372,19.02698500757476],[-98.52038122041802,19.02701303006663],[-98.52104314046932,19.026890490019987],[-98.52237625046386,19.026369779730874],[-98.52315108013745,19.025612680249164],[-98.52448408011915,19.025091950088314],[-98.52531677028585,19.025094110436534],[-98.5261851500652,19.025051149710272],[-98.52682991006589,19.024515090253523],[-98.52724408997175,19.02382029015932],[-98.52771342048193,19.02375596965185],[-98.5307645202289,19.02262957997772],[-98.53230714028795,19.022531830176497],[-98.53391434999078,19.022709860413205],[-98.5340071399263,19.022730720934657],[-98.533230904934,19.02232446477891],[-98.53129816195778,19.022039928237756],[-98.52960220776033,19.021004540670596],[-98.52917324848205,19.018980494530886],[-98.52959268635585,19.017880541570566],[-98.5283227844003,19.01672826531213],[-98.5256648173853,19.01685032903483],[-98.52349233089338,19.01760939306072],[-98.52113733273595,19.017614175766873],[-98.52013825008555,19.018929560183796],[-98.51750918284324,19.01826599840348],[-98.51552826596077,19.016895013904964],[-98.51402333004945,19.016618955738412],[-98.51430909816841,19.015300993048676],[-98.51512039000794,19.013996694507153],[-98.5141264515303,19.013180966386255],[-98.51273380884945,19.012028249777703],[-98.51152360024973,19.010353882717965],[-98.51007419525457,19.00989569419609],[-98.50880591105114,19.00949477132593],[-98.50790244443337,19.010827100869943],[-98.50905655479681,19.013250525548102],[-98.51038548889338,19.01394222323338],[-98.51219773148296,19.014342419139965],[-98.51292269120528,19.01572936326029],[-98.51171919354393,19.016715793284],[-98.50960586591414,19.01620121248127],[-98.508335459668,19.015450644922826],[-98.5073420149079,19.015295683973765],[-98.50710128407565,19.014670660742404],[-98.50677648175885,19.013884206245717],[-98.50579904187029,19.011994786899404],[-98.50448861279618,19.011203222396162],[-98.50218998070491,19.010883274934788],[-98.50087605818044,19.010722812703673],[-98.49972629147634,19.010719466463883],[-98.49743219327932,19.009139479085114],[-98.49661140133324,19.008821511075375],[-98.49562510591375,19.008977536823767],[-98.49496264920884,19.01038996092563],[-98.49447276246829,19.009444094278336],[-98.4936552989006,19.0083406151451],[-98.49250681804541,19.007867287811347],[-98.49086201137148,19.008175719436647],[-98.48970904612867,19.00880116047811],[-98.48888421646502,19.009743134697143],[-98.48871771202779,19.01037150106636],[-98.48887866368581,19.011316407344502],[-98.48903952740304,19.012259046071417],[-98.48969313345616,19.01320541942018],[-98.48980107584049,19.0133601199268],[-98.49028035803481,19.013184459731082],[-98.4920351832439,19.014510805154806],[-98.49427338177335,19.01554619151066],[-98.495422677363,19.016353067505765],[-98.49662930860768,19.016871659172153],[-98.49874125454105,19.017096105098204],[-98.49902562763202,19.017068194037012],[-98.49995202103493,19.01697726712141],[-98.50188303053886,19.016857739255208],[-98.50314875594205,19.0168546376036],[-98.50459779234625,19.017197003471967],[-98.50628990011108,19.018116920251533],[-98.50719686794572,19.019445395019975],[-98.50786361538852,19.020543877948988],[-98.50913615681864,19.021755325632586],[-98.50984550398084,19.02183873250279],[-98.5105823992375,19.021925214856218],[-98.51191006842845,19.021631587350843],[-98.51323616778824,19.022032523662293],[-98.51487338866673,19.023533770992522],[-98.51547423675288,19.024166340071506],[-98.51656419833509,19.024741524149157],[-98.51789779204077,19.025896505728262],[-98.52012633032372,19.02698500757476]]]},"properties":{"CLAVE":"TAP","DESCRIPCIO":"AGRICULTURA DE TEMPORAL ANUAL Y PERMANENTE"}},
{"type":"Feature","geometry":{"type":"Polygon","coordinates":[[[-98.37622348893446,18.998388001510918],[-98.3767312285247,18.99844181361023],[-98.37800900474127,18.998577230144146],[-98.37806723010362,18.99858340018674],[-98.37813648985001,18.998640770362993],[-98.37864665000261,18.998989350545394],[-98.37888161995966,18.999182569874918],[-98.37891802031412,18.999238520815616],[-98.3791452466734,18.99934727673134],[-98.3812337397255,19.000346859785665],[-98.38204301285123,18.999339270753847],[-98.38369364986096,18.997284080002974],[-98.38395984995346,18.99753182024832],[-98.3841965195586,18.997780689669302],[-98.38498722974698,18.998684169554632],[-98.38516377067236,18.99890682053073],[-98.38518046824966,18.998733594287334],[-98.38572173245873,18.997807021142005],[-98.3874108537613,18.997050219675852],[-98.387102084592,18.995373776797354],[-98.3858964101672,18.995955212202333],[-98.38468600742299,18.99572618790031],[-98.38419393047339,18.993354440945023],[-98.38346272886238,18.991508521550575],[-98.38231498480319,18.99145223431783],[-98.38098733854063,18.992148972663387],[-98.3792374533051,18.992612644412805],[-98.37754532365474,18.99261567348759],[-98.37573651921485,18.994123350397555],[-98.3756186814631,18.995049135593565],[-98.37658685023386,18.996031032762772],[-98.37695544623914,18.99765095629311],[-98.37622348893446,18.998388001510918]]]},"properties":{"CLAVE":"TAP","DESCRIPCIO":"AGRICULTURA DE TEMPORAL ANUAL Y PERMANENTE"}},
{"type":"Feature","geometry":{"type":"MultiPolygon","coordinates":[[[[-98.50068176601755,19.026732465585106],[-98.5017432295512,19.026868619569335],[-98.50194464960602,19.026384580869333],[-98.50237860043934,19.026241479983113],[-98.50339679969136,19.026027400755236],[-98.50441079995377,19.02613478056933],[-98.50905582979156,19.02630417007439],[-98.51116391217423,19.02638098898915],[-98.51033070606208,19.02584538908566],[-98.50983866629123,19.0258440363764],[-98.50901934562455,19.025212559739902],[-98.50705473725735,19.02410598633755],[-98.5067287643225,19.023632816577948],[-98.50590959915317,19.023160496747263],[-98.50393849636602,19.023311457156456],[-98.50278859032159,19.02330812710605],[-98.5011501293528,19.022517832183343],[-98.49951297861584,19.02156860415419],[-98.49902052604743,19.021410343600262],[-98.49639596362084,19.02077395018546],[-98.49620106184932,19.02074840434139],[-98.49615782683846,19.02086406452454],[-98.4961593440282,19.022019666665933],[-98.49700449372553,19.02300065979714],[-98.49773034072952,19.023404637453346],[-98.49906134789347,19.024037414467124],[-98.49984782693312,19.025656198688306],[-98.50068176601755,19.026732465585106]]],[[[-98.4895819438488,19.051675399439215],[-98.48979411965172,19.051340319824813],[-98.48983234957349,19.05049771961438],[-98.48985865975511,19.04966863020701],[-98.4898138003446,19.048990720168415],[-98.48989010962345,19.04831089088728],[-98.49061508963916,19.048256890887664],[-98.49138758031818,19.048267090515193],[-98.49278025999052,19.048117651075415],[-98.49262037037529,19.04765738025771],[-98.49224006018552,19.04709971010185],[-98.49192148039596,19.046594919818936],[-98.49162787981415,19.046264260410826],[-98.49126317045173,19.046062170034627],[-98.49114935007869,19.045614519574823],[-98.49151274021153,19.04369738034307],[-98.49161005954589,19.042764569838315],[-98.4922594500962,19.041548600609076],[-98.49323161968665,19.041321939704606],[-98.49375062025264,19.041191351119764],[-98.49433542963953,19.04073531955092],[-98.49492051021589,19.040191279691673],[-98.49495980028362,19.039443319772328],[-98.49455425043445,19.038701429838177],[-98.4947140002736,19.037917889634087],[-98.49509262963169,19.037256949780446],[-98.4953875696445,19.036735861103146],[-98.4961567397278,19.035455510350843],[-98.49695684979302,19.03426175014843],[-98.4985074599864,19.034556710380805],[-98.49880158024989,19.03299790961077],[-98.49994431965783,19.028433660552682],[-98.50015201691332,19.027273454849414],[-98.50015170295495,19.02727358093001],[-98.49912606300285,19.026986792689826],[-98.49719333362164,19.0264135482072],[-98.49532103157344,19.025377309038024],[-98.49399243582997,19.024860297389502],[-98.49139427733105,19.02382642280064],[-98.49018851471276,19.023598083723716],[-98.48897835358478,19.022906574137004],[-98.4876511065242,19.02250531253285],[-98.48577514574293,19.020658475382376],[-98.48480510555655,19.018809808310593],[-98.48401410816747,19.01759736564233],[-98.4826779009518,19.015055167279126],[-98.48201069033472,19.013843102199026],[-98.48091635830502,19.011821537139404],[-98.48078887067581,19.01049078202754],[-98.4807789450207,19.007886782144197],[-98.48065204940279,19.00661506990232],[-98.4803450354022,19.005404113727916],[-98.4795519868826,19.00343798190404],[-98.47839804409091,19.00228576903819],[-98.47742508653337,19.000841246529912],[-98.4762121596692,19.000208455196745],[-98.47554238379963,18.99864707165882],[-98.47565662079997,18.9974896299596],[-98.47585647444659,18.9951721946313],[-98.47392154759812,18.994374223974578],[-98.47315446087299,18.994371883792848],[-98.47264267171668,18.994370320945908],[-98.46753205745519,18.992642942226365],[-98.46548952473094,18.990924888841555],[-98.46370129101692,18.990186158270852],[-98.46268201920527,18.988716493470502],[-98.46166232547583,18.98700165995748],[-98.45987506369073,18.985286702245],[-98.45859849091806,18.983813964648945],[-98.45298148386293,18.977930580200027],[-98.45292648502124,18.977757757563953],[-98.45119514649485,18.97822875670745],[-98.44981061763097,18.97944815381162],[-98.44818450576112,18.980494016454266],[-98.44709675449229,18.980842407631222],[-98.44558329012914,18.980499331672725],[-98.44425172333028,18.980386102808392],[-98.44304406382227,18.98096783161814],[-98.4430498310721,18.98218240295548],[-98.44238722397027,18.982588882872637],[-98.44117657210977,18.982417019239893],[-98.43979053687164,18.983463565417505],[-98.43839895065959,18.983581646168933],[-98.43791044493483,18.982540370483903],[-98.43760575804961,18.98196278553402],[-98.43663830167391,18.9819666255015],[-98.4359910385765,18.981655333834297],[-98.43514651285102,18.98517602165852],[-98.43734950004502,18.985423081006434],[-98.43995864922867,18.986809984826778],[-98.43967222145103,18.98812765809885],[-98.43533813438039,18.990070991381998],[-98.4316738280638,18.989092188468994],[-98.43093063522176,18.989800031285462],[-98.43092742911666,18.990864527444025],[-98.43018426910037,18.991924725110213],[-98.4301783387564,18.994408274334575],[-98.4312877959895,18.997960031618977],[-98.4305421319231,18.99973057179563],[-98.4283118569559,19.000787933334188],[-98.42608371171785,19.000424154898788],[-98.42534555931306,18.997940598596088],[-98.42534706123685,18.997078856587038],[-98.42525356995063,18.99737571037432],[-98.42505411014454,18.998093019886614],[-98.42489108003136,18.99864929092263],[-98.42474351968039,18.999137939541626],[-98.42456564957615,18.999802719604627],[-98.42440768978344,19.000335139819132],[-98.42427117960123,19.000738771024448],[-98.42411691665487,19.00125014941827],[-98.4263386311768,19.00275191735472],[-98.42718374117526,19.00199874641522],[-98.42839528784786,19.00217073869276],[-98.43027179986566,19.002340370840326],[-98.43160318360906,19.0025672212503],[-98.43161146089598,19.00407237506168],[-98.43089354766211,19.005577421586064],[-98.43029731262467,19.007139625055327],[-98.43048357165198,19.008007454424035],[-98.43156940276496,19.0078316759577],[-98.43284421056154,19.00823314410368],[-98.43387976977978,19.00990968149367],[-98.43509194854876,19.010195150715095],[-98.43636412519422,19.011118742223637],[-98.43763880148148,19.012214874513752],[-98.43964495930484,19.01417606787847],[-98.44091844996696,19.015331210072034],[-98.44104607474117,19.016602968096684],[-98.43911586213734,19.01741627896472],[-98.43735446974561,19.01614828816741],[-98.4367447462424,19.01482047401089],[-98.43589312393654,19.013836950603284],[-98.43432129529589,19.013552576026722],[-98.4340839203986,19.0149411899616],[-98.434634473954,19.016155307007658],[-98.43512357791222,19.017253440901865],[-98.43391581476743,19.01766040806388],[-98.43434516095719,19.01916246189559],[-98.43537492211752,19.01968118259171],[-98.43580584920086,19.021010703927296],[-98.43544754476851,19.021822296500076],[-98.43441892470105,19.021823474575267],[-98.43369069626634,19.021130923005483],[-98.4327259778601,19.021711223135334],[-98.43273471398646,19.02373635311471],[-98.43292117515071,19.024951578391246],[-98.4323245975893,19.026977009062932],[-98.4312379489843,19.02738436299365],[-98.42984489335095,19.02680992316372],[-98.4283921002035,19.026348793122235],[-98.42675855819779,19.02594834977573],[-98.42632760319731,19.024155650028003],[-98.42517517460914,19.023754522644694],[-98.42451477557165,19.02444930827862],[-98.42379155261544,19.025087124236105],[-98.42282328094308,19.0251474643141],[-98.42245529377949,19.023874868989026],[-98.42220852595261,19.02260268105428],[-98.42142264624314,19.02289519290598],[-98.42063738018959,19.02295386270552],[-98.4200188868996,19.022276419770478],[-98.42005979970686,19.022442140252373],[-98.42016832016752,19.022881750062265],[-98.4202777196015,19.02322237004042],[-98.42043753966423,19.023720029635292],[-98.42056470969575,19.02411605075055],[-98.42060615023455,19.02424511991638],[-98.42089872012363,19.02515612031778],[-98.42105383024136,19.02563910959481],[-98.42108925000555,19.02574935080318],[-98.42121717959398,19.026147750066134],[-98.42137045996569,19.026625020016123],[-98.42151966020971,19.027089580045114],[-98.42154719959326,19.02717536994418],[-98.42173952033282,19.027774180986043],[-98.42187542988812,19.028197371342475],[-98.4220393399534,19.028707709693922],[-98.42206764985565,19.028795849625688],[-98.42223844967266,19.029357599808684],[-98.42241965025109,19.029953550473095],[-98.4226211501506,19.03061631023861],[-98.42283012043279,19.03130354997869],[-98.42288193962757,19.031473919548635],[-98.4230050902405,19.03187897963492],[-98.42317866029553,19.03244980073403],[-98.42343181954337,19.033282350262198],[-98.42328265011042,19.033926540328828],[-98.423424510136,19.03414981999199],[-98.42349865034271,19.034179180429085],[-98.4235810803543,19.03420047958558],[-98.42366595000217,19.03420717058315],[-98.4237747393695,19.03419119974669],[-98.42384068968829,19.034145199666487],[-98.42391537036623,19.034063910250257],[-98.42394412032039,19.034023230278294],[-98.42399576969845,19.03397717992646],[-98.42405868031096,19.033990970036776],[-98.42409581980162,19.034007400068198],[-98.42411426032518,19.03402165097393],[-98.42413815032097,19.034061979663424],[-98.42416485992426,19.03410233989286],[-98.42419014972246,19.03414134116413],[-98.42426491036701,19.03420385977967],[-98.42438738023984,19.0342833398053],[-98.42451476952002,19.03434729117127],[-98.4246013797574,19.034421910379518],[-98.42468675018237,19.034520060833703],[-98.42478102974101,19.034596229669983],[-98.42484497029132,19.0346910800174],[-98.42490254038911,19.034776739647015],[-98.42496789040558,19.03483422012431],[-98.42506445958317,19.03487971064234],[-98.425151649215,19.034892029605828],[-98.42517835738595,19.034900123568097],[-98.42525984935584,19.0349248201236],[-98.42533186024065,19.034972649639926],[-98.425361740265,19.035026059593378],[-98.42537224973084,19.03509600075243],[-98.42543917034092,19.035251030381815],[-98.42553896968997,19.03542102988678],[-98.42559298041428,19.035569721272218],[-98.42564057967205,19.035650859562306],[-98.4256920201772,19.035705120307625],[-98.42575059950413,19.035745879813298],[-98.4258145797529,19.035769739725126],[-98.42586250986818,19.035810460532353],[-98.42593055021581,19.03589082052015],[-98.4260155199354,19.035999169993236],[-98.42611176985616,19.03613728097626],[-98.42622211044328,19.03631597001794],[-98.42630709017891,19.03642431960943],[-98.42635022027196,19.036469750267614],[-98.42645458025208,19.036526570412576],[-98.42655780020665,19.03655249055236],[-98.4266790795971,19.03655074037954],[-98.42682502958854,19.036559720494264],[-98.42693057985291,19.036562181060052],[-98.42699114962397,19.03658156982229],[-98.4270313501892,19.03661434110124],[-98.42708802963372,19.036641480648388],[-98.42718576978845,19.036647769865827],[-98.42726776957836,19.036646519718087],[-98.42736194979845,19.036628169987313],[-98.42751437004537,19.036581320055557],[-98.42762131009242,19.036551819596486],[-98.42780346003003,19.03652918015003],[-98.42797437027367,19.036531509896026],[-98.42813237989239,19.03655960111124],[-98.42839628023346,19.036586940307185],[-98.42855552041891,19.03666825011436],[-98.42859945008351,19.036769779583516],[-98.42871182971255,19.036883119570412],[-98.42874562902618,19.0369609805852],[-98.42871179871315,19.037089510211835],[-98.42870848951802,19.037179749702133],[-98.42869821978,19.037274219614293],[-98.42866965038145,19.037379030503597],[-98.42873317970808,19.037510830077014],[-98.42873851000512,19.03765243051883],[-98.42886151984345,19.037816151305208],[-98.4289682497831,19.037881850872665],[-98.42922120029947,19.037910940301277],[-98.42941003031628,19.037885889803523],[-98.4295771701584,19.037881379678847],[-98.4297684902312,19.038022660116035],[-98.42985717044199,19.038233290299413],[-98.42996868037585,19.038388339637336],[-98.42998165999465,19.03841202022524],[-98.42999613985323,19.03844578062484],[-98.42999784858218,19.038504219832205],[-98.43000417955339,19.03855601974902],[-98.43001416986289,19.03862427992164],[-98.43001589018768,19.03867740104933],[-98.43000731958233,19.03874956994657],[-98.43000525991084,19.038798371167324],[-98.43002471981531,19.038834749694757],[-98.43006932017634,19.038877399647863],[-98.43008980024129,19.038897879830596],[-98.43017392041538,19.03890522969193],[-98.43027748006281,19.038892250002355],[-98.43039922043116,19.038872309659215],[-98.43051393956688,19.038854949601937],[-98.43058389032596,19.038879081128005],[-98.43065581986122,19.038949600193405],[-98.43070878032393,19.039008289733424],[-98.43077655012596,19.03908113982519],[-98.43081582020946,19.03912674062982],[-98.43084084990733,19.03916323097655],[-98.43083979274861,19.039165298514412],[-98.43077512037759,19.03929185055473],[-98.43073945009411,19.039345850336996],[-98.43076625962581,19.039417661091825],[-98.43080333988361,19.039476289956998],[-98.43081631986136,19.039534321153965],[-98.43080405974564,19.03957951021897],[-98.43078245958192,19.03961135030044],[-98.43075156984362,19.039655571153638],[-98.43072163008523,19.03970069046932],[-98.4306511997036,19.039744430042763],[-98.43060725983088,19.039785119759628],[-98.43053520039831,19.039860230923185],[-98.43050622887176,19.03989645029261],[-98.43047343033213,19.039943280125208],[-98.4304564901854,19.039999419998754],[-98.43045818001592,19.04002835007622],[-98.43047469042956,19.04005995004503],[-98.43049399989265,19.040103979619875],[-98.43050586007062,19.04014608994647],[-98.43051997975186,19.040178119770864],[-98.43054442016167,19.040218749685753],[-98.43056093969659,19.040248110551044],[-98.43058154983146,19.040291580285615],[-98.43062312011817,19.04039105987835],[-98.430686980211,19.040459290921717],[-98.43075110944562,19.040489620262473],[-98.43084835017633,19.040510950846866],[-98.43099488963271,19.040530551302002],[-98.43109502031305,19.040546939750918],[-98.43118345913508,19.04057949117672],[-98.43122537998424,19.040608379736575],[-98.43130435018273,19.040667690212697],[-98.43137117864201,19.040735859882286],[-98.43138793996089,19.04079784958989],[-98.43138383013883,19.04092467960763],[-98.43138412022492,19.041012599637803],[-98.43139018006828,19.041096150419673],[-98.43138750990992,19.04123941992315],[-98.43138873971738,19.041296309793974],[-98.43140092017174,19.041412680319866],[-98.43141771958166,19.04146612043461],[-98.4314745494128,19.041509170938937],[-98.43151380026677,19.041554340931608],[-98.4315417495448,19.0416078202618],[-98.43160013960495,19.041646291316244],[-98.43169553978036,19.04165638029845],[-98.4317605098167,19.041680490381484],[-98.43192988018978,19.041754910169374],[-98.4320082798445,19.041809450093133],[-98.43210257012687,19.041866550054195],[-98.43216177984067,19.0419079997825],[-98.43221975012017,19.041928121252745],[-98.4322759401236,19.04195006033628],[-98.43233702978169,19.04185558099039],[-98.43236707952707,19.041819180155436],[-98.43238868857536,19.04182337200698],[-98.43242317996274,19.041830050907752],[-98.43249454887538,19.041854370956745],[-98.43255927906581,19.04191551167451],[-98.43261989042976,19.041965581163044],[-98.43270468895469,19.0420172800193],[-98.4327866194034,19.042049349533187],[-98.43291314967483,19.04208542001681],[-98.43298379998728,19.042114860048294],[-98.43304731949135,19.042142910240752],[-98.43310699888691,19.042220679960135],[-98.43312010909169,19.042308630703474],[-98.43313475041391,19.042401631688872],[-98.43314271006817,19.04250666135353],[-98.43327322906474,19.042486110911103],[-98.4333658499348,19.04251038067951],[-98.43343343027615,19.04257191096404],[-98.43349116993856,19.042624139747904],[-98.43351231993636,19.0426866797384],[-98.4335373397663,19.042767850894414],[-98.43357605008788,19.042832051815424],[-98.43359699875741,19.04288623035129],[-98.43359683038767,19.04293182086147],[-98.43358377886274,19.043036939695675],[-98.4335497695842,19.043125921089782],[-98.43352414861086,19.043223829908882],[-98.43353018008386,19.0432979209789],[-98.43357517009476,19.04337115076751],[-98.43361719881962,19.043440400748594],[-98.43364319939029,19.043505570216883],[-98.43367279897913,19.043601220558404],[-98.43370934918697,19.043705520636017],[-98.43375430874778,19.04378575119641],[-98.4338146002129,19.043893630252327],[-98.43384059973775,19.043964820145806],[-98.43391313910158,19.044028140741286],[-98.43396681954266,19.04405429198465],[-98.43410373879135,19.04410720013744],[-98.43417313885001,19.044155430569884],[-98.43422994949523,19.044204681306613],[-98.4342497398002,19.044249880570323],[-98.43430030928374,19.044326519615762],[-98.43427408024934,19.04439662112652],[-98.43429181876877,19.044470451017197],[-98.43432019878924,19.044551091103266],[-98.43435301869512,19.044606711693746],[-98.43438297866136,19.044673490275205],[-98.43441141991148,19.044759151273222],[-98.43445279940882,19.044838690117246],[-98.43449202871203,19.044941881288963],[-98.43451993860496,19.045013550232625],[-98.4346113385889,19.04512925137421],[-98.43468878032557,19.045231580517026],[-98.43476465874643,19.045341751082173],[-98.43486028011586,19.045470459770133],[-98.43493888890738,19.04557451130923],[-98.43503210893691,19.045687740573666],[-98.43510988984974,19.045691201921887],[-98.43515953968712,19.04573295090778],[-98.43520465997466,19.04579922089375],[-98.43526524906589,19.045785019654375],[-98.43531184916962,19.045762510522557],[-98.4353710592215,19.045754599667088],[-98.43543456879082,19.04575815104157],[-98.4354919691314,19.045776541187994],[-98.43556569032398,19.04583144986964],[-98.43562305896356,19.045857650601725],[-98.43574881927609,19.045891851677226],[-98.43587461964248,19.045907830955773],[-98.43592973979423,19.045931059685707],[-98.43597962936431,19.046003739838525],[-98.43603608987975,19.046059879958747],[-98.43610788934164,19.04609742982316],[-98.43617314004685,19.046145280519333],[-98.43626222858525,19.046226380476664],[-98.43634294956527,19.046292680779338],[-98.43646856860897,19.046393911099578],[-98.43657004909221,19.046440450986058],[-98.43666267914932,19.04648906175119],[-98.43671776873661,19.046548031816982],[-98.43678153972819,19.046634369781664],[-98.43686742856048,19.046722891759774],[-98.43693437981318,19.046831311335616],[-98.43699556884579,19.046824491970117],[-98.43718073914484,19.046761341312337],[-98.43732174940254,19.04676617953638],[-98.43743704956589,19.04687417043462],[-98.4375479995601,19.046898691365286],[-98.43774722028022,19.04690294140191],[-98.4379319502957,19.04688391110699],[-98.43810374918633,19.04687215099094],[-98.43824970898311,19.046861539551653],[-98.43837497872127,19.046847219777053],[-98.43845511016802,19.04685357211895],[-98.43851879994237,19.046871581544952],[-98.43861236964739,19.04690278058248],[-98.43864963006027,19.04691175192549],[-98.43871720027718,19.04691417125432],[-98.43879176893573,19.04691883030017],[-98.43884998003298,19.04693229131814],[-98.43887627884781,19.046949904886045],[-98.43891972010167,19.046979000379732],[-98.43903598028079,19.047056850586742],[-98.43911044926651,19.04709028054312],[-98.43916622874477,19.047132511792995],[-98.43924045908749,19.04723458082566],[-98.43933351963189,19.04727693959994],[-98.43944265876651,19.0473946195333],[-98.44003305675704,19.047298958114453],[-98.44025336964019,19.04726325983982],[-98.44058345888716,19.04717565496268],[-98.44101965002898,19.047059889724167],[-98.44128181241886,19.046990315003374],[-98.44190942963394,19.046823750240314],[-98.44217853053712,19.046844229147055],[-98.44201060480168,19.046390823540463],[-98.43995714580504,19.045875583397756],[-98.44031584227925,19.045179725350756],[-98.44158335836805,19.04465709680077],[-98.44303493457691,19.04482753705694],[-98.4444213544243,19.04465037891149],[-98.44634824682286,19.04285386314741],[-98.44809952680804,19.042212413691573],[-98.4482836135077,19.043427680417768],[-98.44792909854942,19.045914745687075],[-98.44806362899718,19.04599027636264],[-98.4484373803403,19.045774399925076],[-98.44874539985996,19.04561145052876],[-98.44969035019534,19.04511151097526],[-98.45001685044133,19.044991861212406],[-98.45119831963213,19.04455888028589],[-98.45137287982733,19.04459285973584],[-98.45259042018644,19.044829889690476],[-98.45452514974451,19.046068720623143],[-98.45511728044755,19.046447849564583],[-98.45594915005937,19.047072950946003],[-98.4562310900035,19.047284800794493],[-98.45646227857765,19.047466869563312],[-98.45782717502848,19.046355343520883],[-98.45885291659401,19.046642127019638],[-98.46048394345074,19.047794045398426],[-98.4619928187717,19.04778959956852],[-98.4627158138054,19.046921966402888],[-98.46386156301406,19.047323113832764],[-98.46458543671133,19.04818822353994],[-98.46549225745595,19.048881286361762],[-98.4674238028307,19.04905063368572],[-98.46887091979313,19.049277622504423],[-98.46960776512489,19.04866434626346],[-98.47019451422833,19.048175990282235],[-98.47158490751116,19.048577608534416],[-98.47188585571531,19.049847732126963],[-98.47351556436644,19.05025007384624],[-98.47508428236432,19.050073241200018],[-98.47671227700049,19.05012615600776],[-98.47815823659111,19.049660260715324],[-98.4797266559175,19.049077015931474],[-98.48171735012255,19.048667417097057],[-98.48437183787229,19.048834478588933],[-98.48648447644639,19.049521719941822],[-98.48721120153579,19.05073674114175],[-98.48860130522088,19.05131062414971],[-98.4895819438488,19.051675399439215]],[[-98.45802001777831,19.045063818525662],[-98.45910870378933,19.04143455081311],[-98.45768637770699,19.041202889865367],[-98.45849571500072,19.038889754829587],[-98.4602052555935,19.033945530943644],[-98.47240621620458,19.037389122366708],[-98.47378936139587,19.037738467018553],[-98.4760119090894,19.03830147721789],[-98.47643036421269,19.03712217374798],[-98.47754528550993,19.036417202601147],[-98.47902800147591,19.036065084468788],[-98.47977891332923,19.034294346310354],[-98.48126722505344,19.0328799242357],[-98.48311421928365,19.033950236946534],[-98.4838560087675,19.033952353564036],[-98.48458988382984,19.03501949155755],[-98.4853266774015,19.035730069362145],[-98.48606341155099,19.036442915429426],[-98.48679609839014,19.037864118516897],[-98.48715430184984,19.039992580072024],[-98.48714593721498,19.041411521736833],[-98.48713592940105,19.043184766393484],[-98.48553849474123,19.043350703633706],[-98.48380061828799,19.043531221905372],[-98.48195726882363,19.04210663530523],[-98.4808465952678,19.042103405578576],[-98.47743757998386,19.04209313772446],[-98.47650315496257,19.045466400972018],[-98.47035203202142,19.043631017471974],[-98.46951019021306,19.0466889917531],[-98.46607118729165,19.04622424358239],[-98.45802001777831,19.045063818525662]],[[-98.46289057770812,19.007759229092766],[-98.464044769078,19.009027427691308],[-98.46435801775712,19.01174587818269],[-98.4655737707909,19.012900669405713],[-98.46485871390686,19.015447956696715],[-98.46444084249178,19.01672021256883],[-98.46517118814428,19.01805066617598],[-98.46596351738673,19.01989866373981],[-98.46500251147849,19.020999256125673],[-98.46488514669078,19.022040741659932],[-98.46499058851423,19.022195727780645],[-98.46426311073775,19.022540858963936],[-98.46186937576266,19.02318716549615],[-98.46272162631361,19.02243365737278],[-98.45970060210445,19.02108714799804],[-98.45458768045432,19.017508714051072],[-98.45265519029871,19.016989772292686],[-98.45344026683463,19.016746881084188],[-98.45537707345197,19.017264102437228],[-98.45578766212873,19.017189141656683],[-98.45730947573503,19.016911294992795],[-98.45815122882304,19.015635875035787],[-98.45850544274538,19.013843481096853],[-98.45885997035447,19.01204859055591],[-98.46012455357227,19.011178740378337],[-98.45987755056628,19.010194953335738],[-98.45950841542921,19.00886571189806],[-98.46101805779038,19.00822568914328],[-98.46289057770812,19.007759229092766]],[[-98.43308105499118,18.996261031419465],[-98.43186583391919,18.995165115973602],[-98.43149658806082,18.9938926329945],[-98.43288582835791,18.993602069225823],[-98.43403944683288,18.994177911540323],[-98.4356775034707,18.995388693503457],[-98.4373073792516,18.994690253031173],[-98.43809537642852,18.99463151812763],[-98.43978719987497,18.99450987032918],[-98.44082106474863,18.99520333333913],[-98.4405266365275,18.996823262800987],[-98.440171383192,18.99821144583573],[-98.44042235613138,19.00012146092972],[-98.4417014785229,19.001966701558523],[-98.44280097933223,19.00392941445592],[-98.44298766380962,19.005144569423774],[-98.4423900877665,19.006477522292652],[-98.44021393055365,19.00665437789744],[-98.4387591978925,19.005964063844797],[-98.43681870544363,19.004695530569247],[-98.43578103341964,19.002905517259155],[-98.43540684857552,19.001054106667123],[-98.4358241790322,18.999838659974444],[-98.43605644969368,18.998048263875894],[-98.43435877590308,18.997300391257156],[-98.43308105499118,18.996261031419465]]],[[[-98.46739932629873,19.057105435087745],[-98.46750668960524,19.05716703029078],[-98.4677476503517,19.057254949957148],[-98.46858642996642,19.057560999873196],[-98.46943311981994,19.057848201311174],[-98.46978819987945,19.057968650239562],[-98.47071914042036,19.058122950271805],[-98.4715511703015,19.05829883110896],[-98.47236669034962,19.058885829993635],[-98.47263889041578,19.059253089940853],[-98.47281717008447,19.05949365124066],[-98.47372263038153,19.060221109613092],[-98.4739851504423,19.060432030424934],[-98.47438202974995,19.06116605040986],[-98.4746196001549,19.06154938011223],[-98.47480567989858,19.06184957999549],[-98.47612130977836,19.062666150306402],[-98.47694540263706,19.063160206710165],[-98.47694598307899,19.063160308141818],[-98.477398120151,19.06323928043758],[-98.47781273999644,19.063205020215616],[-98.47806090985088,19.06337898043558],[-98.47841220006651,19.063706819708134],[-98.47885810982214,19.063761740260766],[-98.47925476990918,19.063663770230743],[-98.4798646300755,19.063764580440246],[-98.48009930988117,19.063765249815575],[-98.48049481983195,19.0640338900192],[-98.48072518041026,19.064066819659736],[-98.4808818899002,19.063988570538488],[-98.4812132599308,19.063980749709685],[-98.48184915036461,19.06381734109103],[-98.48225561967567,19.063934859742524],[-98.482440030008,19.06405478014752],[-98.48249168867521,19.064330519889342],[-98.48269525972627,19.064467549909956],[-98.48298334951473,19.064598630609645],[-98.48320228955993,19.06469725983518],[-98.48334191010318,19.06486124990167],[-98.48350850847454,19.064937250085794],[-98.4836733397763,19.065016092339082],[-98.48379748031981,19.06509721969745],[-98.48391815028782,19.065126660100816],[-98.48406491978221,19.065196909668636],[-98.48416017027002,19.065275259696847],[-98.48423233960895,19.065317121249556],[-98.48430457960963,19.065338139841597],[-98.48435711004512,19.065369520706362],[-98.48438442969702,19.06550534024389],[-98.48445345964352,19.06560478130376],[-98.48459411013145,19.06575678040223],[-98.48468694000084,19.065863709876],[-98.48480035047308,19.065937919876983],[-98.48489215015847,19.06598774040413],[-98.4849484803975,19.066014690149792],[-98.48549007932301,19.06563688159726],[-98.48557156936472,19.06547858094179],[-98.48563817000932,19.065223881599316],[-98.48563339914365,19.06501591995027],[-98.4855806492255,19.064866050189828],[-98.48541324902659,19.064683849610088],[-98.48538753880875,19.064589749779408],[-98.48540181950551,19.064464779772905],[-98.48549414921538,19.0642100807492],[-98.48564822018615,19.063780201011674],[-98.4858175999946,19.06331034066348],[-98.48582248950471,19.063144220278524],[-98.48577983031734,19.06301102070688],[-98.48575599860592,19.06292122077344],[-98.48573979942384,19.06279160009196],[-98.48574025880002,19.06263975121759],[-98.48570324914888,19.062433451325454],[-98.48570627953531,19.06241944987344],[-98.48532847984765,19.06149695017117],[-98.48508736964935,19.06050897032335],[-98.48458401986419,19.05980040060513],[-98.48426289039251,19.05914882960418],[-98.48434502964368,19.05794937971013],[-98.48461700035685,19.056461280610073],[-98.48502602625724,19.055541792728075],[-98.48480901396155,19.055120781236226],[-98.48456112458224,19.05488388340632],[-98.48382531226532,19.054408958557996],[-98.4830838700785,19.054406939395175],[-98.48269153565657,19.05502591160975],[-98.48233693566536,19.055585353090915],[-98.48073382878773,19.055462440400724],[-98.47987610785611,19.054515179610455],[-98.47938642813057,19.053805422850616],[-98.47914540610807,19.05286016122112],[-98.47853059914125,19.05250182463422],[-98.47816040909589,19.05250045333204],[-98.47754502185201,19.052498946518966],[-98.47669966045167,19.052382725326183],[-98.47618436547472,19.052969141741173],[-98.47519534513646,19.053438453785223],[-98.47457710745655,19.053672475124593],[-98.47450388243026,19.053729232325548],[-98.47458030825715,19.05389277677629],[-98.4744828956769,19.053892740482954],[-98.47423118805739,19.053946365459705],[-98.4725540256321,19.05430222836497],[-98.47116566180681,19.05366902589693],[-98.46990075320763,19.05453926806087],[-98.46860127449764,19.053638400659327],[-98.46916043059989,19.052354998074783],[-98.46929051774303,19.051292838762745],[-98.46892303421527,19.050937506166335],[-98.46842810840056,19.051053789487717],[-98.46781290782593,19.051052243561468],[-98.46657998580969,19.051048307865628],[-98.46583936719796,19.051164071315423],[-98.46411513620045,19.050922570151148],[-98.46325199433768,19.05080197015907],[-98.46214309389602,19.050798340610573],[-98.46091162258446,19.050558350318052],[-98.45930833679202,19.050553198120372],[-98.4588740911149,19.05061745193744],[-98.4595126199239,19.0508860798212],[-98.45987182014132,19.05103718020383],[-98.46069074971626,19.05149099990418],[-98.46145040022544,19.051911951220344],[-98.46201309039564,19.052061770334916],[-98.46222375023444,19.05323345979968],[-98.46281163021264,19.05382070968854],[-98.46319130957079,19.05417537991249],[-98.46327851177254,19.054256843298166],[-98.46483271558546,19.054494105125038],[-98.46591945001127,19.055357934155218],[-98.46634177837984,19.056283322423486],[-98.46649289607346,19.056301030669466],[-98.46827363594927,19.056509685243316],[-98.47020382476344,19.05639067282142],[-98.47164950666563,19.056674404076432],[-98.47243668250145,19.057889285939126],[-98.4737621579607,19.057827772986023],[-98.47445721433702,19.05795467203983],[-98.47381120306844,19.0580410917803],[-98.47319333205095,19.0582752093861],[-98.47233081103138,19.058272934023403],[-98.47205523018238,19.058183975305084],[-98.47085231678007,19.057795636158726],[-98.47011482539524,19.057557446405944],[-98.46974585727565,19.057438239438067],[-98.46863658287118,19.05743508856442],[-98.46739932629873,19.057105435087745]]],[[[-98.41946179847363,19.019143323331928],[-98.41982573981944,19.021471570185344],[-98.41983653953909,19.02153777998985],[-98.41989457041679,19.02177285033676],[-98.4201417637245,19.020121164957402],[-98.41971156031111,19.0190231853445],[-98.41946179847363,19.019143323331928]]],[[[-98.42082619472657,18.9944129860274],[-98.4209012803001,18.994433980162487],[-98.42083571972238,18.994768289781877],[-98.42168592030687,18.994824460264766],[-98.42201754974364,18.995061539832786],[-98.42257665004422,18.99546122111975],[-98.4236678797158,18.994624569696885],[-98.42398399484964,18.99453829324515],[-98.42275182640954,18.994029461589655],[-98.42164348181407,18.991188125123713],[-98.42090153066698,18.990831514629107],[-98.41941616581316,18.990826627719283],[-98.41644859659874,18.989751766947364],[-98.41607844332833,18.989040132866588],[-98.41571106994896,18.987265684168865],[-98.41905515181749,18.98656891574115],[-98.42128742893597,18.984801210894393],[-98.42092036995149,18.98302720707085],[-98.42322562419996,18.983034810818157],[-98.42327036456695,18.98286693461566],[-98.42411144616106,18.981162352606983],[-98.42530406795066,18.97969553276033],[-98.42732095221989,18.978676141071006],[-98.43409655778873,18.979043426326268],[-98.43521251897721,18.980588428856908],[-98.43566025210654,18.979654624655222],[-98.43607774671625,18.978380261193685],[-98.43546038684528,18.975663461875563],[-98.43551624338669,18.974680699349037],[-98.43660219820585,18.973925670509388],[-98.43859181737454,18.97276323971483],[-98.43985733394038,18.971952300837597],[-98.4402172663272,18.971025125324513],[-98.43924608075218,18.97033413207728],[-98.43864287580705,18.97021872374523],[-98.43658379400998,18.969703567262027],[-98.43682068591615,18.968719157296942],[-98.43778619590388,18.968486332139584],[-98.43905433616489,18.967961488247706],[-98.43850709036822,18.966747591199166],[-98.4365091791591,18.96640512120978],[-98.43487627065011,18.965773288628856],[-98.43372617085453,18.965256530319834],[-98.43251760512975,18.964968745479453],[-98.4311868533127,18.96479861335265],[-98.43003807357321,18.96468594425046],[-98.42876873236254,18.96445704311787],[-98.42743625571259,18.9639964334885],[-98.42592561530915,18.96371214477348],[-98.4248963152974,18.96290294390155],[-98.42477442321841,18.961746969745676],[-98.42495407348328,18.96070580739366],[-98.42543734840264,18.95937494099141],[-98.42507087631625,18.958275071929304],[-98.42495050451528,18.957407554389057],[-98.42531157325197,18.956078566767253],[-98.42543069584586,18.95520960961992],[-98.42385735402094,18.954346444546548],[-98.42343467318965,18.95509854876611],[-98.42216768436094,18.956143046818344],[-98.42150340655566,18.957241754647292],[-98.42217163879685,18.958456128281405],[-98.42193172776797,18.960019326740206],[-98.41963603398781,18.96065860921059],[-98.41715694509298,18.9603756464214],[-98.4157645665363,18.95927912373985],[-98.4143133463866,18.958588716953557],[-98.41322440727451,18.957606701420055],[-98.41310233892695,18.95685721234923],[-98.41346191788557,18.95529444879139],[-98.41255193490788,18.954428811388475],[-98.41092115157252,18.954604888660047],[-98.40989227354153,18.954260915402863],[-98.40958291588129,18.952350882384145],[-98.40915262431561,18.951080555996086],[-98.40715946407894,18.951720696397203],[-98.4054007615253,18.951088209939808],[-98.40422387067846,18.94981000624954],[-98.40412605370888,18.949703767253883],[-98.40391442718776,18.949361144521692],[-98.40191458790154,18.951502465597027],[-98.39880904727592,18.95178776691972],[-98.3978254988042,18.950012729783108],[-98.39772038864939,18.950178823740302],[-98.39730692255861,18.952608437160485],[-98.39864412660894,18.954746763641324],[-98.40003704181055,18.955205549866292],[-98.40130513679424,18.954971576065642],[-98.40227406840748,18.955086130980764],[-98.4031846640885,18.95641488274959],[-98.40312910215428,18.95751333324426],[-98.40198294678974,18.958673869282247],[-98.39993111137633,18.95966103480898],[-98.39938815237437,18.960528547108932],[-98.399935056026,18.961338534231984],[-98.39830301611337,18.96157351080109],[-98.3969120553924,18.961287220531588],[-98.39667234455958,18.962037741546634],[-98.396916615785,18.963193993726215],[-98.39794793992003,18.9645232231118],[-98.39927657706237,18.96475254535975],[-98.40114934950671,18.964747656098098],[-98.40187456901312,18.9650929174879],[-98.40133291035406,18.966194259202272],[-98.40181948298721,18.967292331055663],[-98.40308964369015,18.96723086941241],[-98.40368930157435,18.966072970580935],[-98.40495681971076,18.964971837779608],[-98.40688912723263,18.964967092566127],[-98.40792031379398,18.966005716121423],[-98.40901065860388,18.967219325729687],[-98.40974248633829,18.969242097935993],[-98.40829520477108,18.97040168059042],[-98.40750762122845,18.969304861583613],[-98.40684029527087,18.968900796535358],[-98.40545393481487,18.970117312447815],[-98.4047318474259,18.97052570971076],[-98.40346122304825,18.970065084205814],[-98.40243965217236,18.971627870070705],[-98.40056705297154,18.971980080831504],[-98.3999646304156,18.97244335281849],[-98.40057228186012,18.973657633096494],[-98.40196340870789,18.974579511729967],[-98.40275608924799,18.976198493014074],[-98.40367139947074,18.979377414262878],[-98.40416238327447,18.981342689347713],[-98.40519069478806,18.981341674146936],[-98.4068820692265,18.981220334872987],[-98.40664415277853,18.982204726168867],[-98.40623103903674,18.984809347983784],[-98.4062947845978,18.98602405577711],[-98.40799065025793,18.986483862194813],[-98.40902011077398,18.987000407610903],[-98.4112009808085,18.98786363942496],[-98.41271817556009,18.98890167049382],[-98.41502195482612,18.990285129092644],[-98.415028498112,18.991731208747364],[-98.41684543148438,18.992248097887714],[-98.41877911296086,18.991895907769543],[-98.42083927848529,18.992413573105726],[-98.42084639095394,18.993859661158613],[-98.42082619472657,18.9944129860274]]]]},"properties":{"CLAVE":"TAP","DESCRIPCIO":"AGRICULTURA DE TEMPORAL ANUAL Y PERMANENTE"}},
{"type":"Feature","geometry":{"type":"Polygon","coordinates":[[[-98.41346191788557,18.95529444879139],[-98.41502956864129,18.95436452446167],[-98.41417964301901,18.952863526918566],[-98.4136909825346,18.951359210180808],[-98.4121133151396,18.950148580939715],[-98.41047362567723,18.948937733468693],[-98.40883734855541,18.948362447964833],[-98.40762279749383,18.947207499306455],[-98.40658908246238,18.94599641505927],[-98.4056193700889,18.9453030727383],[-98.40507330648762,18.94461117347616],[-98.40337573818222,18.94253299788195],[-98.40210825272196,18.94282372528225],[-98.39969477409132,18.942944801429903],[-98.39966118259888,18.943228276586655],[-98.40254133516014,18.94492697674719],[-98.40466430371602,18.946559346339924],[-98.40583967111216,18.947833576338336],[-98.40631911083884,18.948755689934373],[-98.40422387067846,18.94981000624954],[-98.4054007615253,18.951088209939808],[-98.40715946407894,18.951720696397203],[-98.40915262431561,18.951080555996086],[-98.40958291588129,18.952350882384145],[-98.40989227354153,18.954260915402863],[-98.41092115157252,18.954604888660047],[-98.41255193490788,18.954428811388475],[-98.41346191788557,18.95529444879139]]]},"properties":{"CLAVE":"TAS","DESCRIPCIO":"AGRICULTURA DE TEMPORAL ANUAL Y SEMIPERMANENTE"}},
{"type":"Feature","geometry":{"type":"Polygon","coordinates":[[[-98.3974272781951,18.947229482881315],[-98.39560245735403,18.948505396395923],[-98.3944610034095,18.950358184438617],[-98.39410419789549,18.952903753966677],[-98.39387256025968,18.95544977201208],[-98.39370147227677,18.958168529200304],[-98.39322571487705,18.960772748329394],[-98.39262914277782,18.963376561424877],[-98.39160443288526,18.96517305779438],[-98.38949305186597,18.966450458863154],[-98.38816819742839,18.96714722448274],[-98.38690070004832,18.968189217868904],[-98.38581636179805,18.96871202758],[-98.38478961937298,18.96894674716276],[-98.38449464121737,18.97131783753616],[-98.3850991619655,18.972012323636193],[-98.38654862388486,18.97172007239988],[-98.38787582636594,18.97102332129353],[-98.38956477646904,18.96980346421361],[-98.39107132626506,18.96835595776042],[-98.39185371120769,18.967832060895248],[-98.3925135721473,18.966558643931368],[-98.39323773174637,18.965573736033257],[-98.3938385877346,18.964474899009286],[-98.39419990903673,18.963604494818426],[-98.3944982774974,18.96210055709807],[-98.39479408505827,18.960133549056874],[-98.39515209769834,18.958398300375343],[-98.39550797513358,18.956429250135226],[-98.39671529124166,18.955965836932066],[-98.39792377489415,18.955904193812497],[-98.39864412660894,18.954746763641324],[-98.39730692255861,18.952608437160485],[-98.39772038864939,18.950178823740302],[-98.3978254988042,18.950012729783108],[-98.39813809989265,18.949518759185292],[-98.3977534888201,18.948838764860543],[-98.39787567000519,18.948026865150577],[-98.3974272781951,18.947229482881315]]]},"properties":{"CLAVE":"TAS","DESCRIPCIO":"AGRICULTURA DE TEMPORAL ANUAL Y SEMIPERMANENTE"}},
{"type":"Feature","geometry":{"type":"Polygon","coordinates":[[[-98.58363230383966,18.832225721844182],[-98.58359092002623,18.83222976966236],[-98.5832700802087,18.832229059947917],[-98.58320769028776,18.832240780279275],[-98.58287342985376,18.83230359986818],[-98.58277622987241,18.832321860151513],[-98.58230708978039,18.832414709699727],[-98.58213379991592,18.832625620240233],[-98.58209279964667,18.83270314999595],[-98.58205941969094,18.83276631040437],[-98.58196033996416,18.83290693985485],[-98.58173769033894,18.833117719606893],[-98.58156462973234,18.83311237038945],[-98.58104362046066,18.83248456970029],[-98.58089235034397,18.832823919893475],[-98.58127437013295,18.833089139808088],[-98.58095742013143,18.83307596989409],[-98.5801716602976,18.833100910198347],[-98.57866414039714,18.83296648978132],[-98.57803514953666,18.83285049013828],[-98.57758913987155,18.832618830410546],[-98.57685134962945,18.832190460310606],[-98.57647551952988,18.832177230283133],[-98.57574187997834,18.832158650275634],[-98.57512683031673,18.832122769689683],[-98.57402615045191,18.83178688965487],[-98.57340915021165,18.832234080407353],[-98.57275605035892,18.83222077967401],[-98.57200020046497,18.83225444958075],[-98.5717477023571,18.83233248631079],[-98.57188871446826,18.8325604474001],[-98.57334242091373,18.834704878201716],[-98.5748743901878,18.835872852363348],[-98.57540983651646,18.835988150074307],[-98.57589405312623,18.835999289946],[-98.57735954596544,18.83551812275838],[-98.57925672456186,18.83499537984874],[-98.57979473977348,18.835007743739077],[-98.58080926904898,18.83533997792589],[-98.58186221771847,18.83629092839265],[-98.58421281908427,18.83917670688013],[-98.58494940376347,18.839862950749],[-98.58558863831324,18.84013505624078],[-98.58618175735117,18.8400971717582],[-98.58673131925043,18.839646385357543],[-98.58722579438032,18.839245821564973],[-98.58727547535717,18.839103539221128],[-98.58745765214556,18.838581793624126],[-98.58747429815915,18.837912841466643],[-98.583928516198,18.833300639330503],[-98.58361852965447,18.832778657921978],[-98.58363230383966,18.832225721844182]]]},"properties":{"CLAVE":"TP","DESCRIPCIO":"AGRICULTURA DE TEMPORAL PERMANENTE"}},
{"type":"Feature","geometry":{"type":"Polygon","coordinates":[[[-98.62601679990402,18.831191901400903],[-98.62608378034508,18.831152880424035],[-98.6264342902137,18.830700219773142],[-98.62654602971429,18.830573230019827],[-98.62675282970484,18.830338169664703],[-98.6269444896376,18.829885180374514],[-98.62700877045707,18.82955285022169],[-98.62729500000867,18.829432520425502],[-98.62745419983436,18.829281719971917],[-98.62742283022186,18.829100320383077],[-98.6273441101046,18.829025119585534],[-98.62732770974533,18.8290094603251],[-98.62725923040819,18.82883463019787],[-98.62723290994272,18.82876748005357],[-98.6272018798976,18.828434940028192],[-98.6272029502206,18.82795134984346],[-98.62721747907946,18.827802752295096],[-98.62582026941037,18.827932701461886],[-98.62496264542713,18.828572080636427],[-98.624866338368,18.829375127327626],[-98.62536937579324,18.830704187232993],[-98.62601679990402,18.831191901400903]]]},"properties":{"CLAVE":"VSa/BP","DESCRIPCIO":"VEGETACIÓN SECUNDARIA ARBUSTIVA DE BOSQUE DE PINO"}},
{"type":"Feature","geometry":{"type":"Polygon","coordinates":[[[-98.59049999826308,18.900116771235513],[-98.59138223994879,18.901569764616532],[-98.59135358315336,18.902723021036415],[-98.5911238883476,18.903396535590385],[-98.59046515891569,18.904195977280366],[-98.58845465702477,18.906773853512505],[-98.5877177672462,18.909401786950642],[-98.58700854799312,18.911594893244267],[-98.58691875386631,18.91210835497261],[-98.58690868071922,18.91251317699663],[-98.58705530789402,18.912811124660216],[-98.58746952384323,18.913188852106074],[-98.58796529420711,18.913384333876607],[-98.58838774896111,18.913430840289806],[-98.59011789086438,18.91354413564759],[-98.59080153547588,18.913928028437038],[-98.59113695560133,18.914377589610844],[-98.5912414479768,18.914821863375916],[-98.59126804837558,18.915301176634625],[-98.59125250169407,18.915926818066325],[-98.59085495673173,18.919526444892874],[-98.59058148448548,18.921895719324418],[-98.59290801214459,18.92255623362959],[-98.59453868870388,18.922656011343207],[-98.59525687030647,18.92267244157722],[-98.59617401813085,18.922568491637147],[-98.5967087202369,18.922081023874494],[-98.5968578800623,18.921334882552323],[-98.59703646841119,18.919402641798833],[-98.59699596436161,18.918402324351234],[-98.59707828309877,18.917717127110777],[-98.59741865460975,18.917162756634614],[-98.59901184785848,18.916137331096923],[-98.6000019728835,18.91572272178242],[-98.60047289674527,18.915171331126004],[-98.60095310296937,18.914245390658817],[-98.60119072156459,18.91256438303665],[-98.60123093881785,18.910941338469947],[-98.60096298939509,18.905938483508063],[-98.60097381807128,18.905501520786153],[-98.60112139722202,18.9048178463116],[-98.60159846758073,18.904016783538957],[-98.6024594893715,18.9035367744624],[-98.6035117045407,18.90324849839736],[-98.60606689795296,18.902932038415706],[-98.6104344923984,18.90328139703998],[-98.61154734152458,18.903181820095444],[-98.61247051873518,18.902828087376154],[-98.61313873180589,18.902218715987512],[-98.6136234334108,18.901105509706596],[-98.61365425871864,18.899857065369662],[-98.61409062006629,18.898055741917446],[-98.61499258758933,18.893267138714307],[-98.61527217865692,18.892524034425612],[-98.61588429935694,18.89153866899863],[-98.61714915687101,18.890568142587753],[-98.61860519931206,18.889789314728787],[-98.61960123488387,18.889124940252486],[-98.62183591577862,18.88855113223996],[-98.62255853506647,18.88838016923346],[-98.62399147698677,18.888537584520048],[-98.62502817359011,18.888873365713554],[-98.62568090839778,18.888888166179175],[-98.62641120261264,18.888405084510975],[-98.62774430214921,18.88731112016642],[-98.62962103611655,18.885355107914336],[-98.6319983154172,18.883663555220235],[-98.63196873890118,18.88348514766983],[-98.63113198867968,18.880804842924857],[-98.63018829824352,18.879416843226167],[-98.62951633098946,18.87700995158414],[-98.62696497371563,18.877674345703326],[-98.6264651125098,18.877798759580543],[-98.62524425086174,18.87838191847634],[-98.6245199019744,18.87897633072117],[-98.62407593949774,18.879712842182638],[-98.62336739165201,18.88254737052578],[-98.62227163483549,18.883812076971797],[-98.62111662452398,18.884600326650183],[-98.61874900543057,18.885632521532372],[-98.61675444053101,18.885926560390498],[-98.61362823956887,18.88605909024283],[-98.61234469382401,18.886301369544704],[-98.61134320891635,18.886617936467385],[-98.60925587561877,18.887792118094342],[-98.60736621381048,18.889581641529105],[-98.60628368648837,18.890303577341435],[-98.60479063272027,18.890405274429842],[-98.6037299205657,18.890245327947348],[-98.6008483641918,18.889093565458484],[-98.59763405019963,18.887051796848702],[-98.59430153488458,18.884057052190418],[-98.59117184301526,18.881474141690987],[-98.59025814140813,18.881113855805175],[-98.58905565235129,18.880950559538075],[-98.58848818237662,18.880937554184133],[-98.5861321938963,18.881494379698513],[-98.58520668342615,18.881608892865188],[-98.58464090649156,18.88152803981433],[-98.5839400172817,18.88117259622365],[-98.58185258523694,18.879495758485724],[-98.57997800108167,18.87782379123763],[-98.57933935153761,18.877697524688497],[-98.57920113481613,18.877670197487657],[-98.57770142306654,18.878042947117482],[-98.57732476310635,18.878916608415135],[-98.57733719554611,18.87916698141752],[-98.57737200163405,18.879867891189456],[-98.57764388466957,18.880349243751404],[-98.57980887619892,18.884607073105627],[-98.58028174843581,18.88556815674209],[-98.5811093026099,18.886537392316004],[-98.5818102109966,18.886892853310705],[-98.58236756331422,18.887312893899132],[-98.58285735640125,18.88759563219738],[-98.58326776537787,18.88821591413],[-98.58346705624848,18.888763479051523],[-98.58351434700816,18.88971479741419],[-98.58349238319829,18.890596653945806],[-98.58361229870796,18.89148177346787],[-98.58492128189722,18.893072928468264],[-98.58672350718723,18.89481114304042],[-98.58892948427659,18.897440987685126],[-98.58947678067443,18.898268041908505],[-98.59008659539653,18.899435911683533],[-98.59049999826308,18.900116771235513]]]},"properties":{"CLAVE":"VSa/BP","DESCRIPCIO":"VEGETACIÓN SECUNDARIA ARBUSTIVA DE BOSQUE DE PINO"}},
{"type":"Feature","geometry":{"type":"Polygon","coordinates":[[[-98.51595508709595,18.91059090326011],[-98.51398198485832,18.911144131681734],[-98.51323418079188,18.911276473753837],[-98.51260670355347,18.91129923555065],[-98.51186365289809,18.911244359535132],[-98.51093719123386,18.91069814022382],[-98.5102781751854,18.910420439897187],[-98.50969080999755,18.910406666421302],[-98.50933172320437,18.910660494911518],[-98.50924198063639,18.91110796267307],[-98.50954096066855,18.911676943588585],[-98.51092590105327,18.91268349738793],[-98.51146555210502,18.913033329759518],[-98.51213029252544,18.91308637397151],[-98.51279598644375,18.91310197241138],[-98.51460012545165,18.913031839595465],[-98.51542245230505,18.913051095073648],[-98.51635464938377,18.91337263452643],[-98.51666031503358,18.913679506906412],[-98.51742353484225,18.914484129996524],[-98.51741118341562,18.914970886106175],[-98.51732241133922,18.915380924382514],[-98.5166882666752,18.915665804534132],[-98.51617919670839,18.915653889529704],[-98.51179908649632,18.915326506882682],[-98.51101400240057,18.915383034308842],[-98.51035115475901,18.91525509906603],[-98.5099643253264,18.915058702649254],[-98.50973698950231,18.914753652167544],[-98.50855830667766,18.913339803897223],[-98.50788203559068,18.912199996871497],[-98.50738060159296,18.911888513423538],[-98.5068362020695,18.91172587901801],[-98.50589545550395,18.911741260705483],[-98.50550387519701,18.911732067540285],[-98.50515336023216,18.91164890793593],[-98.5049623381384,18.911457099913875],[-98.50455544212309,18.910510932242627],[-98.50432526008493,18.910318204235253],[-98.50354592509397,18.91015003987394],[-98.503076987159,18.91010155848792],[-98.50201209981887,18.910376249139265],[-98.50180199805064,18.91093327676896],[-98.50182779617325,18.911458386776946],[-98.50193668367055,18.91179812708703],[-98.50208472408531,18.9121387891333],[-98.50257756311093,18.91278727008434],[-98.5029615113663,18.913096010576435],[-98.50357946254208,18.913447711817984],[-98.50399971591446,18.913869697266605],[-98.50429963346922,18.914401251310412],[-98.50531980984974,18.917422423829805],[-98.50542783115208,18.91933570239003],[-98.50525784087431,18.919856229780873],[-98.50474017620947,18.92018126639752],[-98.5041078899638,18.92039121079018],[-98.50344311522957,18.920338128841884],[-98.50289773101962,18.920212918863854],[-98.50239628011899,18.919901407527203],[-98.50189482860748,18.919589896389667],[-98.50154715928771,18.919394396415214],[-98.50084800511763,18.919153165663165],[-98.5002606033257,18.919139354371893],[-98.49754805016515,18.919487667466765],[-98.49546300450638,18.919813243889863],[-98.49498255934316,18.920214053871305],[-98.49492523524049,18.920924554226776],[-98.49494622730212,18.92163690243486],[-98.49503116390922,18.924448871291684],[-98.49516582012232,18.92531377333945],[-98.4956968775098,18.92600067724589],[-98.49604264738727,18.926271085596735],[-98.49646864877032,18.92646844559315],[-98.49793674694526,18.927289801402377],[-98.49847355383092,18.927752034396537],[-98.49865790757175,18.92820597557671],[-98.49868083293364,18.928843453687932],[-98.49859391047882,18.93071477110516],[-98.49897408351399,18.931173321604202],[-98.49951568632214,18.931448333940093],[-98.49959057483001,18.931458076749593],[-98.4996360653229,18.93279014036973],[-98.49954028553385,18.933578741550413],[-98.49929165071622,18.934435685677766],[-98.49918664967511,18.93558354077491],[-98.49946102499807,18.936668318550996],[-98.49974277741944,18.93746569266908],[-98.49880719302789,18.938594257398147],[-98.49794156894465,18.939940125443705],[-98.49737070148215,18.93863276791338],[-98.49718291294107,18.93711863493372],[-98.49584039548331,18.936440378101107],[-98.49470964388523,18.93634218523055],[-98.49342603400233,18.936312320299148],[-98.49298592240511,18.935798822825276],[-98.49309836230167,18.934363569446607],[-98.49189766559532,18.934048046614215],[-98.49155869594173,18.93547802465734],[-98.4916027963541,18.936701243414543],[-98.49209809328227,18.938006861862785],[-98.49207038500606,18.93908462419441],[-98.49226920145254,18.940167662066976],[-98.49332632111022,18.940192265734034],[-98.49388626806513,18.938983098154033],[-98.49429519089942,18.937770417129357],[-98.49497844811818,18.937642524134095],[-98.49623992966673,18.938534586228933],[-98.49649952825794,18.94019418046149],[-98.49578673593058,18.94147169887802],[-98.49507762069919,18.942605513739693],[-98.49472943360338,18.944394771589195],[-98.49578105135465,18.944634912026785],[-98.49642375025783,18.946087744898797],[-98.49698738342008,18.944734853221664],[-98.49625994926483,18.943639527397877],[-98.49683464252894,18.941855534042023],[-98.49766893648044,18.941731138877845],[-98.49835589734839,18.941459526919502],[-98.49972428213404,18.941131847878857],[-98.50070774426015,18.941082794823433],[-98.50179618889675,18.939885870562545],[-98.5019177487615,18.938091348268905],[-98.50200983403381,18.937446442498302],[-98.50273543908816,18.935665946137757],[-98.50284409240938,18.93437438660199],[-98.50249787338522,18.933144165849],[-98.501937507274,18.93156397921694],[-98.50237557622894,18.93147810019789],[-98.5026564010097,18.931222428220828],[-98.50270224079128,18.930961232316278],[-98.50271178167368,18.930586786641953],[-98.50262864088806,18.929236014212016],[-98.502674482886,18.928974819946013],[-98.50291518419186,18.92875567289345],[-98.50342906599369,18.928580411326916],[-98.50382069733132,18.928589611052097],[-98.5041349517985,18.928559527157457],[-98.50456955606833,18.9284198655267],[-98.50488953119682,18.92816511331061],[-98.50517701656837,18.927647326602766],[-98.50526487541393,18.927274720719954],[-98.50554942367197,18.92533313369875],[-98.50594763264223,18.92354409572336],[-98.5063850777687,18.923292101562385],[-98.50693715066211,18.923155193437623],[-98.50752266234419,18.923243866284352],[-98.50821994055481,18.923559957566617],[-98.50856096460473,18.924017554063287],[-98.50863166732326,18.924318944069245],[-98.50861642738028,18.92491804760092],[-98.50781233640956,18.927259581084652],[-98.50771305045568,18.92808152374147],[-98.50823189975814,18.930791330000986],[-98.50841152393734,18.931432490406017],[-98.50887862950415,18.931555849349504],[-98.50942882326332,18.93149382162028],[-98.5100248452601,18.931170591942244],[-98.51031136571245,18.9306902326447],[-98.51081831740998,18.927704753403123],[-98.51099019618938,18.927109311981106],[-98.51129478979645,18.925917518700132],[-98.51165771651114,18.92551389215518],[-98.51229953000842,18.9249294711509],[-98.51254211308627,18.924635423024014],[-98.51267006266325,18.924226291731607],[-98.51267767421487,18.923926739073313],[-98.51234900806578,18.9229823819569],[-98.51175002881432,18.92188182727048],[-98.5114901784132,18.921313746416942],[-98.51154171332801,18.920827898090714],[-98.51186451178101,18.92046080473311],[-98.51237645303551,18.920360404687777],[-98.51268973553417,18.92036774559425],[-98.51498879404232,18.92087118742569],[-98.51537089206934,18.921254793293517],[-98.51567562262683,18.921599121299085],[-98.51747912480575,18.92310250975467],[-98.5183885963521,18.924322707311276],[-98.51887870295504,18.92508350070891],[-98.51920931526283,18.92595296076816],[-98.52006541749373,18.9277339155999],[-98.52009413700493,18.9281467244947],[-98.52008084519073,18.928670950176475],[-98.51969609468955,18.92993583372762],[-98.51964458694347,18.93042170318165],[-98.51963793953013,18.930683819420942],[-98.52002102806199,18.931029982665795],[-98.52040791607506,18.931226365379914],[-98.5221636299985,18.931529671985032],[-98.52287426682034,18.931321471738496],[-98.5230776739501,18.93102648510894],[-98.52503934840665,18.92938627691224],[-98.52644227577471,18.928145148466893],[-98.52680516270931,18.927741482471944],[-98.52693307541024,18.92733233299722],[-98.52694444621253,18.92688299395894],[-98.52680011647294,18.92639256190127],[-98.52584286565444,18.92550849004711],[-98.52514838106966,18.925080144403957],[-98.52499836983083,18.924814378213238],[-98.52497058581544,18.924364132164794],[-98.52510798059016,18.923580548606296],[-98.52511746129792,18.92320610869352],[-98.52504577679909,18.922942173041537],[-98.52397297323888,18.92198046968565],[-98.52274449089207,18.920977658139307],[-98.52093146958025,18.91984878103425],[-98.52012049614447,18.919380234858785],[-98.51957320386683,18.91932997097669],[-98.5182742696711,18.919561850107357],[-98.51780434636943,18.919550855432036],[-98.51734012430838,18.919315200034085],[-98.51714907449848,18.919123400156625],[-98.5171184674845,18.918785495424707],[-98.51716617886918,18.918449420239128],[-98.51732852012803,18.91822842731473],[-98.51772771798437,18.917938043680195],[-98.51827690417086,18.917913427892422],[-98.51969045445885,18.917796627687892],[-98.52168570319856,18.917918201346037],[-98.52223299159049,18.917968455677585],[-98.52285195794072,18.91828264219579],[-98.52417011850449,18.918837949204637],[-98.52479573003195,18.91889002273124],[-98.52510900984548,18.918897336901395],[-98.52550819405569,18.918606932431768],[-98.52579179341187,18.918238898269593],[-98.52580127178051,18.917864464479194],[-98.5258164380837,18.917265375517907],[-98.52562727626159,18.91699870243104],[-98.52554990550495,18.916959429724685],[-98.52410479605021,18.916775827254554],[-98.52289749370773,18.916485369326736],[-98.52227758683455,18.91620862952374],[-98.52193084645776,18.915975735260815],[-98.5197080375103,18.914013059929815],[-98.51812892095232,18.91139106431093],[-98.51767707602828,18.910668667650807],[-98.51737046400966,18.91039924399019],[-98.5169807894352,18.910315196066254],[-98.51595508709595,18.91059090326011]]]},"properties":{"CLAVE":"VSa/BP","DESCRIPCIO":"VEGETACIÓN SECUNDARIA ARBUSTIVA DE BOSQUE DE PINO"}},
{"type":"Feature","geometry":{"type":"Polygon","coordinates":[[[-98.3972958073114,19.009572128129587],[-98.39724369013953,19.009068600462815],[-98.39735562987785,19.008684910327496],[-98.39734952043028,19.008426880178764],[-98.39720301980594,19.00832395021759],[-98.39698074859591,19.008300481302154],[-98.3967648903779,19.008236429639183],[-98.39666315000417,19.008062079948722],[-98.3968308487658,19.007873250972164],[-98.39720311023197,19.007720910224425],[-98.39767722984952,19.007450219649495],[-98.39822436903036,19.007217830251587],[-98.39882865987671,19.006797309805588],[-98.3988972501677,19.0068265555823],[-98.39923622789121,19.006971091186703],[-98.39944802983703,19.007280820304743],[-98.39966242893199,19.00756291064717],[-98.39983711915507,19.00765728079695],[-98.40020276947074,19.007678770531435],[-98.40074271998577,19.007807710369832],[-98.4012042491255,19.00792765083456],[-98.40159494964885,19.00828408101996],[-98.40192609002064,19.008692580499325],[-98.40229388951099,19.008790551308532],[-98.4023832225805,19.008812720360062],[-98.40252326482887,19.00829930360685],[-98.40282223825946,19.00702675673361],[-98.40427100844188,19.006675122076683],[-98.40481106423093,19.005519376565466],[-98.40389656284415,19.00436318084592],[-98.40334796280497,19.00332364612145],[-98.40273558601793,19.002052510465248],[-98.40279087516275,19.000722289753053],[-98.40344985975764,18.999505583780763],[-98.40229672241607,18.998929542049776],[-98.4009666420973,18.999047546357005],[-98.40000047780723,18.999223535684738],[-98.39964299541889,19.000264508064213],[-98.39861832023917,19.00130983176062],[-98.39770850985433,19.00073201645816],[-98.39643761129318,19.00119758731253],[-98.3946221251303,19.000968521771266],[-98.39438919940149,19.002879454604848],[-98.39439466703888,19.003978233869894],[-98.39439935002234,19.005249245608265],[-98.39434443692117,19.00658200270142],[-98.39429495587807,19.008431979167632],[-98.39545026669293,19.00935544902994],[-98.3972958073114,19.009572128129587]]]},"properties":{"CLAVE":"VSa/BP","DESCRIPCIO":"VEGETACIÓN SECUNDARIA ARBUSTIVA DE BOSQUE DE PINO"}},
{"type":"Feature","geometry":{"type":"Polygon","coordinates":[[[-98.71145668919749,18.87832487068277],[-98.71147512034979,18.87828605036552],[-98.71148123128923,18.878279290907766],[-98.71162320610303,18.87812223963538],[-98.7118088504196,18.87791687988825],[-98.7121034596198,18.87797539048627],[-98.71231256958575,18.87801692019171],[-98.71252539954055,18.877971230283],[-98.71280773665016,18.878005742883996],[-98.7128596599392,18.878012089735723],[-98.71299453990773,18.877905979800627],[-98.7135036495564,18.87727954013],[-98.71379691000725,18.876824549940938],[-98.71402908992185,18.87601151003862],[-98.71415408003745,18.875217290143954],[-98.7141402002409,18.874327779730237],[-98.7140708601518,18.873866569873826],[-98.71413908011857,18.87356842001682],[-98.71414345000001,18.8728513998455],[-98.71398974973027,18.87188077972845],[-98.71376643029214,18.871516179819043],[-98.71377205025851,18.87131502015559],[-98.71365770953915,18.87099971972009],[-98.71346062982308,18.870849579848752],[-98.71344099954146,18.870376619789862],[-98.71355953984407,18.8698507100683],[-98.7138775997747,18.86946337028212],[-98.71391645996263,18.86895609033211],[-98.71396546013062,18.868386719832195],[-98.71357951954698,18.86801571975493],[-98.71355351992176,18.86757074959312],[-98.7134715097954,18.86724362009898],[-98.7129311703191,18.86754843032252],[-98.71278894892744,18.867790430610807],[-98.71278890724938,18.867790502151863],[-98.71259994970623,18.86811203120357],[-98.71259988022794,18.868112151042023],[-98.71259979726992,18.868112040555495],[-98.71250522906385,18.86798648088867],[-98.71249526840892,18.86784049647159],[-98.71249525858524,18.86784035135596],[-98.71249511407132,18.86784050578194],[-98.7124405487832,18.867899110170963],[-98.7116514298573,18.868066430392567],[-98.7110783389148,18.868053920020067],[-98.7106821999134,18.868350859585206],[-98.71051858043229,18.86891772080678],[-98.71024895039612,18.86949065052002],[-98.70975957976803,18.86966452122639],[-98.70936731893418,18.870112311241098],[-98.70884314011369,18.870998449890017],[-98.70864585001841,18.871497459679386],[-98.70837742940401,18.872020090154038],[-98.70791603014347,18.872398849987043],[-98.70731587901986,18.87244442956797],[-98.70635019935037,18.872285460319222],[-98.70611837005454,18.87219552003947],[-98.70519037946933,18.8723895713249],[-98.7044689491115,18.8724296312849],[-98.7040060792769,18.87269502113035],[-98.70395265002061,18.87277151062705],[-98.70323850997313,18.873793920243518],[-98.70244990929818,18.8752989813271],[-98.70180292043088,18.875788149596126],[-98.70087964890403,18.876027979819995],[-98.70018414684402,18.876182019963313],[-98.7005825044291,18.876762716190324],[-98.70071539221529,18.87667727120423],[-98.70236236908013,18.875461381180674],[-98.704272589626,18.874509149469684],[-98.70461905427723,18.874516819954636],[-98.70499958916704,18.87470941615179],[-98.70572216268567,18.87509375660679],[-98.7074516561186,18.876239456565735],[-98.70880438976963,18.876353533670628],[-98.71039454679934,18.876564710969728],[-98.7108195777114,18.876750129885426],[-98.71112056057345,18.876991482431247],[-98.71129608696425,18.877347412609787],[-98.71146034556077,18.878172504094135],[-98.71145668919749,18.87832487068277]]]},"properties":{"CLAVE":"VSA/BP","DESCRIPCIO":"VEGETACIÓN SECUNDARIA ARBÓREA DE BOSQUE DE PINO"}},
{"type":"Feature","geometry":{"type":"Polygon","coordinates":[[[-98.54796245807438,18.927332236865972],[-98.54679412676218,18.92613460126222],[-98.54587939709909,18.92472380130998],[-98.54462072073197,18.921434458550863],[-98.54457830815305,18.920899029939513],[-98.54459310368932,18.920311488031995],[-98.54461327854652,18.919510294306242],[-98.54457355713734,18.91886804687646],[-98.54408829396786,18.918162010017706],[-98.54255245396648,18.917004025450268],[-98.53835691823353,18.91492910228635],[-98.53531026400847,18.913842795763518],[-98.53249788936698,18.912334348763228],[-98.5311815868264,18.911341711351692],[-98.53029595974431,18.91100041371217],[-98.5294022301297,18.91097957542267],[-98.52910810015936,18.91109645816725],[-98.52839922787554,18.910259662569995],[-98.52672951428464,18.908591655966625],[-98.52414175516786,18.90738172612167],[-98.52134296765585,18.90655029724813],[-98.52067258364634,18.905192860445194],[-98.51999732746285,18.904027018562267],[-98.52002908287548,18.902781653757213],[-98.51996507362747,18.90134237199116],[-98.51879148422096,18.899973310300858],[-98.5168054013736,18.898873018041638],[-98.5156000715359,18.898749291564307],[-98.51555849347827,18.900377837089625],[-98.51571821500772,18.902011040787873],[-98.51657516590456,18.90394793205934],[-98.518556432235,18.905239829360497],[-98.51952631398021,18.906700048919628],[-98.52131854902233,18.907508274474605],[-98.5221018125835,18.90838904587955],[-98.52359943835049,18.908902881637623],[-98.52617990596458,18.91040021727799],[-98.52831120309601,18.912129863532126],[-98.52863284119466,18.912671790245255],[-98.528905380211,18.912945362216767],[-98.53080912982503,18.915020578409894],[-98.53079157628395,18.91571492995912],[-98.53071951535317,18.91635456988738],[-98.5303667951063,18.917041112369198],[-98.52880993282548,18.91892878524608],[-98.52811121922602,18.920034813827662],[-98.52769721586053,18.92093370736113],[-98.52767829587418,18.92168148659988],[-98.52777920601552,18.922111399279057],[-98.52804635663747,18.92259863033749],[-98.52837477511572,18.92287351654052],[-98.5297537855799,18.92360045821219],[-98.53068590545442,18.9243169745518],[-98.53074499163094,18.92446876418255],[-98.53005425925406,18.92498639556957],[-98.52953417105313,18.925633428648954],[-98.52913077576959,18.926642611200943],[-98.52861067685636,18.927289643360194],[-98.52872432823732,18.92777154363137],[-98.52902521353789,18.92831766854069],[-98.52983554406343,18.928635884758855],[-98.53064587741643,18.928954096726677],[-98.53121062695884,18.929027009219894],[-98.53195348229136,18.929523391290886],[-98.53307842334057,18.92984883090462],[-98.53408513457791,18.929871990230463],[-98.5354602430563,18.93026307655341],[-98.5365897577695,18.930408863569212],[-98.53803995068547,18.930322368138917],[-98.53886702023439,18.929981905264746],[-98.5391459768147,18.928798725384194],[-98.5392914743248,18.928846402557166],[-98.5399630579341,18.928897760230537],[-98.54026187815384,18.929594565529992],[-98.54087893007981,18.930088015474972],[-98.54086526939466,18.93062689595116],[-98.54034762671192,18.9315444399249],[-98.54054698749827,18.931494953027713],[-98.54305527380635,18.931418604318495],[-98.54469377482329,18.931214320076226],[-98.54492096660124,18.931138815425943],[-98.545123400862,18.93092810956812],[-98.54530107628196,18.93058219816309],[-98.54535090143544,18.929721730766023],[-98.54530621188111,18.92862520036085],[-98.54796245807438,18.927332236865972]]]},"properties":{"CLAVE":"VSA/BP","DESCRIPCIO":"VEGETACIÓN SECUNDARIA ARBÓREA DE BOSQUE DE PINO"}},
{"type":"Feature","geometry":{"type":"MultiPolygon","coordinates":[[[[-98.59780304894556,19.027335788311913],[-98.59831067956105,19.02745521956893],[-98.59894995020537,19.027631749965057],[-98.6003638797436,19.027955349643456],[-98.60246189045996,19.028310649624537],[-98.60327425580716,19.028252905159448],[-98.60246308055093,19.026795363092972],[-98.60176078207819,19.025903256958635],[-98.6017600786881,19.024791039373678],[-98.60292396567293,19.023234297047498],[-98.60759387536741,19.02257767557681],[-98.60852626406532,19.021467344362712],[-98.60828924503498,19.019684162718256],[-98.60688810137817,19.018568560560254],[-98.60314782152098,19.01522031460245],[-98.60641191047485,19.01166570377129],[-98.60827766199509,19.010335435890237],[-98.60817912857169,19.01014660469602],[-98.60703738126949,19.010650262548772],[-98.60564610844214,19.010771640229994],[-98.60419949427934,19.011354245861174],[-98.60250458933777,19.011938013063066],[-98.60110765776037,19.01153756443675],[-98.60025188107821,19.01061411862526],[-98.59939943395212,19.009980873709196],[-98.59823981825929,19.008886089225204],[-98.59732854426224,19.00865710105927],[-98.59618032910616,19.00889259670756],[-98.59564285605525,19.010107976628756],[-98.59565215311765,19.011206696766262],[-98.59590163200775,19.012131700562758],[-98.59560560412048,19.013231992899012],[-98.5943992658489,19.014046417775074],[-98.59294126287392,19.01358875339103],[-98.59033297672916,19.013017192183014],[-98.5880911829998,19.013257231837645],[-98.58609583027814,19.013899392032293],[-98.583252983202,19.014543748212756],[-98.58143780908422,19.015127397841724],[-98.58004946520074,19.015941540701654],[-98.57811114494716,19.0159477471603],[-98.57622967690817,19.015663952617718],[-98.5755648489667,19.015723793436333],[-98.57447656157316,19.016247806395782],[-98.57539304545422,19.017403230609066],[-98.57630801170869,19.01832479266654],[-98.57746273603372,19.018784204728707],[-98.57879225694128,19.01825829653372],[-98.57994840352669,19.018660829461698],[-98.58007814045266,19.01981695837935],[-98.57875242298981,19.021037595718507],[-98.57854622644464,19.02117589903718],[-98.57932086011144,19.021505030300098],[-98.58049212014946,19.022484659647944],[-98.58159106000971,19.02305986004187],[-98.5824538796413,19.02375901960782],[-98.58289802984653,19.024258029688816],[-98.5835007701366,19.024763719577486],[-98.58417422005775,19.02530350962453],[-98.58544725032226,19.02542731965606],[-98.58571819951256,19.02546303252234],[-98.58727639746935,19.02431153132976],[-98.58914409306846,19.023424070523422],[-98.59171325307656,19.02298495925194],[-98.59311469231008,19.022543358884455],[-98.5938141290343,19.02232236014017],[-98.595449830799,19.021881447634147],[-98.59591666486835,19.021882558197472],[-98.5968512307266,19.022107268911824],[-98.59825417789263,19.023000566932616],[-98.59825538040268,19.02389253908492],[-98.59726382750715,19.024158366668292],[-98.5976986250396,19.024506766118442],[-98.59802296673395,19.026934553279943],[-98.59780304894556,19.027335788311913]]],[[[-98.57903851158932,19.031433158868264],[-98.57857671962508,19.030844680180426],[-98.57747574978265,19.029590489782414],[-98.5764963196105,19.028460849592594],[-98.57561817036981,19.02764321980679],[-98.57480704977917,19.02644166103913],[-98.57479990968119,19.026392119975124],[-98.57467511953905,19.025524080219387],[-98.57473347078864,19.02477655469009],[-98.574237446304,19.02503986349417],[-98.57302822420117,19.02562028235758],[-98.57217606853133,19.02516209660995],[-98.57185960628316,19.02348565188056],[-98.57136586085981,19.022389973199473],[-98.57075849750247,19.02221843561628],[-98.56942691897477,19.022510414473334],[-98.56870023801625,19.022340674512474],[-98.56808709604549,19.021589836445028],[-98.56717079186832,19.020436055416592],[-98.56632614839327,19.020842738366362],[-98.56572331436765,19.021422244783096],[-98.56463442268465,19.021658311816154],[-98.56384444203833,19.021254393623867],[-98.56359343325067,19.019750645037394],[-98.56316477527679,19.01911609230339],[-98.5623151004205,19.01854180675245],[-98.56098639717001,19.019353742170118],[-98.56075219120397,19.020569824588087],[-98.56033756575312,19.022246468825454],[-98.55864668111572,19.023349962278953],[-98.55829181436484,19.024625056822448],[-98.5586620447393,19.025838378091358],[-98.55812558668286,19.027053621471023],[-98.5561860726848,19.027233025903136],[-98.55509153243761,19.02660126631276],[-98.5533303208149,19.025447722356688],[-98.55237087102398,19.027245547981643],[-98.55310833082206,19.029152083839644],[-98.55432481527369,19.030072714862378],[-98.55560188831912,19.03087974591203],[-98.55640252431105,19.031674182890587],[-98.55924194884324,19.03203358947745],[-98.5592425361699,19.031365682345033],[-98.56087616532741,19.031147866747098],[-98.56461428435264,19.030712197977167],[-98.56672093474789,19.031607755194763],[-98.56928917114286,19.030501617425493],[-98.57139149228759,19.029837036078856],[-98.57373031757399,19.030065355117966],[-98.57396475626537,19.031403125367884],[-98.5760697323306,19.031631162152944],[-98.5774717575891,19.030744498894304],[-98.57887449470383,19.031415519511047],[-98.57903851158932,19.031433158868264]]]]},"properties":{"CLAVE":"VSA/BP","DESCRIPCIO":"VEGETACIÓN SECUNDARIA ARBÓREA DE BOSQUE DE PINO"}},
{"type":"Feature","geometry":{"type":"Polygon","coordinates":[[[-98.57980887619892,18.884607073105627],[-98.577939951271,18.88521484377947],[-98.57705931811374,18.88519460076085],[-98.57574131273668,18.886938113209464],[-98.57483160738079,18.887120843060224],[-98.57407645759373,18.887510786205468],[-98.57358736962088,18.887906852869985],[-98.57329333807073,18.889020230323812],[-98.57333511353964,18.889479434700423],[-98.57379751801592,18.89015198786146],[-98.57511809552364,18.892002860794566],[-98.57429457278384,18.892930436898933],[-98.57304553460767,18.892542585403376],[-98.57134415424383,18.892623687191673],[-98.57106847719074,18.893575928666966],[-98.57104892246653,18.894354279400925],[-98.57198194812986,18.894794865042755],[-98.57254056413197,18.895107112373932],[-98.57314855603546,18.89595964729614],[-98.57350944715783,18.896626838799698],[-98.5733041975481,18.89728115282034],[-98.57240548596533,18.897979599964856],[-98.57108447649351,18.897949539127733],[-98.57079251701754,18.897044279086128],[-98.56969634736667,18.89558154301403],[-98.56933246766732,18.895034090562735],[-98.56834256692761,18.894352562927686],[-98.56740503859938,18.894091574299146],[-98.56688675117378,18.894678838509332],[-98.56587125402277,18.895015138189034],[-98.56558649322166,18.896326612019706],[-98.56607466421758,18.896936815450065],[-98.56643251079123,18.89772377147066],[-98.56715484722633,18.89828450664631],[-98.56807815584888,18.901680266541344],[-98.56935135759396,18.90400095683364],[-98.56938931004532,18.904612858937657],[-98.56927141570485,18.905068411660753],[-98.5689938618488,18.90552028704118],[-98.56861241277947,18.905867927566014],[-98.56742628956731,18.906451607125405],[-98.56704228506538,18.90690102467841],[-98.56697378185464,18.907510478791703],[-98.56706876103885,18.907970944652202],[-98.56844208850531,18.91054860917264],[-98.56894758276056,18.91162958689872],[-98.56956461784694,18.912509455040574],[-98.57013988930234,18.912930078824072],[-98.57045413775593,18.91314100432372],[-98.57087610709958,18.913303489284957],[-98.57182395043378,18.91373269016307],[-98.57218760979964,18.914097509254905],[-98.5722319364168,18.91445497783123],[-98.57222176436696,18.914862110193607],[-98.57161523434341,18.9159953041397],[-98.5714162223819,18.91706192712902],[-98.5713874091999,18.918214885884314],[-98.57140081104734,18.918353290196094],[-98.5732881956367,18.918654134461907],[-98.57433402272399,18.919029148420073],[-98.57601084366961,18.919857345219008],[-98.5779235001415,18.92042774412325],[-98.57911565790997,18.920455148807505],[-98.58013205559669,18.92017143484486],[-98.58032202172058,18.919912592506922],[-98.58055893109295,18.919610965333856],[-98.58071506261248,18.91886880622612],[-98.58119437584305,18.916203927431276],[-98.58120748639182,18.915677826616392],[-98.58099571716414,18.914971094607182],[-98.58064311878914,18.914392728843502],[-98.57879168694072,18.91320965654577],[-98.57834084465027,18.912892227903768],[-98.57807340155807,18.912579015985838],[-98.577764484774,18.91208938603757],[-98.57768918934644,18.91142966220587],[-98.57784313939851,18.910775212180024],[-98.57803528557085,18.910428705581943],[-98.57831694079384,18.910171984268736],[-98.57896757058532,18.90983601265682],[-98.57970005724344,18.909896714400254],[-98.5818986107311,18.910034952673428],[-98.58300116654323,18.909972536706437],[-98.58336904889538,18.9099371153104],[-98.58360484417153,18.90967933458216],[-98.58399128469557,18.90889862284198],[-98.58513718268688,18.905923857407803],[-98.58664071370674,18.906406596932577],[-98.58845465702477,18.906773853512505],[-98.59046515891569,18.904195977280366],[-98.5911238883476,18.903396535590385],[-98.59135358315336,18.902723021036415],[-98.59138223994879,18.901569764616532],[-98.59049999826308,18.900116771235513],[-98.58932164818602,18.90119543552727],[-98.58833301759651,18.90146166705867],[-98.58676759665337,18.900631368855755],[-98.58611351871845,18.89960529557388],[-98.58455893579657,18.89984077956596],[-98.58342545122892,18.899080104185742],[-98.58200125340704,18.898538228337113],[-98.58109909150186,18.89841567300256],[-98.58073291135868,18.89815267325819],[-98.58053018862056,18.897740674076204],[-98.58054287366245,18.897231790421337],[-98.58055555860977,18.896722907096624],[-98.58090910589951,18.895356264743967],[-98.58158701136912,18.89379341250355],[-98.58270679858468,18.89389406803466],[-98.58337712900479,18.894270542440964],[-98.58392547191099,18.893488725181335],[-98.58492128189722,18.893072928468264],[-98.58361229870796,18.89148177346787],[-98.58349238319829,18.890596653945806],[-98.58351434700816,18.88971479741419],[-98.58346705624848,18.888763479051523],[-98.58326776537787,18.88821591413],[-98.58285735640125,18.88759563219738],[-98.58236756331422,18.887312893899132],[-98.5818102109966,18.886892853310705],[-98.5811093026099,18.886537392316004],[-98.58028174843581,18.88556815674209],[-98.57980887619892,18.884607073105627]]]},"properties":{"CLAVE":"VSa/BPQ","DESCRIPCIO":"VEGETACIÓN SECUNDARIA ARBUSTIVA DE BOSQUE DE PINO-ENCINO"}},
{"type":"Feature","geometry":{"type":"Polygon","coordinates":[[[-98.51354671692391,18.999936955171528],[-98.51336829311613,19.00167292006256],[-98.51342938590926,19.001798198894562],[-98.51536976032122,19.00211471068828],[-98.51618912220181,19.002902495741775],[-98.51650806918343,19.004948904601186],[-98.51699753654836,19.005578903556856],[-98.51765220088322,19.006523311597853],[-98.51846708644239,19.00778325446959],[-98.51945147163885,19.00810147869676],[-98.52060104302424,19.008261067070006],[-98.52076247983858,19.008890661215805],[-98.52059394606113,19.00983462267324],[-98.52050521573493,19.011012517603323],[-98.52088381205675,19.011429317973832],[-98.5219129865141,19.013278034850302],[-98.52336580469337,19.01448509491723],[-98.5254186516953,19.014538473282673],[-98.52577804689828,19.01338161650723],[-98.52535208675043,19.012515455288675],[-98.52462482727094,19.011534943499253],[-98.5249264589001,19.0102596855165],[-98.52637563086695,19.01100872459625],[-98.52698122066123,19.010948911210974],[-98.52812889035921,19.01158095970296],[-98.53006196016906,19.01221287749207],[-98.53205335584435,19.01191865498711],[-98.53398424572138,19.01069796931714],[-98.53530785043735,19.00907393232655],[-98.53651308543553,19.008377803673238],[-98.53742308474881,19.00958802487176],[-98.53790710567033,19.009993567614483],[-98.53857496280123,19.010626410489927],[-98.53960229656532,19.010740423340252],[-98.5411689631259,19.010156629039106],[-98.54249775919115,19.009401915804307],[-98.54382278135591,19.00824080387189],[-98.54478485602368,19.00684942452672],[-98.54429768336242,19.005057044607952],[-98.54441666662838,19.004246811525764],[-98.54483830666743,19.00395735089491],[-98.54586246447094,19.003376370833674],[-98.54797670780134,19.002964620098908],[-98.54857694056963,19.002037552470746],[-98.54803087957828,19.000998551155334],[-98.54706363219495,19.000596633605237],[-98.5453700064624,19.00013801316461],[-98.54621191211645,18.998977633820164],[-98.54644946697029,18.997820290616424],[-98.54680984598699,18.996604931324637],[-98.5480156879888,18.996253461332923],[-98.55007292660451,18.99699924215534],[-98.55194404695547,18.996416257291344],[-98.55230381586257,18.99549102195959],[-98.55103230223037,18.994624687105382],[-98.55048452646345,18.99347019780672],[-98.55035940061086,18.99225554006644],[-98.54908813411699,18.99156613035928],[-98.54787812913986,18.990991342587176],[-98.54678796655331,18.98983735096502],[-98.54563745426448,18.989262224004072],[-98.54430682006634,18.988570831519123],[-98.54321654209883,18.987416825563603],[-98.54206653916197,18.986727912511377],[-98.54110157293427,18.987249893560605],[-98.54086393931152,18.98852265113605],[-98.540748135248,18.98968048973383],[-98.53960705983901,18.99147781268289],[-98.53918728069404,18.992520502680172],[-98.53828168964459,18.993042723322617],[-98.53731370306289,18.992409188078028],[-98.5360438636296,18.991948957901247],[-98.53399011196537,18.991725881987676],[-98.53282664704139,18.992017908677017],[-98.53282734166201,18.991627095575907],[-98.53283055639626,18.990682808384893],[-98.53250545814355,18.98973997299029],[-98.53119409177847,18.98894821846257],[-98.5298778918438,18.98926055034765],[-98.52860481640792,18.989377041980006],[-98.52842608203306,18.989022436478436],[-98.52793943731199,18.988617408044725],[-98.52672987736696,18.98792812313244],[-98.52467704310128,18.987934209379123],[-98.5233491382166,18.988052789754864],[-98.52280624554295,18.988632302198674],[-98.52129938211196,18.98932978395898],[-98.51997208499796,18.989795935096378],[-98.5188879821705,18.99061023708026],[-98.51822673466893,18.991536833572944],[-98.51696454076644,18.99252331447002],[-98.51630232850141,18.993392999235414],[-98.51661056907722,18.995360068599897],[-98.51649424178298,18.99663282130828],[-98.51698188467441,18.99790323404192],[-98.51818911713845,18.9978433291092],[-98.51879765496943,18.998939077497756],[-98.51849636013752,18.99963519921834],[-98.51644286227845,18.999234370597378],[-98.51354671692391,18.999936955171528]]]},"properties":{"CLAVE":"VSa/BPQ","DESCRIPCIO":"VEGETACIÓN SECUNDARIA ARBUSTIVA DE BOSQUE DE PINO-ENCINO"}},
{"type":"Feature","geometry":{"type":"Polygon","coordinates":[[[-98.58384854578729,19.003666280817452],[-98.5842158249037,19.004591164223985],[-98.5833135012216,19.005519699054105],[-98.5831371381622,19.006157274451994],[-98.5829591335466,19.006908201536305],[-98.58180866803583,19.00714409896],[-98.58089909775158,19.006973634021087],[-98.58053971067874,19.007551920821264],[-98.58121319832881,19.008361526525736],[-98.58175964825753,19.008880485021585],[-98.58176179091663,19.00928459822233],[-98.5807379040489,19.010040357106007],[-98.58060458115233,19.010013106239306],[-98.5793439601673,19.00975541637258],[-98.57812927661017,19.00946863757811],[-98.57637383782571,19.009359863084974],[-98.57503832657028,19.009131802907124],[-98.57406895879193,19.008902348006902],[-98.57340459396941,19.009540856134127],[-98.57383584248689,19.010754309196635],[-98.5742020065485,19.011215819851422],[-98.57420848731196,19.012258162550985],[-98.57354612804274,19.012837486549],[-98.57245587488461,19.012842020919745],[-98.57069898537078,19.012498974392624],[-98.56887498463776,19.01129127126973],[-98.5684461383816,19.010597610451512],[-98.56729130060751,19.009387040222446],[-98.56601640916492,19.008232975455556],[-98.56407708587881,19.00794858704895],[-98.56281083044692,19.008474322834832],[-98.56093666425762,19.008825948311713],[-98.5604486721496,19.007787179268558],[-98.55953678351453,19.006633806693596],[-98.55886751903746,19.005767275135696],[-98.55765970444723,19.00605912271954],[-98.5572367507686,19.006582385719565],[-98.55736018414696,19.006986882830816],[-98.5563366062774,19.0080875788692],[-98.55573001660676,19.00785897572259],[-98.55446050267834,19.00786252618937],[-98.55398002676407,19.00867398526183],[-98.5543472763997,19.009423866948097],[-98.55579868401033,19.009768454692058],[-98.55640616952222,19.009881275776],[-98.55761548361829,19.009993384673862],[-98.55888803579289,19.010453000838393],[-98.56015972778103,19.011026121204143],[-98.56088736090238,19.011372831664104],[-98.56191949506307,19.01200459995561],[-98.56295165197054,19.013042501367252],[-98.56392547265182,19.01396668536966],[-98.56392991063622,19.014949783595487],[-98.56429661990026,19.01575894722998],[-98.56550806613556,19.01575522133014],[-98.56575441630031,19.016332295158783],[-98.56509063334839,19.016971043871497],[-98.5640674227363,19.017956023791562],[-98.56316477527679,19.01911609230339],[-98.56359343325067,19.019750645037394],[-98.56384444203833,19.021254393623867],[-98.56463442268465,19.021658311816154],[-98.56572331436765,19.021422244783096],[-98.56632614839327,19.020842738366362],[-98.56717079186832,19.020436055416592],[-98.56782999408678,19.019275274047654],[-98.56879810625736,19.01910069673904],[-98.57006420219948,19.018112022977462],[-98.57097008609769,19.01753093861196],[-98.57169456246869,19.01695137032837],[-98.5733262102737,19.016251548304382],[-98.57447656157316,19.016247806395782],[-98.5755648489667,19.015723793436333],[-98.57622967690817,19.015663952617718],[-98.57811114494716,19.0159477471603],[-98.58004946520074,19.015941540701654],[-98.58143780908422,19.015127397841724],[-98.583252983202,19.014543748212756],[-98.58609583027814,19.013899392032293],[-98.5880911829998,19.013257231837645],[-98.59033297672916,19.013017192183014],[-98.59294126287392,19.01358875339103],[-98.5943992658489,19.014046417775074],[-98.59560560412048,19.013231992899012],[-98.59590163200775,19.012131700562758],[-98.59565215311765,19.011206696766262],[-98.59564285605525,19.010107976628756],[-98.59618032910616,19.00889259670756],[-98.59732854426224,19.00865710105927],[-98.59823981825929,19.008886089225204],[-98.59939943395212,19.009980873709196],[-98.60025188107821,19.01061411862526],[-98.60110765776037,19.01153756443675],[-98.60250458933777,19.011938013063066],[-98.60419949427934,19.011354245861174],[-98.60564610844214,19.010771640229994],[-98.60703738126949,19.010650262548772],[-98.60817912857169,19.01014660469602],[-98.60848743582403,19.01001082763206],[-98.60896640827625,19.009372061653192],[-98.60877756944309,19.008504217510247],[-98.60738002002769,19.007930871038315],[-98.60689156354928,19.007353163225932],[-98.60676517140298,19.006256349051746],[-98.60651136772377,19.005100318004747],[-98.60541524050862,19.00417827089743],[-98.60347493988097,19.003894607430137],[-98.6017161439164,19.003495592908692],[-98.60110513534002,19.002976515857625],[-98.60031656070373,19.00240048345024],[-98.59885983887088,19.00257832627662],[-98.59795368243867,19.002987160794234],[-98.59680680915868,19.003279569672245],[-98.5962006406467,19.003396012125858],[-98.59523391870337,19.003632218160096],[-98.59426534187534,19.003634571368487],[-98.59395671342159,19.00294146072084],[-98.59383291089584,19.002305475934072],[-98.59491746389767,19.00160890676405],[-98.59570228709661,19.001084115876246],[-98.595455564263,19.000506767871805],[-98.59484425510011,18.99981528569463],[-98.59393438338478,18.9993542000021],[-98.59272282842747,18.99935838122291],[-98.59096932494006,18.999594779184257],[-98.58939950042685,19.00023584692426],[-98.58819453485845,19.00128175726829],[-98.58699027463408,19.002500049656984],[-98.58632595403232,19.002963844947796],[-98.58548306436124,19.003719937055095],[-98.58384854578729,19.003666280817452]]]},"properties":{"CLAVE":"VSa/BPQ","DESCRIPCIO":"VEGETACIÓN SECUNDARIA ARBUSTIVA DE BOSQUE DE PINO-ENCINO"}},
{"type":"Feature","geometry":{"type":"Polygon","coordinates":[[[-98.5462360867234,19.022286761252857],[-98.5473810324803,19.02135899585531],[-98.54889679167574,19.02199188690034],[-98.54956651579393,19.023144557444347],[-98.55071633179078,19.023374874220462],[-98.5521076460694,19.023196576624162],[-98.55404123692107,19.02255481997968],[-98.55464073456562,19.021568784221],[-98.55372451930631,19.019606977134355],[-98.55275271014231,19.018453490793558],[-98.55298957019356,19.017180460386214],[-98.5531055397345,19.016079460551573],[-98.55177090218496,19.015447292492382],[-98.551108272892,19.015738423040013],[-98.54911574682306,19.016786604649617],[-98.54796911264802,19.017137617933663],[-98.54669816000647,19.017256979221024],[-98.54616492388934,19.017258231994045],[-98.54579030078771,19.017259111487157],[-98.54506498262282,19.017202695680886],[-98.54361564281022,19.017841121921588],[-98.54258995504891,19.01824952223579],[-98.542411029725,19.01894364223973],[-98.54308357398305,19.02061886145821],[-98.5430918124649,19.02252816790121],[-98.54339982294341,19.02374135465463],[-98.5450310797162,19.023389256500874],[-98.5462360867234,19.022286761252857]]]},"properties":{"CLAVE":"VSa/BPQ","DESCRIPCIO":"VEGETACIÓN SECUNDARIA ARBUSTIVA DE BOSQUE DE PINO-ENCINO"}},
{"type":"Feature","geometry":{"type":"Polygon","coordinates":[[[-98.51630232850141,18.993392999235414],[-98.51696454076644,18.99252331447002],[-98.51822673466893,18.991536833572944],[-98.5188879821705,18.99061023708026],[-98.51997208499796,18.989795935096378],[-98.52129938211196,18.98932978395898],[-98.52280624554295,18.988632302198674],[-98.5233491382166,18.988052789754864],[-98.52467704310128,18.987934209379123],[-98.52672987736696,18.98792812313244],[-98.52793943731199,18.988617408044725],[-98.52842608203306,18.989022436478436],[-98.52860481640792,18.989377041980006],[-98.5298778918438,18.98926055034765],[-98.53119409177847,18.98894821846257],[-98.53250545814355,18.98973997299029],[-98.53283055639626,18.990682808384893],[-98.53282734166201,18.991627095575907],[-98.53282664704139,18.992017908677017],[-98.53399011196537,18.991725881987676],[-98.5360438636296,18.991948957901247],[-98.53731370306289,18.992409188078028],[-98.53828168964459,18.993042723322617],[-98.53918728069404,18.992520502680172],[-98.53960705983901,18.99147781268289],[-98.540748135248,18.98968048973383],[-98.54086393931152,18.98852265113605],[-98.54110157293427,18.987249893560605],[-98.54206653916197,18.986727912511377],[-98.54321654209883,18.987416825563603],[-98.54430682006634,18.988570831519123],[-98.54563745426448,18.989262224004072],[-98.54678796655331,18.98983735096502],[-98.54787812913986,18.990991342587176],[-98.54908813411699,18.99156613035928],[-98.55035940061086,18.99225554006644],[-98.55048452646345,18.99347019780672],[-98.55103230223037,18.994624687105382],[-98.55230381586257,18.99549102195959],[-98.55194404695547,18.996416257291344],[-98.55007292660451,18.99699924215534],[-98.5480156879888,18.996253461332923],[-98.54680984598699,18.996604931324637],[-98.54644946697029,18.997820290616424],[-98.54621191211645,18.998977633820164],[-98.5453700064624,19.00013801316461],[-98.54706363219495,19.000596633605237],[-98.54803087957828,19.000998551155334],[-98.54857694056963,19.002037552470746],[-98.54797670780134,19.002964620098908],[-98.54586246447094,19.003376370833674],[-98.54483830666743,19.00395735089491],[-98.54441666662838,19.004246811525764],[-98.54429768336242,19.005057044607952],[-98.54478485602368,19.00684942452672],[-98.54671852588268,19.00638026214872],[-98.54840774630733,19.0058556517556],[-98.54991633701391,19.00486771116724],[-98.55112197737385,19.00399676348532],[-98.5522035488577,19.002315070464498],[-98.55274196204206,19.000926872796516],[-98.55364354356516,18.999303787916567],[-98.55533859856261,18.999646647516023],[-98.5558259728984,19.0008600390113],[-98.55637460037805,19.002650412474516],[-98.55679246858591,19.002721243712315],[-98.55704108562317,19.002763384602734],[-98.5583073386904,19.001951646059258],[-98.55866538981904,19.000329501600476],[-98.55956394082638,18.998533751839936],[-98.56082849118505,18.99731536958349],[-98.56270158554426,18.996963819335377],[-98.56385517941582,18.998115592412166],[-98.56192857900125,19.000088027593186],[-98.56060329779503,19.00136503428024],[-98.55970263393395,19.003160475827624],[-98.56145661091752,19.00321521226875],[-98.56188469521437,19.002985488959265],[-98.56254316154168,19.00263213487426],[-98.56314404355209,19.001473712265703],[-98.56447301529681,19.001470296563976],[-98.56574056148048,19.000887803729945],[-98.56718945254832,19.000015173148007],[-98.5683933785646,18.9987397992201],[-98.56996066219926,18.997345583397543],[-98.5720104171328,18.996124833936406],[-98.5739412595568,18.995019537240736],[-98.57520694472224,18.99403261559153],[-98.57592541484307,18.992354427634236],[-98.5762871745125,18.991890003171388],[-98.57755056373824,18.99061289152536],[-98.57803110305741,18.989685852391865],[-98.57851072751134,18.98870133782973],[-98.57796243031142,18.987778535984155],[-98.57626599977796,18.986972689607878],[-98.57451009570138,18.986457854508878],[-98.57329838798175,18.98571033742937],[-98.57142211367449,18.98507891229689],[-98.56960760466409,18.98473844191817],[-98.56815571032033,18.98427830966473],[-98.56743096145193,18.984049405080324],[-98.56579651836468,18.983475815085953],[-98.56561270067665,18.982667187517606],[-98.56627346934766,18.98168122413894],[-98.56735605248444,18.980578137013396],[-98.56801881736392,18.979882911973693],[-98.56819514684248,18.978666769155467],[-98.5675878403446,18.978033842605242],[-98.56644129437126,18.97792206245147],[-98.56619391176159,18.976706963641856],[-98.56625207009003,18.976012597550984],[-98.56618972779424,18.975376888635072],[-98.56582398198508,18.97497423431134],[-98.56449267066142,18.974455430812426],[-98.56321969195972,18.973419175755428],[-98.56231284053037,18.972958512231635],[-98.5611610057416,18.972210604065182],[-98.55988831257187,18.97134726606103],[-98.55855557483326,18.97059914532109],[-98.55661661988098,18.96944790394335],[-98.55582735028132,18.968467175909876],[-98.55533981469266,18.967310839269455],[-98.55412680431238,18.966619505222898],[-98.5529207680334,18.966798055126915],[-98.55092853443975,18.967496481659957],[-98.55038957392749,18.968598320953838],[-98.54955124521005,18.96987183491829],[-98.54931643738962,18.971839679571293],[-98.54920423320783,18.97374838429777],[-98.54939265216574,18.975426301132025],[-98.5478838673169,18.976007931494852],[-98.54655749148408,18.97624507596843],[-98.54589350882482,18.97653627190124],[-98.54504945474736,18.977174265145795],[-98.54529481917741,18.97809866393248],[-98.54560071063278,18.97879237833924],[-98.54590636936514,18.979773363728622],[-98.54609115021532,18.980641188745647],[-98.54543160234189,18.981686238847217],[-98.54368223927153,18.98255749569975],[-98.54162955329826,18.982736192475357],[-98.54059638814084,18.98146634817999],[-98.53993009962682,18.98054294358944],[-98.53811061967126,18.97921953640843],[-98.536663418101,18.979628421211245],[-98.53521494236588,18.97980630540009],[-98.53357833193678,18.978768694207638],[-98.53345204213949,18.977265686453904],[-98.53434930874359,18.975354785393556],[-98.53495024592796,18.97425271247137],[-98.53391422266951,18.97257951397181],[-98.53306306357433,18.971598350392497],[-98.53220904818359,18.96957616256415],[-98.5313620104011,18.969287362859937],[-98.5304586895903,18.969927849809945],[-98.52919135671647,18.970278270986217],[-98.52858601251106,18.97022205516433],[-98.52713020092311,18.96895372866986],[-98.52531502869421,18.96855356213016],[-98.52338612792612,18.969195079591067],[-98.52169709935521,18.969950827229358],[-98.5203701792285,18.97059215897587],[-98.51976428157337,18.970072871272887],[-98.5181829770203,18.96799380000369],[-98.5179328564188,18.966549401495346],[-98.51883414549874,18.96550509417633],[-98.52016365947979,18.96515479435558],[-98.52143223435506,18.965035747079714],[-98.52270022585259,18.96514839331125],[-98.52469093286676,18.964506633235878],[-98.5249884182422,18.963522432816625],[-98.52486119832874,18.962307607764235],[-98.52358968614531,18.96155955823765],[-98.52165567829216,18.961449773337492],[-98.52038734502958,18.961453053131354],[-98.51899516888017,18.961340208979806],[-98.51688004464455,18.961229866644082],[-98.51518699484097,18.961061668830613],[-98.51493557872824,18.959385717300155],[-98.51505019307065,18.95811258845785],[-98.51377954923133,18.957709493338474],[-98.51256937625377,18.95730866819287],[-98.51108640515503,18.958218686253634],[-98.51039136498837,18.95781915142587],[-98.50951945735179,18.95645691445467],[-98.50863040565532,18.95576529813684],[-98.5075375319904,18.955164814306848],[-98.50715194338937,18.954484856577597],[-98.50699226297006,18.95285153493844],[-98.50460275854131,18.951741672334176],[-98.5031022787325,18.95132342218471],[-98.50168775509587,18.951482312191988],[-98.50048688788395,18.951166851858872],[-98.50063426115103,18.949348938326388],[-98.50016524073395,18.947996013258074],[-98.49795019409856,18.947944554193338],[-98.4977193163373,18.949089503126974],[-98.49758174275513,18.950524202632174],[-98.49867207689661,18.951220557396553],[-98.49873342639059,18.952755742756455],[-98.5010320408452,18.953480149859786],[-98.50335032142235,18.95343809668144],[-98.50443334453956,18.954421823217515],[-98.50521431531202,18.95539853773143],[-98.5059707609879,18.95733328558716],[-98.50813937452139,18.959204899802277],[-98.50943611997211,18.959714242375142],[-98.51140588038987,18.96148534616854],[-98.51167856771562,18.9626419903292],[-98.5101828467613,18.962032196374608],[-98.50727497192987,18.961485529775565],[-98.50526109151133,18.961438844338662],[-98.50354683831017,18.961494944143325],[-98.5025325308541,18.961758992494286],[-98.50140769735107,18.962403913029085],[-98.49986040955555,18.963805905851792],[-98.50051596858853,18.96557149337152],[-98.5002239934176,18.966133216632635],[-98.50065646328403,18.96780973631878],[-98.50126679067048,18.968964529364438],[-98.50134226603286,18.969089737548966],[-98.50193723157382,18.97006275921869],[-98.50242531836977,18.97092917597434],[-98.50279202512111,18.97179501647185],[-98.5024327395557,18.97266371140526],[-98.5015911488433,18.973303775835628],[-98.50044155003826,18.973304621949353],[-98.49947221617927,18.972845532350117],[-98.49845024924487,18.973657676326606],[-98.49911926167712,18.974812789960914],[-98.49858337221706,18.97608689391634],[-98.4976180355804,18.97701471146295],[-98.49714304680269,18.97823052691316],[-98.49823130060453,18.97869187141128],[-98.49992220180667,18.978165646789304],[-98.50077531288727,18.979378009017775],[-98.5009618853027,18.98117199669255],[-98.50115176003571,18.982443867625616],[-98.5021236772162,18.98336607796685],[-98.50267188829264,18.984289708715714],[-98.50285671323257,18.98585159878576],[-98.5040696388254,18.986831248197372],[-98.50600971109874,18.987463327183846],[-98.50764531973483,18.988558128859996],[-98.50957992130643,18.98901540048589],[-98.5115704067117,18.98819910875878],[-98.51283609236081,18.987444306980137],[-98.51470426824893,18.986571068823213],[-98.51670498674987,18.988070839351387],[-98.51592479213227,18.98975067073185],[-98.51472249438,18.990909760851576],[-98.51490784481187,18.992124694586646],[-98.51563423680693,18.992644045993657],[-98.51630232850141,18.993392999235414]]]},"properties":{"CLAVE":"VSA/BPQ","DESCRIPCIO":"VEGETACIÓN SECUNDARIA ARBÓREA DE BOSQUE DE PINO-ENCINO"}},
{"type":"Feature","geometry":{"type":"Polygon","coordinates":[[[-98.52567552661944,18.72420330879084],[-98.52556315164126,18.723856363848647],[-98.5255598499464,18.72384616968096],[-98.52464916035257,18.72383292015627],[-98.52464502978385,18.723832860083668],[-98.5242805249094,18.72317476975353],[-98.52427347957348,18.723162049715572],[-98.52409272012025,18.723321854452205],[-98.5240907795965,18.723323569903812],[-98.5240354502978,18.723239019556864],[-98.5238092602651,18.722791349609533],[-98.52381909033666,18.722740709937998],[-98.5238071496487,18.722705849892254],[-98.52363685444482,18.72239328470046],[-98.52351931662696,18.72267708541502],[-98.52294797630607,18.723999170670247],[-98.52356961191536,18.724122372591033],[-98.52563251003127,18.72452375296616],[-98.52567552661944,18.72420330879084]]]},"properties":{"CLAVE":"VSa/BQ","DESCRIPCIO":"VEGETACIÓN SECUNDARIA ARBUSTIVA DE BOSQUE DE ENCINO"}},
{"type":"Feature","geometry":{"type":"Polygon","coordinates":[[[-98.54313256262664,18.73744097472071],[-98.54261508017741,18.737831170221227],[-98.5421222495462,18.738448169686077],[-98.54164000021184,18.738687259569932],[-98.54138522012607,18.738884579603656],[-98.54065374971812,18.73949394981137],[-98.54012197136524,18.73996536864432],[-98.5401373146888,18.74104652931078],[-98.54029768543793,18.741372876453937],[-98.54057039868471,18.741701832902123],[-98.54124308551792,18.74177123398347],[-98.54197736220183,18.741626987873246],[-98.5434445570346,18.74139221843949],[-98.54373489180765,18.741022573091527],[-98.54374437564425,18.74064640586612],[-98.54364558338924,18.7401064182653],[-98.54314893693642,18.737513966167306],[-98.54313256262664,18.73744097472071]]]},"properties":{"CLAVE":"VSa/BQ","DESCRIPCIO":"VEGETACIÓN SECUNDARIA ARBUSTIVA DE BOSQUE DE ENCINO"}},
{"type":"Feature","geometry":{"type":"Polygon","coordinates":[[[-98.59647487851763,18.74628274561626],[-98.59688003012467,18.74617410984014],[-98.59779891957825,18.74661790985933],[-98.59814813999685,18.746982970082694],[-98.59871024991045,18.74682139961805],[-98.59926246041513,18.74740391978307],[-98.60011695021066,18.74846186035531],[-98.60076771004758,18.748688049605427],[-98.6011839396956,18.749157570390107],[-98.60135479987841,18.749454049958903],[-98.60143462995825,18.750000059955166],[-98.60152846002835,18.75023388035378],[-98.60193966023532,18.75041757969006],[-98.60237871955165,18.75041852014743],[-98.60311971962643,18.750393979618735],[-98.60399742961559,18.750578680083454],[-98.60424337019893,18.75102323005727],[-98.6043522199999,18.751415249964655],[-98.60443357954003,18.751833339787943],[-98.60473489015983,18.752069049984993],[-98.60514651962299,18.752069909546165],[-98.60542071017379,18.75217496981696],[-98.60552969039539,18.752514749699632],[-98.60583099961399,18.75275045961828],[-98.60614501448393,18.752834864258116],[-98.60624899267546,18.751708869834637],[-98.60626895068806,18.750902970861183],[-98.60621372261242,18.750296946598723],[-98.60594290768994,18.7498875971358],[-98.60455059652837,18.74938546950084],[-98.60378341335998,18.749166381323292],[-98.60301956136416,18.74881297162989],[-98.6021186476543,18.748322039669198],[-98.6017843179479,18.747642451665246],[-98.60126604837116,18.74588354379448],[-98.60086296568055,18.742313033299812],[-98.60080276885776,18.741908493470355],[-98.60060717860682,18.741299283774204],[-98.60033806743094,18.740822781507028],[-98.5999219037162,18.740611696400556],[-98.59788463038922,18.740632336513126],[-98.59705064678656,18.740277308414996],[-98.59677821074236,18.739935112636523],[-98.59577202760298,18.738030695939106],[-98.5958589029819,18.737360757683973],[-98.59638027025885,18.736163212041344],[-98.59681142618045,18.73576991571662],[-98.5982987746955,18.735266375077803],[-98.5985895401511,18.7348698676703],[-98.59889030443355,18.7340704367846],[-98.59907091946083,18.732057414061842],[-98.59576614078334,18.730491248479574],[-98.59406429386921,18.729627931917157],[-98.59327103884851,18.72904301689376],[-98.59285070638869,18.728621204213784],[-98.59264566109961,18.72820432190118],[-98.59220737230027,18.726339439680906],[-98.5918485556324,18.725609897694138],[-98.59105021010109,18.725230953772268],[-98.58863596993125,18.724866507018593],[-98.58696624934002,18.724879754916625],[-98.58648058034993,18.724920139563586],[-98.58604488350367,18.725116240142725],[-98.58511068260124,18.725867658318318],[-98.584113664699,18.726978297639057],[-98.58373306288462,18.727124132461356],[-98.58292060566136,18.72731157875464],[-98.58148457236592,18.727403893796133],[-98.58158286411121,18.729861633264253],[-98.58190299299292,18.73055028092602],[-98.582158043756,18.73084300021178],[-98.58352877851567,18.731484051701973],[-98.58411916808903,18.731856178914615],[-98.58433944723971,18.732040524299762],[-98.58509926812727,18.733133697428205],[-98.58597058276041,18.73426528730416],[-98.58607402917166,18.734626243586177],[-98.58606599477628,18.734948783827605],[-98.58598924972732,18.736524795353525],[-98.5859722864503,18.73720572041474],[-98.58618454328396,18.737712610375226],[-98.58726576395478,18.738942985719905],[-98.58925218809732,18.73967007359918],[-98.58978059336351,18.739961715877214],[-98.58977479877345,18.74019452886199],[-98.58976436995887,18.740613593354674],[-98.58961025139108,18.740936187372384],[-98.5887499853983,18.741916097675],[-98.58939047986678,18.742565480254516],[-98.59066357997334,18.74278340035805],[-98.59220909040047,18.742415170434207],[-98.59353010961573,18.744723970273807],[-98.59498831501345,18.745314604053156],[-98.59524564844902,18.745398045484873],[-98.5958702746397,18.74573846339665],[-98.5963964028445,18.746123214420138],[-98.59647487851763,18.74628274561626]]]},"properties":{"CLAVE":"VSa/BQ","DESCRIPCIO":"VEGETACIÓN SECUNDARIA ARBUSTIVA DE BOSQUE DE ENCINO"}},
{"type":"Feature","geometry":{"type":"Polygon","coordinates":[[[-98.50461802700522,18.79638268858802],[-98.50464881318321,18.79643980825046],[-98.50510620210179,18.797211057308306],[-98.50612613128767,18.79852787451898],[-98.50631752085546,18.798817559582087],[-98.50659079340392,18.79901410170243],[-98.506827722701,18.799076701263413],[-98.50718529407116,18.79908509279446],[-98.50828803153894,18.79871169829258],[-98.50920230767646,18.798714131409277],[-98.51147953738524,18.799052718131176],[-98.51247230856876,18.79909499624927],[-98.51473451619218,18.79924305152006],[-98.51563737951354,18.798512785484345],[-98.5161890860897,18.7978025363236],[-98.51616515532858,18.79699373514937],[-98.51521651808618,18.79582297791064],[-98.5135177389331,18.7944219586666],[-98.51290524137927,18.794024764111047],[-98.51225046363534,18.79354149990682],[-98.51168674292143,18.792975290350263],[-98.51130512742543,18.79224319586987],[-98.51070767906266,18.789506765039487],[-98.51049844172043,18.788991407521756],[-98.51046805873163,18.788437707236337],[-98.51065988847068,18.787889217488186],[-98.51134490740526,18.787182140420413],[-98.51233344626984,18.78677993638297],[-98.51488177301921,18.786244108108182],[-98.51555920370072,18.785834597347144],[-98.51597321675705,18.785291308868075],[-98.51599373441216,18.784483587510476],[-98.51619832533395,18.781680961839864],[-98.51607688075856,18.78121022134436],[-98.5157332378906,18.780734277903335],[-98.51538527603792,18.780428378514827],[-98.51454955447615,18.7800685210909],[-98.51301036433246,18.779394427098392],[-98.51261797095917,18.779087482517706],[-98.51030484860502,18.7773743703532],[-98.50995690549674,18.777068462442827],[-98.50951359837711,18.777015531045517],[-98.50928923825599,18.777095340626786],[-98.50744781156459,18.779561754150606],[-98.50634124088673,18.782853613999706],[-98.50603669561757,18.784335250454628],[-98.50607030831536,18.784761408104004],[-98.50615161057162,18.78506107575939],[-98.50632504643002,18.785235293628798],[-98.50710551069525,18.78601927969972],[-98.507314730823,18.78653463449202],[-98.50734077282091,18.787258379047362],[-98.50711537447461,18.78912474022054],[-98.50701349632816,18.789632798939493],[-98.50682706542528,18.789968726546995],[-98.50619186597271,18.79046427165717],[-98.50513934339219,18.7916306236305],[-98.5048391025877,18.79294225486658],[-98.50467219145932,18.79425702768761],[-98.50461802700522,18.79638268858802]]]},"properties":{"CLAVE":"VSa/BQ","DESCRIPCIO":"VEGETACIÓN SECUNDARIA ARBUSTIVA DE BOSQUE DE ENCINO"}},
{"type":"Feature","geometry":{"type":"Polygon","coordinates":[[[-98.35373552793587,18.80769134929254],[-98.35337940009191,18.807857510353053],[-98.35312091037866,18.80800173974516],[-98.35270837006262,18.80813490980174],[-98.35238015017293,18.808113020417107],[-98.35205785042281,18.808046480095808],[-98.35197377018898,18.80830505981087],[-98.35190683025274,18.808619399905705],[-98.35169548008763,18.80873171956039],[-98.35093835012881,18.808878880336156],[-98.35024137023646,18.808972089651725],[-98.3499701498138,18.809120420279204],[-98.34954297963858,18.80934579977286],[-98.34922933959005,18.80949200040116],[-98.34887117005114,18.809652519797005],[-98.34847765011064,18.810050630010295],[-98.34802156958172,18.810496679873754],[-98.34759161959748,18.810523139745055],[-98.34723364967373,18.810635599998783],[-98.3470719196393,18.810767489728242],[-98.34689674036217,18.811069690264564],[-98.3467919697478,18.811377449743397],[-98.34663474999981,18.811573029629333],[-98.34641388023158,18.811817910250866],[-98.34603722987902,18.812340289707876],[-98.34540845025663,18.81303134025312],[-98.34508212000442,18.813092709647027],[-98.34459183009542,18.813027509954043],[-98.3439942900555,18.81289891996596],[-98.34358627959543,18.81292064967864],[-98.3430442200576,18.81285835002254],[-98.34276677040485,18.81288058043394],[-98.34223504997118,18.81302065990901],[-98.34178769018928,18.812925219982926],[-98.34133215046992,18.812891859787396],[-98.34109762986792,18.81278048011707],[-98.34028297020828,18.812733450390084],[-98.33973861998798,18.812601110015162],[-98.33964481468944,18.812594588199737],[-98.34065592045532,18.813209100878968],[-98.34155745117485,18.813448359933826],[-98.3451263254109,18.814100495487295],[-98.34617089352523,18.81408272631962],[-98.34694557684614,18.813971489610406],[-98.34763298744257,18.813727849756916],[-98.34809933803017,18.81326168773725],[-98.34865757060469,18.81275436616996],[-98.35163589477749,18.81000522354472],[-98.35373552793587,18.80769134929254]]]},"properties":{"CLAVE":"VSa/BQ","DESCRIPCIO":"VEGETACIÓN SECUNDARIA ARBUSTIVA DE BOSQUE DE ENCINO"}},
{"type":"Feature","geometry":{"type":"Polygon","coordinates":[[[-98.60847186269413,18.849351328222074],[-98.60850214013765,18.849566838208],[-98.60857875462766,18.849796982408844],[-98.60866029072037,18.850032419453253],[-98.6087053269031,18.850263810620767],[-98.60870794555198,18.85049054090396],[-98.60870161719792,18.850720023952498],[-98.60868502989443,18.850950045852212],[-98.60865653515376,18.851178308127874],[-98.6086144873543,18.851402511456687],[-98.60855723894437,18.851620357370347],[-98.60847103680908,18.85182753055252],[-98.60835347837498,18.852024821796018],[-98.60822144265629,18.85221791178873],[-98.60809180675561,18.852412484852376],[-98.60797999325435,18.852613849377075],[-98.60787039704832,18.85281857027397],[-98.6077623147632,18.853025247904647],[-98.6076670126054,18.853235306104157],[-98.60759575200447,18.85345017224869],[-98.60755684681219,18.853670805235158],[-98.60753827111176,18.853895083104007],[-98.60753316050153,18.854121872260006],[-98.60753680298627,18.85435039187511],[-98.6075444828498,18.85457985650742],[-98.60755149088675,18.8548094853898],[-98.60755311127265,18.8550384948898],[-98.60754463190912,18.855266103269603],[-98.60752132301452,18.855491550125638],[-98.60747965391698,18.855715621710377],[-98.60742320587339,18.85593904982748],[-98.60735738146596,18.85616185291325],[-98.60728758992259,18.856384051370945],[-98.60721923670346,18.85660566552749],[-98.60715772730398,18.856826715719485],[-98.60710846818256,18.85704722321826],[-98.60707686685038,18.857267206606025],[-98.60706963384568,18.857487268066038],[-98.60710166634293,18.85771160662805],[-98.60716918369677,18.85793603275791],[-98.60726378297677,18.858154292074104],[-98.60737706402875,18.85836013025537],[-98.60750292459862,18.8585483762703],[-98.60765506697287,18.85872388408386],[-98.60783117997468,18.858885261211185],[-98.60802356343184,18.859028703446775],[-98.60822451423017,18.85915040745606],[-98.60844138725177,18.859258732116658],[-98.60868326483107,18.85935813563397],[-98.60892832130888,18.859424246631644],[-98.60915429034122,18.859432311732657],[-98.60934497509078,18.859361616728588],[-98.60951636739135,18.859224829381496],[-98.60967373006018,18.859043798125317],[-98.60981956460994,18.85883944703551],[-98.60995636888678,18.85863269826057],[-98.61008610087097,18.858439670040262],[-98.61020786638895,18.858245040622585],[-98.61032332396366,18.85804622553591],[-98.61043467209271,18.857844676198237],[-98.61054410926613,18.85764184401903],[-98.61065383113615,18.85743917943043],[-98.6107660352255,18.857238133804504],[-98.61088292004467,18.857040156716447],[-98.61100668305617,18.85684670133182],[-98.61113799882865,18.85665730191663],[-98.61127235803733,18.85646610983775],[-98.61141069876209,18.856275609518484],[-98.61155467579496,18.856089265094184],[-98.61170594581317,18.855910541637925],[-98.61186616172226,18.855742903221607],[-98.61203698121555,18.855589813107862],[-98.61222059182849,18.855452780335902],[-98.61242129387595,18.85531908958479],[-98.61263595563797,18.855191278573873],[-98.6128599730279,18.855076135562992],[-98.61308874204644,18.8549804479284],[-98.61331765970775,18.85491100309242],[-98.61354212303749,18.85487459031546],[-98.61375878296808,18.85487795553288],[-98.61397695869101,18.85492299094743],[-98.61419712299143,18.855002991921374],[-98.6144162039931,18.855110421558948],[-98.61463113069021,18.855237743908095],[-98.61483883294353,18.85537742395748],[-98.61503623876234,18.855521922139054],[-98.6152207397083,18.85566445193138],[-98.61540024438187,18.855818827216485],[-98.6155718883618,18.855990506203796],[-98.61572661396093,18.85617630044141],[-98.61585535780488,18.85637301775983],[-98.61594906398162,18.85657746889321],[-98.61599916142019,18.85678873774268],[-98.61600808325124,18.857012042954626],[-98.61598842530313,18.857244182669476],[-98.61595313380404,18.85748106177343],[-98.61591515237505,18.857718578751292],[-98.615887430368,18.857952634937735],[-98.61588290959737,18.858179132404796],[-98.61591453863605,18.858393972458096],[-98.61599559986028,18.858592179964706],[-98.61612512740035,18.858772854661087],[-98.61628751720876,18.858942157380664],[-98.61646682516616,18.859106456904158],[-98.61664710811984,18.859272119388795],[-98.6168124227825,18.85944551469211],[-98.61694682393438,18.859633011796813],[-98.61705020551959,18.85983547058246],[-98.61713855714667,18.860046915314456],[-98.6172159881107,18.860264781177815],[-98.61728657589977,18.860486520741237],[-98.61735439523648,18.860709583782164],[-98.61742351991374,18.860931420046],[-98.61749802569197,18.8611494775002],[-98.61758198919011,18.861361208647793],[-98.61767948425904,18.86156406319935],[-98.6177946681825,18.86175550268461],[-98.61793517884533,18.86193437813327],[-98.61810005685383,18.862100673356842],[-98.61828370064937,18.862254096769462],[-98.61848050958571,18.862394356825448],[-98.6186848819877,18.86252116379328],[-98.61889121814339,18.862634224392515],[-98.61910270675278,18.86273415266344],[-98.6193293995727,18.862820394433463],[-98.61956545136978,18.862889317238494],[-98.61980468141435,18.862937235838086],[-98.62102612385195,18.862735756799182],[-98.62101683462241,18.8610362705398],[-98.62096071879789,18.860807239150926],[-98.62090977305154,18.86058552270655],[-98.62085509977898,18.86036452145003],[-98.6207972249794,18.860144123104966],[-98.62073670383066,18.859924227823708],[-98.62067408467253,18.85970474285129],[-98.62060991984626,18.85948556737258],[-98.6205447625058,18.859266606025813],[-98.62047916399,18.85904775978681],[-98.62041367364314,18.858828933210575],[-98.62034884372571,18.858610028201593],[-98.62028287404978,18.8583910605158],[-98.62020223426335,18.858172704622458],[-98.62011321979658,18.85795484909477],[-98.62002618483143,18.857737200099567],[-98.61995148719778,18.857519467533404],[-98.61989948094673,18.857301357605525],[-98.61988052187527,18.857082580195474],[-98.61989768405225,18.85686341350876],[-98.61994194081122,18.856644243626974],[-98.62000563260959,18.856424914036307],[-98.62008109615064,18.856205268141057],[-98.62016067099393,18.855985151230755],[-98.62023669491357,18.855764405852113],[-98.62030150469263,18.85554287816652],[-98.62034787805949,18.85532020326602],[-98.6203763841393,18.855094913229994],[-98.6203929777477,18.854867701367795],[-98.62040354596354,18.85463972857878],[-98.62041397487641,18.854412155736828],[-98.62043678225962,18.854181237290895],[-98.62046567207574,18.853947155277],[-98.62047755739374,18.85371734490365],[-98.62044935125896,18.853499248615034],[-98.62037043824635,18.853290556094546],[-98.6202579196136,18.853082013298163],[-98.62011722244176,18.8528855622018],[-98.61995325738822,18.852713713692108],[-98.61977071992558,18.852578175969672],[-98.61956938907083,18.852468239463033],[-98.61935198888634,18.852374922533674],[-98.61912344756854,18.852296191205475],[-98.61888869423586,18.85223001245705],[-98.61865265712298,18.852174350560997],[-98.6184202603972,18.85212718059791],[-98.61818667438112,18.852113204727097],[-98.61794743310801,18.85213529493204],[-98.61770708517356,18.85216173590282],[-98.61746998575505,18.85216102626331],[-98.61721313691861,18.85214327703616],[-98.61695768151105,18.85210449918845],[-98.61676041466079,18.852007866951926],[-98.61664921433497,18.85183778069072],[-98.61658055324946,18.85162933398772],[-98.61653586706734,18.851397850603156],[-98.61649799208875,18.85115760257432],[-98.61644976267291,18.850922867288006],[-98.61637628050212,18.850704755333986],[-98.61628273932811,18.85049144447106],[-98.6161665594936,18.85029103457922],[-98.61602121234053,18.850115982504377],[-98.61584151733119,18.849962117251938],[-98.61563894237321,18.849834229944527],[-98.61542545580981,18.849745199369618],[-98.61518874309357,18.849721308906094],[-98.61494719475016,18.849705158444472],[-98.61456993554653,18.849580087665416],[-98.61433189644141,18.84958518862339],[-98.61409341898745,18.849593887364126],[-98.61385482282631,18.84960357381385],[-98.61361642290946,18.8496116359837],[-98.61337853805425,18.84961546016188],[-98.6131414860334,18.84961243714284],[-98.61290558287075,18.849599952249818],[-98.6126675256342,18.849576564612335],[-98.61242621140877,18.849540570382242],[-98.61218964817213,18.849487649620155],[-98.61196595502696,18.849413451430188],[-98.61176466090188,18.849310783131482],[-98.61160203167542,18.84915119829265],[-98.61145988265514,18.848959441684165],[-98.61131182119792,18.84877489657157],[-98.61116143096767,18.848583249563692],[-98.61100405694918,18.848402505690782],[-98.61080659855085,18.848307606733904],[-98.61057506513387,18.848257327867277],[-98.6103279953372,18.848221939733772],[-98.61007623628912,18.84820716000197],[-98.60983063493005,18.848218711842996],[-98.60960203737292,18.84826231214327],[-98.60939380916676,18.84834380649358],[-98.60918486233942,18.848463453775093],[-98.60898257166829,18.84861319969101],[-98.60879795993576,18.84878452783932],[-98.6086420499948,18.848968923672672],[-98.60852586576398,18.849157872690668],[-98.60847186269413,18.849351328222074]]]},"properties":{"CLAVE":"VSa/BQ","DESCRIPCIO":"VEGETACIÓN SECUNDARIA ARBUSTIVA DE BOSQUE DE ENCINO"}},
{"type":"Feature","geometry":{"type":"Polygon","coordinates":[[[-98.47211164763921,18.855737769784877],[-98.46979364648945,18.855768775178863],[-98.46867633007912,18.855964907111034],[-98.4679435961223,18.856293847088025],[-98.46767426904485,18.856707996185314],[-98.46718938447202,18.85946712667573],[-98.46740550611932,18.860115445394285],[-98.4676065933913,18.860342861712784],[-98.46783607885142,18.86047199853086],[-98.4683668821621,18.860954619510647],[-98.46861585915161,18.861331600017042],[-98.46878410313215,18.861830354777574],[-98.46930833452473,18.86357447430217],[-98.46958507923407,18.863877900489644],[-98.470069282362,18.864161509013286],[-98.47042930921343,18.864244262272543],[-98.47291051975412,18.864327823591562],[-98.4760153675447,18.864302418948526],[-98.47611340979684,18.864296850683292],[-98.47758605818672,18.864218602736113],[-98.47956612768608,18.864052121760018],[-98.480340640767,18.863674254787515],[-98.48102741520789,18.862989550991706],[-98.48125815952226,18.862690250978115],[-98.48142989383034,18.862206699403956],[-98.48140852842963,18.859311024867836],[-98.48131002802138,18.858181114156615],[-98.48100483467982,18.857655821101666],[-98.48015512190871,18.8572395514521],[-98.47917490263352,18.85694209039604],[-98.47695266743737,18.856615228014903],[-98.47368498108102,18.856050241500093],[-98.47211164763921,18.855737769784877]]]},"properties":{"CLAVE":"VSa/BQ","DESCRIPCIO":"VEGETACIÓN SECUNDARIA ARBUSTIVA DE BOSQUE DE ENCINO"}},
{"type":"Feature","geometry":{"type":"MultiPolygon","coordinates":[[[[-98.31457359205247,18.85104863295479],[-98.3149000503292,18.851077140104206],[-98.31537134958724,18.851152600161928],[-98.31574833968595,18.85110685028007],[-98.31616221974765,18.8511215498604],[-98.31639219979954,18.85098971999448],[-98.31665141973384,18.85087649017191],[-98.31686976972641,18.85081768041265],[-98.31703530973145,18.850752999836697],[-98.31722551043573,18.85066602036098],[-98.31748671960335,18.850626579539394],[-98.31774631022994,18.850646680214272],[-98.31786041067086,18.850645324146985],[-98.31813447055912,18.848364229180863],[-98.31624238248128,18.84831364693773],[-98.31577535846328,18.84844980006088],[-98.31557350609675,18.84877716087847],[-98.3147452954534,18.850861596863304],[-98.31457359205247,18.85104863295479]]],[[[-98.30986178131,18.848174674297773],[-98.30982332040404,18.84840868959625],[-98.30987254021424,18.84843981990408],[-98.309734739899,18.848626850081644],[-98.30967835009106,18.84863373984572],[-98.30963110967865,18.848787429583258],[-98.30961803044632,18.84891691005332],[-98.30964895041285,18.849023339764358],[-98.30983294991994,18.84947872030614],[-98.30988266017351,18.84944751975154],[-98.3099624600197,18.849373259894662],[-98.31003853959942,18.849481999691346],[-98.31030191991022,18.84946951039587],[-98.31051254036149,18.849442710003775],[-98.31055184974637,18.849432702374337],[-98.31043623584783,18.848834524608048],[-98.30998903255691,18.848232577372812],[-98.30986178131,18.848174674297773]]]]},"properties":{"CLAVE":"VSa/BQ","DESCRIPCIO":"VEGETACIÓN SECUNDARIA ARBUSTIVA DE BOSQUE DE ENCINO"}},
{"type":"Feature","geometry":{"type":"Polygon","coordinates":[[[-98.45675517392534,18.880414164422213],[-98.45795034579817,18.88043001771899],[-98.459088705356,18.88060422470263],[-98.45952366106842,18.880782706647647],[-98.46034369049994,18.881369668370453],[-98.46185901745984,18.88226739743255],[-98.4622275459497,18.882465311667158],[-98.46266413708418,18.88258077371698],[-98.46387761080037,18.882399440052836],[-98.46425209534677,18.882366302537264],[-98.46471768258002,18.882209226993023],[-98.46602786840485,18.880832209307194],[-98.4674961778306,18.879214188673625],[-98.46838026767868,18.878239935599478],[-98.46856300628028,18.877971054583753],[-98.46864672909037,18.877279492382765],[-98.46851395842728,18.8756741641138],[-98.4679732084835,18.875674848755306],[-98.46680656478406,18.87556135578158],[-98.46443921869536,18.87565343805671],[-98.4635140759078,18.87544607990448],[-98.46320506248921,18.875401662797472],[-98.4615513857406,18.87488037583707],[-98.46066786542501,18.87456276515517],[-98.45962076651735,18.8745749357476],[-98.45700373965163,18.87532831407589],[-98.45636467072671,18.876054604906823],[-98.45623599692065,18.87653352325968],[-98.45636947210811,18.87887246695577],[-98.45675517392534,18.880414164422213]]]},"properties":{"CLAVE":"VSa/BQ","DESCRIPCIO":"VEGETACIÓN SECUNDARIA ARBUSTIVA DE BOSQUE DE ENCINO"}},
{"type":"Feature","geometry":{"type":"Polygon","coordinates":[[[-98.40915608168328,18.877959094256557],[-98.40904130835312,18.878785377809503],[-98.40892156145496,18.88038462306158],[-98.40895270823543,18.880683446499688],[-98.40910165090025,18.880947854139436],[-98.40963900514522,18.88125889159059],[-98.41079840859203,18.881622190591912],[-98.41305687208413,18.88167664103957],[-98.41364095732015,18.88169071754775],[-98.41434769447386,18.881484189776458],[-98.41616707245275,18.880447501152606],[-98.41815577277247,18.878893244531877],[-98.41902989573171,18.87824362333351],[-98.4196587305668,18.87803520117717],[-98.42008704844872,18.878045504319847],[-98.42070617467992,18.87820943026779],[-98.42208368709097,18.879174021534276],[-98.42317105107526,18.879311936065672],[-98.42391282099628,18.879255244057536],[-98.42446474585151,18.87900769486353],[-98.42503120980946,18.878201612012123],[-98.42522977923706,18.878057345192786],[-98.42566100566073,18.8779559269433],[-98.42654171810855,18.878001421174744],[-98.4268193642847,18.87658776378345],[-98.42703873348512,18.87432820778701],[-98.42763929167272,18.8728455510041],[-98.42785926658988,18.871404855971438],[-98.42600021645897,18.871431307352044],[-98.42511317261105,18.87134104254065],[-98.42468734498884,18.87107795467091],[-98.424549192555,18.870844764932663],[-98.42436460566988,18.868702547363288],[-98.42440537775559,18.86805989691238],[-98.42419516466045,18.867824978009974],[-98.42348287841915,18.86748604801717],[-98.42322342482808,18.867295918980908],[-98.42305698261255,18.86630349262853],[-98.42289361966841,18.866115672335766],[-98.42176758935871,18.86597367083262],[-98.4201611284292,18.865820103704564],[-98.41969872616757,18.866038847353828],[-98.41938111102844,18.86715755095053],[-98.41935700282596,18.867195698219778],[-98.41745897010007,18.872020280164495],[-98.41689416940456,18.872978361735836],[-98.41688783387215,18.873221128928655],[-98.4173519546693,18.873687778340006],[-98.41766137097012,18.873998875815403],[-98.41768439401265,18.874333447095616],[-98.41754558477257,18.87478558315451],[-98.41694429041232,18.87592498857484],[-98.41608906239178,18.87584366559138],[-98.41429133304405,18.875375248038715],[-98.41375027715105,18.87542294329986],[-98.41342580611186,18.875688410131186],[-98.41335282651531,18.876051035865096],[-98.41367257147157,18.877182262826405],[-98.41372415275032,18.877638988173295],[-98.41371384842388,18.8780334930579],[-98.41348378273429,18.87833160451131],[-98.41316168227588,18.878506034946934],[-98.4128435467084,18.878528732830475],[-98.41040714153165,18.878196697747757],[-98.40915608168328,18.877959094256557]]]},"properties":{"CLAVE":"VSa/BQ","DESCRIPCIO":"VEGETACIÓN SECUNDARIA ARBUSTIVA DE BOSQUE DE ENCINO"}},
{"type":"Feature","geometry":{"type":"Polygon","coordinates":[[[-98.42719438689558,18.88547735478996],[-98.42730887928975,18.886105697391383],[-98.42751350602194,18.886749121305723],[-98.42768570314782,18.88785881079552],[-98.42764121359201,18.888602794059942],[-98.42758410254018,18.888865796328005],[-98.4271892043525,18.889553303290985],[-98.4269763810752,18.890004843172015],[-98.42696607000799,18.890189174272468],[-98.42692938785169,18.89084490750708],[-98.42697274843326,18.891110325064883],[-98.42720768524339,18.891740855026104],[-98.42745330481547,18.891917655204487],[-98.42755309846886,18.89198948834842],[-98.42790038550395,18.892166064983336],[-98.42852148229935,18.892445349091787],[-98.42881541033509,18.89274081390294],[-98.42927143123744,18.893568924397055],[-98.4299758049253,18.896445933111906],[-98.43029049329861,18.896910141801776],[-98.43053856668291,18.897036265366136],[-98.4310685769641,18.8969528362341],[-98.43240289840809,18.896844093020345],[-98.43173988499544,18.894501949704512],[-98.4314106482996,18.89102988724454],[-98.4314991792566,18.890557969084334],[-98.43208503227955,18.890025045976973],[-98.43285196013647,18.88986110726019],[-98.43392470942716,18.889668027994983],[-98.43438486208385,18.889569661063593],[-98.43458487241705,18.889209807444082],[-98.43469326750485,18.88797261535697],[-98.43481800580372,18.887574498315104],[-98.43528288199185,18.887293920403064],[-98.43712440313004,18.886863983541875],[-98.43761887341951,18.88691228502542],[-98.43803050840731,18.88721385148472],[-98.43861000154962,18.88839457436373],[-98.4391293542279,18.888953966724088],[-98.43984681875642,18.889226382045976],[-98.44079955614345,18.88924916956601],[-98.44286313291754,18.889079719272143],[-98.44557739669041,18.88881638991437],[-98.44626053510106,18.888942096431133],[-98.4469399038802,18.889213568069113],[-98.44738024416317,18.889880439304182],[-98.4472902675282,18.891883846498633],[-98.44684730290726,18.895738565980125],[-98.44687881149068,18.895994575812182],[-98.4472867205613,18.896441897211087],[-98.44823762224631,18.896537525358962],[-98.44899890876562,18.896592155556178],[-98.44960963626158,18.896570261013856],[-98.45011922000342,18.8960354355681],[-98.45087022900606,18.893537251218934],[-98.45149413035642,18.89300515301302],[-98.45184371734172,18.892758234912943],[-98.45288964855263,18.89212679838793],[-98.45332015950282,18.891699482567976],[-98.45399487118034,18.88919950665419],[-98.45457780697706,18.887005942520815],[-98.45473448554559,18.884795456428222],[-98.45485337337068,18.88308406729489],[-98.45448689862062,18.88107771074304],[-98.45316125672666,18.879097228047172],[-98.4522354599266,18.876472505801768],[-98.45112206420947,18.874421691260732],[-98.45053151738472,18.873870558396124],[-98.44976187537225,18.873563021481136],[-98.44872786083947,18.873455729143988],[-98.44807919988365,18.873481560675604],[-98.4473809542998,18.87375407450796],[-98.44599235829375,18.875662562986324],[-98.44374491373156,18.879037769754515],[-98.44156194120679,18.88158827482612],[-98.44073197614289,18.88194024292477],[-98.43964402356418,18.882244723761072],[-98.4388236874196,18.882225096156173],[-98.43533289777183,18.88189364831699],[-98.4324314744429,18.881568581388336],[-98.43223499759814,18.88409686078515],[-98.43211093333042,18.885094829780112],[-98.43180534705459,18.885525419276327],[-98.4314400662761,18.88573561785099],[-98.43035965752063,18.885772267326534],[-98.42722707745995,18.885478140091834],[-98.42719438689558,18.88547735478996]]]},"properties":{"CLAVE":"VSa/BQ","DESCRIPCIO":"VEGETACIÓN SECUNDARIA ARBUSTIVA DE BOSQUE DE ENCINO"}},
{"type":"Feature","geometry":{"type":"MultiPolygon","coordinates":[[[[-98.38942442633464,18.79301501793285],[-98.38932801993066,18.793096110013305],[-98.38889922015925,18.79382351015731],[-98.3879801595339,18.795093421605234],[-98.38827494654832,18.79542724268458],[-98.38886411686552,18.795572434070372],[-98.38932341134851,18.795452684188973],[-98.38965283336785,18.79506799448991],[-98.38980334911517,18.79454807254206],[-98.38942442633464,18.79301501793285]]],[[[-98.39061719509783,18.791217136100915],[-98.39057524960334,18.79119074994622],[-98.39020546018371,18.791121260089344],[-98.39007063932442,18.79123000212636],[-98.39061719509783,18.791217136100915]]],[[[-98.40346577093946,18.79275858777544],[-98.40344517961549,18.79266525959301],[-98.40344414027433,18.792159689639128],[-98.40315089027257,18.79130554982232],[-98.40276975037234,18.79106416986303],[-98.40211693016805,18.79131749691493],[-98.40272469292246,18.792330370498913],[-98.40326256807464,18.79269241803671],[-98.40346577093946,18.79275858777544]]],[[[-98.35257403487603,18.89332880972706],[-98.35703091964754,18.894560980315728],[-98.35721574973543,18.8948712202538],[-98.35735409011788,18.895181279711093],[-98.3575384300755,18.895624180053563],[-98.3577454499677,18.89583773992322],[-98.3578395396388,18.895934820002502],[-98.35808263036705,18.896241180277457],[-98.35831881966733,18.896597459744484],[-98.35846449035466,18.896963480193527],[-98.35871742994387,18.897441549833978],[-98.35878889584383,18.897562499670496],[-98.35882950775209,18.897520206215038],[-98.35939536885444,18.89726672508891],[-98.36005042144214,18.89716393699011],[-98.36144342963534,18.89734651579293],[-98.36208825976689,18.897629605055588],[-98.36282307899317,18.8980337011944],[-98.36320620719403,18.8988153372734],[-98.36477766485575,18.901645817485043],[-98.36604502099786,18.90423125855483],[-98.36628866692475,18.904415427858645],[-98.36678459746095,18.904457240451293],[-98.367348112735,18.904292774872616],[-98.367949736677,18.90386190696781],[-98.3682216418427,18.90297743994591],[-98.3683208052645,18.89957364086472],[-98.36818017305228,18.899305555242986],[-98.36780689042678,18.89846440362079],[-98.3670523435792,18.89708446569369],[-98.36682518075553,18.89670072288358],[-98.3660426536151,18.89637905966077],[-98.36454665409707,18.896115606539336],[-98.36352897739468,18.89571254644241],[-98.36260036890614,18.894933462181523],[-98.36183587971591,18.893931471557654],[-98.36115445827409,18.89278023648322],[-98.36046904176601,18.891780174691544],[-98.35946142670275,18.890999152443886],[-98.35828369986234,18.890667787470555],[-98.3566276731379,18.890475979745204],[-98.35520277686415,18.890516725176315],[-98.3544833095499,18.890801652280313],[-98.35284612506369,18.89287940827164],[-98.35257403487603,18.89332880972706]]],[[[-98.33715583600029,18.88287424755374],[-98.3372937204641,18.88287278003787],[-98.33762251045873,18.882834890180558],[-98.33801275019015,18.882836279598823],[-98.33844399983816,18.882857349600318],[-98.33873499981588,18.882897480192668],[-98.33944982037245,18.883017200204726],[-98.33981702016787,18.883134620385913],[-98.33977063040452,18.88386279998908],[-98.33938800031189,18.883887430013953],[-98.33899107968398,18.884074419594203],[-98.33822989012879,18.884542710379804],[-98.3378978904035,18.88501251011211],[-98.33763240037614,18.885356950397096],[-98.33723424991878,18.88585791954772],[-98.33693537973612,18.88629644968629],[-98.33673531043229,18.8867981201835],[-98.33666679955176,18.887425860062486],[-98.33669622968547,18.888336539767476],[-98.33679281989063,18.88896488037519],[-98.34367819182727,18.890869081291044],[-98.34124731495918,18.88881280724435],[-98.34095126168478,18.888049156410737],[-98.3413887762758,18.88647153999031],[-98.34528761069252,18.882634264777504],[-98.34644048194002,18.880922963741327],[-98.34647264989275,18.87971359777713],[-98.3456534476615,18.877802624271748],[-98.34260246231057,18.873567835527762],[-98.34199631149176,18.872569712186422],[-98.34203053014612,18.87128480629828],[-98.3423647962404,18.870612334422155],[-98.34382771775421,18.869135648637485],[-98.3480323010718,18.865168249509793],[-98.34729346609775,18.86442638076796],[-98.34436618029137,18.861774337967994],[-98.3436477198076,18.86060995265184],[-98.34367631888263,18.8595356029812],[-98.34401403169767,18.85811049051395],[-98.34539643615251,18.856854394259496],[-98.34608191575256,18.85644120766289],[-98.34968632876723,18.856171318234022],[-98.35051776962662,18.855905034250544],[-98.35128382936136,18.855278790606537],[-98.35214379548701,18.853938166436986],[-98.35439950137811,18.84852081463277],[-98.35462514982675,18.84797886951751],[-98.35677872508104,18.845146239468864],[-98.35703220833862,18.844812820296546],[-98.35742564180993,18.844105789830753],[-98.35745983485165,18.842816642440955],[-98.35703141605913,18.842017837203844],[-98.35659539810683,18.84150550584022],[-98.35609210294069,18.840704869448764],[-98.3559632358516,18.839913401373238],[-98.35606662625422,18.83884096366703],[-98.35778816063741,18.83608820897486],[-98.35795881785582,18.83530408744203],[-98.35798730873815,18.83422983478004],[-98.35764139136829,18.833146427680088],[-98.35729738074737,18.83199140361933],[-98.35724529496295,18.83113018001291],[-98.35722360634517,18.82912311706336],[-98.35732128305628,18.82826556834022],[-98.35734597851844,18.827334576499243],[-98.35641169602557,18.82530347311167],[-98.35383650683369,18.82633171718103],[-98.35289623189384,18.826420808744846],[-98.35149028363541,18.826386345727244],[-98.35079922422203,18.825920886188346],[-98.34803799822471,18.823946972282226],[-98.34699249894906,18.823584921544203],[-98.34512688866957,18.82320273476751],[-98.34300309826915,18.823711199472154],[-98.33993902040515,18.824308643115522],[-98.33829877876828,18.82426829358571],[-98.33725031398335,18.824018231321038],[-98.33632797705567,18.823434887289277],[-98.33610561632035,18.822980901900237],[-98.3347925587453,18.821248486558176],[-98.33477422964141,18.821347969871407],[-98.33461397023883,18.82161410971015],[-98.33427347961673,18.821759570142564],[-98.33406827985789,18.821890019802776],[-98.33397982981529,18.82209102974443],[-98.33392034024256,18.82244282970682],[-98.33399370980194,18.822850720174927],[-98.3340784804739,18.823229909761288],[-98.33399788007041,18.823483649995236],[-98.33399655013835,18.823729280276012],[-98.33389068008925,18.82394300015518],[-98.33390388047164,18.824040179648577],[-98.33413011047922,18.82416025975127],[-98.33415442005855,18.82432703006097],[-98.33409217038658,18.82448597041256],[-98.33395539963857,18.824673150182107],[-98.33386517034208,18.824892179604554],[-98.33391799959018,18.825083999851685],[-98.33409756963685,18.825409880324575],[-98.33412928994797,18.82557234024299],[-98.33405190995279,18.825728690065894],[-98.3338485202068,18.825869320254174],[-98.33382398036325,18.826039620071768],[-98.33388265957281,18.826332199849897],[-98.3337860198051,18.826462779883578],[-98.33372116999922,18.826707909728363],[-98.33380731009112,18.826955970425676],[-98.33377082979173,18.827327180148387],[-98.33361390997317,18.827495539594718],[-98.33350843035906,18.82772001983416],[-98.33354123012067,18.82797937975735],[-98.33317852027949,18.82832622984965],[-98.33312700026825,18.82828651983444],[-98.33312330991548,18.82925329019349],[-98.33285174003161,18.830504290113996],[-98.33311984990851,18.831866879835186],[-98.33308434030387,18.832235969992112],[-98.33339278021812,18.835009720450095],[-98.3333159798557,18.83505292028154],[-98.33300917045581,18.83527884985195],[-98.33273354974034,18.835370450320678],[-98.33230811041568,18.83554267978385],[-98.33186810985819,18.83570754004841],[-98.33141868013452,18.835782249762342],[-98.3312385398794,18.83581845989368],[-98.33103832020227,18.836010880439286],[-98.33075368011012,18.836237339620446],[-98.33065641957123,18.836358970165076],[-98.33037223028442,18.83682492021646],[-98.32983430980518,18.83707500012241],[-98.32948261998885,18.837491150223173],[-98.32915429031851,18.837380349918007],[-98.32850949041574,18.837650260421253],[-98.32786158014507,18.838684780359955],[-98.32899929037872,18.839456090408397],[-98.3270147698596,18.840827579725794],[-98.32644857024088,18.840241549875767],[-98.32612082026776,18.8400254503543],[-98.32577271964797,18.839750649649783],[-98.32568405011071,18.839586170446424],[-98.32546731020973,18.83940415008196],[-98.32525797964873,18.839267150293754],[-98.32510188996613,18.839150819670312],[-98.32489564998478,18.83906762028863],[-98.32435587988677,18.838787120061614],[-98.32416193967067,18.8385857100155],[-98.32390270954737,18.83847670966806],[-98.32370826036433,18.838398800269363],[-98.32317337995205,18.83822702990412],[-98.32296271986776,18.838149079675905],[-98.32271976990098,18.83802468015243],[-98.32250898040449,18.837977580075304],[-98.32224987996987,18.83783768991322],[-98.321860940172,18.83769731976241],[-98.32161537023723,18.837637290195076],[-98.32142985970503,18.83755510958732],[-98.32117533977843,18.83761100035105],[-98.32090595043317,18.837612199757633],[-98.32070537998709,18.837483059694453],[-98.32054016959405,18.837556679685264],[-98.31795028954426,18.840346879589895],[-98.3165196003023,18.841891660021933],[-98.31637045044513,18.84204740044901],[-98.31620053998503,18.842223349993617],[-98.31616006026856,18.8424555998971],[-98.3160411101219,18.842637109601934],[-98.3159266799476,18.84265057969916],[-98.31576728039079,18.842641249875886],[-98.31558041984815,18.84264064974617],[-98.31541188956719,18.842663150331557],[-98.3152743998717,18.842720649752682],[-98.31508514969245,18.842769249624872],[-98.31488833985536,18.84280245998852],[-98.31467665022029,18.842793489633987],[-98.31438477038694,18.84279394975635],[-98.31423477987802,18.842831980266975],[-98.3140531200959,18.84289599972104],[-98.3138399096508,18.842944019770467],[-98.31370898038816,18.842906579960548],[-98.31355212028308,18.842843249921696],[-98.31342313963796,18.84279551034489],[-98.3133042004547,18.84272890967109],[-98.31314549043768,18.842662170289266],[-98.31297694040559,18.842576479712026],[-98.31279838031178,18.842500219985595],[-98.3126773698575,18.84243563031386],[-98.31251842958694,18.842358879769932],[-98.31240019963809,18.842295139551595],[-98.31230224953192,18.84222047994132],[-98.31215380032174,18.842091339666545],[-98.31194301981574,18.841914780107214],[-98.31182174037427,18.841723460003642],[-98.31159962000443,18.841402290355568],[-98.31148788042596,18.841216450242335],[-98.31128800032978,18.841111659888423],[-98.31104112005518,18.84102154987913],[-98.31094265041295,18.840929110352775],[-98.31085831976847,18.840779950417687],[-98.31071823048212,18.840666479688927],[-98.3105643800715,18.840609659617083],[-98.31042064996636,18.840473489568343],[-98.31030438031769,18.84050096976274],[-98.3101250203893,18.840504150195034],[-98.30993717964357,18.840378280352937],[-98.30972525995467,18.840157569795668],[-98.30953786044888,18.840205600148742],[-98.30933191011974,18.840195770245746],[-98.3088382203431,18.840040140283815],[-98.30879448988816,18.840215149999803],[-98.30871443035758,18.840358149811138],[-98.30859711019055,18.84047002971722],[-98.30827186038003,18.84052245008327],[-98.30807531975918,18.84051160022874],[-98.30787894021043,18.840494689747725],[-98.30768312038599,18.840482970407674],[-98.30761959541958,18.840535007302567],[-98.3074866495424,18.84064391036365],[-98.30757205019694,18.840828000032484],[-98.30768151017162,18.841205509846507],[-98.30772828011482,18.841401779996513],[-98.30780643025025,18.841673600222396],[-98.30786898029267,18.84188501964954],[-98.30782061990239,18.842080940136498],[-98.30783517007559,18.84239774975784],[-98.30792968968312,18.842548950236914],[-98.307973696551,18.842697645330933],[-98.30820798942449,18.84270345781707],[-98.3088644178256,18.842719741094594],[-98.30983387974081,18.843309162571703],[-98.31046248763036,18.844361284106306],[-98.31080919389403,18.844903851419396],[-98.3112585855645,18.84529191502963],[-98.31181571587805,18.845337133479465],[-98.31257399162818,18.845230284744023],[-98.31350901188063,18.844656654330006],[-98.3140392147777,18.844481327667136],[-98.3147284732046,18.84449839868062],[-98.31606911435775,18.84472005216786],[-98.31842339572123,18.845146206944154],[-98.3190607788588,18.845139955038118],[-98.32099610244684,18.844844873594678],[-98.32379855608566,18.84397104829698],[-98.32606688934534,18.842955388178076],[-98.32715109430556,18.842639214654874],[-98.32830541274063,18.84305350304039],[-98.32940120825226,18.843980744833132],[-98.33001114960872,18.844638794996516],[-98.33025473329013,18.8455878853217],[-98.33005838650021,18.84622605539521],[-98.32823353243033,18.84909605274876],[-98.32747743358559,18.85154844557216],[-98.32756989007629,18.851632139950386],[-98.32775189042728,18.85212024970808],[-98.32795728012469,18.852427570449798],[-98.32829151028491,18.852612199597573],[-98.3287636939311,18.852742370602467],[-98.32911509591204,18.852807325201823],[-98.32959882045763,18.852843150418728],[-98.33038346003268,18.852913860391862],[-98.33023786767129,18.853043283566713],[-98.3314297945194,18.85330587364794],[-98.33175156242369,18.85181810056755],[-98.33293004991938,18.849363646462265],[-98.33399081913466,18.848538304144046],[-98.33647548504256,18.84718036254081],[-98.3374601799499,18.84642408467379],[-98.33983994824084,18.84343155251605],[-98.34079201982664,18.841113461600106],[-98.34223234459463,18.837175455063903],[-98.34321882746958,18.8363482619093],[-98.3442700025621,18.835877415590314],[-98.34583448675217,18.835632028855535],[-98.34991217893659,18.83573209990559],[-98.35020685308376,18.835810280289557],[-98.35130576575868,18.83633389638064],[-98.35203209907426,18.836919326136446],[-98.35237643405122,18.837921113729774],[-98.35247763406558,18.839697434297882],[-98.35246068405458,18.84033560477035],[-98.35221942509128,18.841039231147764],[-98.35153895556468,18.84151923367306],[-98.34994426046737,18.842899219503348],[-98.34956223593494,18.843315579885527],[-98.34925246705629,18.843804665935],[-98.349077786037,18.844793753574805],[-98.34889242454793,18.848975604260737],[-98.34864924535945,18.849750159654686],[-98.34765893203964,18.850719254069926],[-98.34676349694394,18.85091014469974],[-98.34512092308003,18.851295557200093],[-98.3439803902647,18.852331902360046],[-98.34350906728837,18.85331372916559],[-98.34187827938872,18.85604101697749],[-98.34141605523237,18.85659427015745],[-98.34080702929077,18.857127813972312],[-98.34044125927004,18.857301658192828],[-98.34001667079262,18.857291216902848],[-98.33951203225948,18.85709596721707],[-98.33753974339194,18.856173875594102],[-98.33663717171312,18.855765667379067],[-98.33603681656581,18.85547830558911],[-98.33539413914939,18.855396406653316],[-98.33508495154223,18.85576321641162],[-98.3345677419494,18.85689300655463],[-98.33452419938818,18.85693256468964],[-98.33297931672222,18.857589948842975],[-98.33279778036689,18.85776844978575],[-98.33250017964353,18.858239150246852],[-98.33251835021787,18.858357540281855],[-98.33217977023739,18.858854230123534],[-98.3320491402994,18.85908761990143],[-98.33189902008507,18.859334150077956],[-98.33174704957376,18.85949888018876],[-98.3316414504356,18.859647200192676],[-98.33154074968651,18.85981891004869],[-98.33149765023543,18.85999982986055],[-98.33149254954516,18.860370170346446],[-98.33151452009889,18.860798309903117],[-98.33152017987308,18.86112142970121],[-98.331549880026,18.861440579583007],[-98.33157738021805,18.861805950113244],[-98.3316312731037,18.861892617664964],[-98.3325829343822,18.86231068711432],[-98.33329548622035,18.863892840465066],[-98.33427581160475,18.864879819746484],[-98.33678818803625,18.865062015678483],[-98.33853778809166,18.864320735982357],[-98.33824003668454,18.86572419226804],[-98.3374316888263,18.866959194441844],[-98.33663853221132,18.867624163065962],[-98.33586209208923,18.867662087068474],[-98.33331563922874,18.86697191733121],[-98.33219068608088,18.86665899339637],[-98.3313521312784,18.866691727514116],[-98.3313357796962,18.866749940394428],[-98.3312837095827,18.867227199790968],[-98.3312317998405,18.867656709921373],[-98.33115509002859,18.86801451037653],[-98.33039785017232,18.867696549718758],[-98.33026964064013,18.86783616352238],[-98.3299852237495,18.868424216202314],[-98.33001173956693,18.86890489025801],[-98.33003503033656,18.87036396999733],[-98.32997791038777,18.871233890069018],[-98.33018545979742,18.87190031030217],[-98.33067091030478,18.872419170160065],[-98.3300942964552,18.87271632426358],[-98.33052687504936,18.87312069925733],[-98.33123459951481,18.873423360257977],[-98.33206611646722,18.873557940786576],[-98.33253692180948,18.873797712967765],[-98.33276928055204,18.87403160974777],[-98.33299707442467,18.87443651683116],[-98.33412389815713,18.876917117824913],[-98.33677184439705,18.880519010105385],[-98.33720619830065,18.882126930471355],[-98.33718795663522,18.88281101220594],[-98.33715583600029,18.88287424755374]]]]},"properties":{"CLAVE":"VSa/BQ","DESCRIPCIO":"VEGETACIÓN SECUNDARIA ARBUSTIVA DE BOSQUE DE ENCINO"}},
{"type":"Feature","geometry":{"type":"Polygon","coordinates":[[[-98.55126875920689,18.929765252892167],[-98.55263565204764,18.93083338163017],[-98.55468226935601,18.932684464958033],[-98.55597844423521,18.93415014070702],[-98.55652004674134,18.93505599236991],[-98.55652814555776,18.93506953791926],[-98.55668307652576,18.935264122894743],[-98.55666254900635,18.936083118704765],[-98.55664975841347,18.936594158230683],[-98.5566489636417,18.936625878847135],[-98.55664717396384,18.93669736387562],[-98.55652521358986,18.93816330984589],[-98.55745190720954,18.938544283788413],[-98.55909329315271,18.940278301893006],[-98.55934373955435,18.940923387362634],[-98.55968164952213,18.94092209830855],[-98.56106579261798,18.940281234140436],[-98.56226923470946,18.939351230943085],[-98.5633610389614,18.93946517121211],[-98.56390217857493,18.9398092550642],[-98.5648167961496,18.940733568014906],[-98.56554887803709,18.93905292941815],[-98.56567996059852,18.938141185803165],[-98.56576442236133,18.93708345317847],[-98.56583742560609,18.93665427454299],[-98.56584287367933,18.936622247864744],[-98.56585125192534,18.93657299478799],[-98.56593724513638,18.93563139322801],[-98.56631453979625,18.935070091520732],[-98.56631569953389,18.935056457696053],[-98.56631727039142,18.93503798485602],[-98.56610329202276,18.933770340846397],[-98.56578988940208,18.93279406097557],[-98.56561600584534,18.93237893757847],[-98.56523240390413,18.93175342173158],[-98.56475231162929,18.931301866042276],[-98.56388348920578,18.930430230335034],[-98.56380169544002,18.93001723393001],[-98.56384341390832,18.929577725997355],[-98.56413306282569,18.927822534319453],[-98.56435894090538,18.927387280122968],[-98.56528431971967,18.9259991484387],[-98.56616282956354,18.925255947347253],[-98.56635212875827,18.925054764964422],[-98.56645008439496,18.924822112139644],[-98.56655758473283,18.92420794400335],[-98.56649129787655,18.9222086813145],[-98.56662382163302,18.92117330422489],[-98.56718468904252,18.919721707868867],[-98.56757217460566,18.919329403858335],[-98.56784979333673,18.91913518574627],[-98.56827169173334,18.919044603708276],[-98.56991934252764,18.91860109857143],[-98.57140081104734,18.918353290196094],[-98.5713874091999,18.918214885884314],[-98.5714162223819,18.91706192712902],[-98.57161523434341,18.9159953041397],[-98.56990770386916,18.91590946882194],[-98.56870163111552,18.915980370613298],[-98.5664336215926,18.915862265140902],[-98.56602095706944,18.915852744531545],[-98.56563856471065,18.916008426920243],[-98.56525041058804,18.916394280236265],[-98.56501773532878,18.91744174129262],[-98.56490880243689,18.917669533312623],[-98.56455667878393,18.917990417183265],[-98.5632801585608,18.91812545281474],[-98.56272251782947,18.918408685030574],[-98.56247273018113,18.918764828092133],[-98.56230118011143,18.921491680846632],[-98.56218812309353,18.92188388814966],[-98.56169429898155,18.922366006398473],[-98.56110307102144,18.92261555889496],[-98.56068956245593,18.922638905933514],[-98.56007465870574,18.922460187521942],[-98.55963418023872,18.922186793084514],[-98.55798535366425,18.920701002477873],[-98.55527461536505,18.919026123182448],[-98.55472685922521,18.918914743047445],[-98.55438296434735,18.918906781314448],[-98.55382778075003,18.91909133450158],[-98.55354688082522,18.91931513972722],[-98.55300956273061,18.920158130793524],[-98.55300130249368,18.92048695263533],[-98.5531985532824,18.920853437800165],[-98.5533311566931,18.92105391765796],[-98.55568893115039,18.92308259831548],[-98.55608758508794,18.92365115228851],[-98.55631016367818,18.92438014414748],[-98.55625926724625,18.92503700675551],[-98.55590297731001,18.925522291828724],[-98.55569250322243,18.92568193199084],[-98.55513894354522,18.925800728519828],[-98.55411794460414,18.925349365972494],[-98.55303147574926,18.92476487480522],[-98.55265482812554,18.92469034763426],[-98.55217005080884,18.924810725753744],[-98.55192105272614,18.925133978240567],[-98.55194139475573,18.925693784867423],[-98.5520698694941,18.926058683668526],[-98.55251664576876,18.927450927237473],[-98.55257055910572,18.928044419351497],[-98.55245912351037,18.928370860354352],[-98.552346031331,18.928763072732277],[-98.55167605877348,18.929405600747575],[-98.5513238763094,18.929726469412458],[-98.55126875920689,18.929765252892167]]]},"properties":{"CLAVE":"VSa/BQ","DESCRIPCIO":"VEGETACIÓN SECUNDARIA ARBUSTIVA DE BOSQUE DE ENCINO"}},
{"type":"Feature","geometry":{"type":"Polygon","coordinates":[[[-98.4891500364242,18.963052165349172],[-98.49259573815611,18.96480796937568],[-98.4940765630368,18.966585185678134],[-98.49435421202985,18.96712025428298],[-98.49502383583871,18.965778492356417],[-98.49463827958165,18.965098494427096],[-98.494662895869,18.96414045069269],[-98.4950265174734,18.96175237386321],[-98.49693478453202,18.961988463554167],[-98.4974702308652,18.960754713619497],[-98.49690789067603,18.9591120063768],[-98.4980277999979,18.9586587302149],[-98.49867374848354,18.957044106203867],[-98.49671651745606,18.95479383062156],[-98.49583984450709,18.953623124777415],[-98.4950737186486,18.95207154614971],[-98.49276530868744,18.95173026106638],[-98.49077375425348,18.950821158466614],[-98.48986018698207,18.95108746253691],[-98.48981828579925,18.95271610834354],[-98.49191793999492,18.95334016049381],[-98.49267664859515,18.9551791664734],[-98.49226157652858,18.955648808722156],[-98.49122511581363,18.95677500869327],[-98.49069702149365,18.95772131959244],[-98.49135011843285,18.95974960586412],[-98.49039706003508,18.96154877643849],[-98.4891500364242,18.963052165349172]]]},"properties":{"CLAVE":"VSa/BQ","DESCRIPCIO":"VEGETACIÓN SECUNDARIA ARBUSTIVA DE BOSQUE DE ENCINO"}},
{"type":"Feature","geometry":{"type":"Polygon","coordinates":[[[-98.51256937625377,18.95730866819287],[-98.51377954923133,18.957709493338474],[-98.51505019307065,18.95811258845785],[-98.51493557872824,18.959385717300155],[-98.51518699484097,18.961061668830613],[-98.51688004464455,18.961229866644082],[-98.51899516888017,18.961340208979806],[-98.52038734502958,18.961453053131354],[-98.52165567829216,18.961449773337492],[-98.52358968614531,18.96155955823765],[-98.52486119832874,18.962307607764235],[-98.5249884182422,18.963522432816625],[-98.52469093286676,18.964506633235878],[-98.52270022585259,18.96514839331125],[-98.52143223435506,18.965035747079714],[-98.52016365947979,18.96515479435558],[-98.51883414549874,18.96550509417633],[-98.5179328564188,18.966549401495346],[-98.5181829770203,18.96799380000369],[-98.51976428157337,18.970072871272887],[-98.5203701792285,18.97059215897587],[-98.52169709935521,18.969950827229358],[-98.52338612792612,18.969195079591067],[-98.52531502869421,18.96855356213016],[-98.52713020092311,18.96895372866986],[-98.52858601251106,18.97022205516433],[-98.52919135671647,18.970278270986217],[-98.5304586895903,18.969927849809945],[-98.5313620104011,18.969287362859937],[-98.53220904818359,18.96957616256415],[-98.53249984496514,18.96714552489307],[-98.5334016456032,18.96656472484001],[-98.53406010896315,18.965231396604494],[-98.53502613320735,18.9649393398976],[-98.5355685580002,18.964649929692293],[-98.53635020650053,18.96372162293565],[-98.5358586669139,18.962507718267087],[-98.53646195120072,18.96216000027519],[-98.53711830942883,18.961977900865737],[-98.53701649350232,18.96176166085365],[-98.53636478855486,18.959401887037224],[-98.53423002340872,18.95766626055539],[-98.5335766103994,18.955777994929168],[-98.53127391177277,18.954984334498153],[-98.53061781679521,18.95466928488889],[-98.530456229952,18.95388342882615],[-98.53144320930349,18.953413865583478],[-98.53259433414134,18.952944710027577],[-98.53390992828608,18.952948058335082],[-98.53637322967738,18.95436937588896],[-98.53867405333001,18.954847236403822],[-98.53916831168272,18.955164174351637],[-98.54015426078482,18.954538110169132],[-98.54048362292001,18.95391042967764],[-98.54081450969176,18.95312352481914],[-98.54104771727413,18.952829193592496],[-98.54058412254363,18.952718878421763],[-98.54015468401006,18.951505338670895],[-98.54044705389796,18.94976994904601],[-98.5408627853868,18.94843842759022],[-98.54079701285093,18.947339722258935],[-98.53958494580509,18.946417423572836],[-98.53855217096913,18.94526381762088],[-98.53830531614611,18.944279782333137],[-98.53905422660053,18.94341041063525],[-98.54023465048418,18.943406660431428],[-98.54041935728692,18.943926828336163],[-98.5410261140909,18.944505154563437],[-98.54205013594782,18.943981226484787],[-98.54210813316435,18.94317093957736],[-98.54186398276552,18.942362109052933],[-98.54230386290656,18.941782600800995],[-98.54348921739519,18.941606476924882],[-98.54368871893637,18.941688479406434],[-98.54416180072526,18.940711336373877],[-98.54438694852696,18.9396281019582],[-98.54322249648946,18.938836708627093],[-98.54262965443336,18.938719422366127],[-98.54151879358699,18.938487315507885],[-98.54100728082857,18.93796284025265],[-98.54017048889561,18.936714598564794],[-98.5401726073325,18.93657354320601],[-98.54017307503221,18.936542410150906],[-98.54018894229472,18.935486107083875],[-98.54030950323727,18.935067197844663],[-98.54030544732076,18.935053805800322],[-98.54027420790504,18.93495064709708],[-98.54017291080555,18.93443872363621],[-98.54001661663878,18.93308837826351],[-98.53904695176273,18.93317995797267],[-98.53869259914988,18.933091495503398],[-98.53831930515545,18.93292237258279],[-98.53666298809202,18.932061580613716],[-98.53439673875695,18.93126678911703],[-98.5337719002166,18.931091797962996],[-98.53314503682259,18.930996976542104],[-98.53192766836355,18.93102878100922],[-98.53051200338797,18.931436997575055],[-98.52936986299102,18.9318114707603],[-98.52852931428389,18.931872089222768],[-98.52823532294767,18.93188528553346],[-98.52789332407065,18.93213802418228],[-98.52786221665764,18.932538402088984],[-98.52789400193211,18.93294024570331],[-98.5285496164062,18.93355719623034],[-98.52883701907429,18.933804561773915],[-98.52903141811059,18.934041552314103],[-98.529154471334,18.934524826702297],[-98.52918222686992,18.93505128553458],[-98.52918292836753,18.935064568938834],[-98.52902820029243,18.935646192366427],[-98.52880488289239,18.93584594350381],[-98.5283589756331,18.936347821152427],[-98.5276852041518,18.936435202415275],[-98.52697083265497,18.93642019214709],[-98.52670702192677,18.93621042801347],[-98.52613863482321,18.935686055932873],[-98.52596984354058,18.935063654740375],[-98.52596965267351,18.935050403012664],[-98.52596115931611,18.934461198609966],[-98.52588218187222,18.93387655579941],[-98.52563068703954,18.933624116977136],[-98.52485862253505,18.933561260199248],[-98.52379631640588,18.93385026718686],[-98.52344486140458,18.933842058403705],[-98.52227845391393,18.933613069304393],[-98.52095428761199,18.93313381571293],[-98.51949352222273,18.93249444945255],[-98.51898147066952,18.93234798256312],[-98.51844201131783,18.932357779546255],[-98.51792314041866,18.932480132537382],[-98.5177294469826,18.93272216807363],[-98.51743350475762,18.93329804278885],[-98.51710970405698,18.93497162133579],[-98.51710824798724,18.93504760911677],[-98.51710799572159,18.93506077364522],[-98.51717927675391,18.93557577190501],[-98.51725886125877,18.936397259494072],[-98.51725669107269,18.936467442315355],[-98.51725575460306,18.936497717714385],[-98.51723986606075,18.937011501001106],[-98.51689642985596,18.937822973551],[-98.51612462237466,18.938726802471965],[-98.51546479455939,18.939428384834528],[-98.51543913911094,18.940349757053067],[-98.51551919626098,18.941171264353855],[-98.51580214125342,18.94199777971251],[-98.51660380356716,18.94263207584748],[-98.5170651666921,18.943400474842285],[-98.51648899559754,18.94445638823021],[-98.5168577894503,18.946539052423145],[-98.51763018952012,18.948388477868868],[-98.51794170916611,18.94931294726663],[-98.51732344048665,18.950355283159322],[-98.5160850970646,18.950994277588702],[-98.51467509060218,18.95070918153107],[-98.51350481403135,18.950653879798324],[-98.51212704546715,18.950715931859794],[-98.51246128987661,18.95117759642353],[-98.51304086272667,18.952506673303187],[-98.51248182397177,18.95349252326447],[-98.51231940714484,18.95470624565664],[-98.51230045969741,18.955573570098363],[-98.51256937625377,18.95730866819287]]]},"properties":{"CLAVE":"VSa/BQ","DESCRIPCIO":"VEGETACIÓN SECUNDARIA ARBUSTIVA DE BOSQUE DE ENCINO"}},
{"type":"Feature","geometry":{"type":"Polygon","coordinates":[[[-98.47585647444659,18.9951721946313],[-98.47588400257531,18.99482981085902],[-98.47521420485046,18.993615319714582],[-98.47382058647547,18.99298214294336],[-98.4717013065269,18.992235615827326],[-98.470309096409,18.991833976218754],[-98.46867544529438,18.99137767235841],[-98.46788656085442,18.990741726587608],[-98.46606585975603,18.98947373087291],[-98.46781858885454,18.98906365383735],[-98.46920559063093,18.98871371420278],[-98.4704739924529,18.98853843644066],[-98.47162054028884,18.98789947818729],[-98.47125206765125,18.986627296269365],[-98.47009893831314,18.985992409438],[-98.46882674791473,18.985359809128667],[-98.46924717255352,18.98472299071721],[-98.47063840344522,18.984777601087316],[-98.47220912870625,18.984600379986528],[-98.47305142954426,18.983844988890247],[-98.47401410890332,18.983323401154035],[-98.47462547895005,18.984303801729283],[-98.47577816223895,18.98476343075778],[-98.47625711119687,18.983779839270095],[-98.47607187451817,18.983087138787887],[-98.47582288736274,18.981987338205105],[-98.47533245563285,18.980832904493617],[-98.47466206345787,18.979734510765844],[-98.47381003437091,18.977886065640824],[-98.47374363639383,18.976614842897675],[-98.47463858337673,18.97487605841348],[-98.47615274170936,18.974872091124386],[-98.47627574629229,18.975970580322045],[-98.47682327087728,18.975970457789927],[-98.47748458545946,18.97550487202718],[-98.47778444802785,18.9749266360872],[-98.47813758060774,18.97382690238296],[-98.47946488550156,18.972607439754018],[-98.48073181804378,18.972488365180126],[-98.48109901387467,18.973529475100293],[-98.48134957349967,18.974860211781277],[-98.48219800593016,18.97491496535517],[-98.48255400278296,18.97369924745056],[-98.48327529615167,18.973696950462344],[-98.48364384533343,18.97439053341558],[-98.48455222865802,18.974329509432657],[-98.48508626955791,18.97323005263589],[-98.4853266037376,18.972652107055758],[-98.48544700604936,18.972014447143575],[-98.48598297633316,18.9710288078265],[-98.48664119506284,18.969523307041158],[-98.48524657732762,18.968254900269265],[-98.48451521899594,18.967505557000347],[-98.4837230312242,18.966522696041917],[-98.48329710932755,18.96536816747625],[-98.48383768137745,18.964498132049446],[-98.48486261795746,18.964149766753554],[-98.48589037041252,18.963973246537847],[-98.48619036919582,18.96339274332608],[-98.48599915117312,18.962180070226786],[-98.48587854948042,18.96157371488678],[-98.48575433097929,18.96096507904947],[-98.4856216498409,18.959057918016008],[-98.48506214870702,18.956861350952273],[-98.48438704937078,18.954952535982855],[-98.48407113483367,18.95298798064752],[-98.48429617524533,18.951020722077796],[-98.48465503766843,18.950383853746605],[-98.4848281077016,18.949515104352404],[-98.48481623891112,18.947721859967153],[-98.48390594913025,18.94702927248878],[-98.48269860412974,18.946744189079986],[-98.48209686841348,18.946976014915446],[-98.48119459903307,18.947499914685952],[-98.4808802854289,18.945649026163423],[-98.4806343303607,18.944899231038864],[-98.47972562517764,18.94385916732809],[-98.478935404777,18.94305098649035],[-98.47850978971479,18.94247315839096],[-98.47868888401165,18.94183814046287],[-98.47952584678131,18.940794262787136],[-98.48048478893014,18.93923078530572],[-98.48156820064054,18.938648588627533],[-98.48182816522646,18.93819153985715],[-98.4816070176689,18.937401404372373],[-98.48161995842308,18.936889541663927],[-98.48176870682703,18.936373343360522],[-98.48177701851897,18.936344500999628],[-98.48185449806951,18.936075623145232],[-98.48262110220094,18.9353767304532],[-98.48267130314242,18.935055383647494],[-98.48267405120995,18.93504245397733],[-98.48268688803945,18.934982060560557],[-98.4830581893189,18.93299905753853],[-98.48312334036738,18.93254095926759],[-98.48345671255913,18.932038128738675],[-98.48389815461283,18.93148678026112],[-98.48520154995119,18.930649365833787],[-98.4854749940856,18.93040047039916],[-98.48554013666293,18.929942375331972],[-98.48565735439412,18.929536582328943],[-98.48566649974009,18.929179308131964],[-98.48522396538644,18.927687824706894],[-98.4847034328509,18.925070975597635],[-98.48466443034593,18.92450829305573],[-98.48457335695569,18.923893310949925],[-98.48394325935618,18.923469871981005],[-98.48330793770455,18.923250585367242],[-98.48282490893862,18.923341308901385],[-98.4825996216337,18.923795607277693],[-98.48265799387673,18.925686554559512],[-98.48254338664228,18.925990262820214],[-98.48232594065368,18.926138332667144],[-98.48173744879672,18.926175490496462],[-98.48018811010277,18.926189927527197],[-98.4768251481345,18.926110355888618],[-98.4762952717391,18.9259446015745],[-98.47576802246246,18.92567676889755],[-98.47545822486767,18.925260876724074],[-98.47515498009821,18.92458979280639],[-98.47498995251922,18.922696324107154],[-98.47500043693276,18.922288021022354],[-98.4754913297919,18.92189109689237],[-98.47619704457425,18.921448188540705],[-98.47641579614083,18.921249092101544],[-98.47669448068874,18.920796071723657],[-98.4767393684735,18.920605875721566],[-98.47687426213757,18.920034300635596],[-98.47689653008318,18.9191666647254],[-98.47648653714249,18.918493070681723],[-98.47553622628271,18.91806202351658],[-98.47441530423316,18.918035475413294],[-98.47421880518107,18.91801369115779],[-98.47382946556475,18.91797052902938],[-98.47330487063046,18.917600624755828],[-98.47304585248953,18.91728807578928],[-98.47219090806209,18.915225102747772],[-98.47180234168226,18.91164119131139],[-98.47204338160708,18.910574504314056],[-98.472325993428,18.909968404462802],[-98.47316200734042,18.908609425408276],[-98.47362046166512,18.907394703299246],[-98.47363881614723,18.906680213894003],[-98.47338506234895,18.906163544333474],[-98.47291126420322,18.905896987550513],[-98.47216666758365,18.905777208308447],[-98.46910211814563,18.90657265267294],[-98.46436355907838,18.90717677872174],[-98.46414052805625,18.910150831147348],[-98.46424730354495,18.911893561284593],[-98.46443322563533,18.912526383615003],[-98.46467713644584,18.91287055007793],[-98.46512189843054,18.913267827828676],[-98.46581804345885,18.91371941404278],[-98.46626405679015,18.91406837870395],[-98.46650548652048,18.91450916327783],[-98.46649056628974,18.915088882539408],[-98.46632655792538,18.915568382386297],[-98.46606522638355,18.915900554076725],[-98.46555624693501,18.91603348672698],[-98.46363878455574,18.915891258558922],[-98.45965104975848,18.915651431519464],[-98.45691896680331,18.91573143488707],[-98.45620164234083,18.916101074555836],[-98.45578746660333,18.916477928492885],[-98.45562341889938,18.91695742025376],[-98.4545031268303,18.921184675688504],[-98.45401406418232,18.924460208585963],[-98.45414443731761,18.925285116777896],[-98.45448690474551,18.925728348504823],[-98.45752676305332,18.927444351045683],[-98.45821423024967,18.928234183663506],[-98.45820052012722,18.92876561931679],[-98.45793042074274,18.929435980798257],[-98.45751621181255,18.929812859521647],[-98.45665345882279,18.929937347722536],[-98.45498347570522,18.929994263978195],[-98.45442140760173,18.930222582997676],[-98.45410325511098,18.93079511408546],[-98.45404648278887,18.931035474212653],[-98.45397910255896,18.933644373281613],[-98.45406226701374,18.935039281010905],[-98.45406301934604,18.935051902216806],[-98.45320546663528,18.936239218717237],[-98.4532053793922,18.93623942589217],[-98.45319373049071,18.93626704883008],[-98.45259943699848,18.937676369428512],[-98.45165190025807,18.939023919794426],[-98.4485135189165,18.938321416771892],[-98.44748947285603,18.93905170363417],[-98.44595426234154,18.94026783992087],[-98.4446766505481,18.940263645331544],[-98.44339945269847,18.940259849119222],[-98.44324301065807,18.93965629305026],[-98.44314559452216,18.93928062741958],[-98.44084770509497,18.938296906658405],[-98.43675546758635,18.93877193698003],[-98.43522107312685,18.938766957188285],[-98.43394383664408,18.93851788495137],[-98.43317490805961,18.93900565549754],[-98.43342667928587,18.940715661853503],[-98.43342589562435,18.941825055834315],[-98.43342529708798,18.942427025618205],[-98.4326576729554,18.9421794252956],[-98.43086722551512,18.942173493117597],[-98.42830938910492,18.94167708354743],[-98.42728662069804,18.94118560151954],[-98.42651735904631,18.942404235341943],[-98.42651504031757,18.943382413984008],[-98.42677069568691,18.944116529114513],[-98.42712354332183,18.944791624949396],[-98.4266082126278,18.945141965405863],[-98.42717885679353,18.947050528309656],[-98.42522829664927,18.9470440124101],[-98.42444495772125,18.947041699337802],[-98.42468092346604,18.9474034268423],[-98.42402283392413,18.949080929108995],[-98.42208901463195,18.949374045263195],[-98.42082131282079,18.949955608149324],[-98.42082276912376,18.950395669439043],[-98.42086839383703,18.9506956171485],[-98.4211220385457,18.95118463078075],[-98.42350208287809,18.952713348879936],[-98.42385735402094,18.954346444546548],[-98.42543069584586,18.95520960961992],[-98.42531157325197,18.956078566767253],[-98.42495050451528,18.957407554389057],[-98.42507087631625,18.958275071929304],[-98.42543734840264,18.95937494099141],[-98.42495407348328,18.96070580739366],[-98.42477442321841,18.961746969745676],[-98.4248963152974,18.96290294390155],[-98.42592561530915,18.96371214477348],[-98.42743625571259,18.9639964334885],[-98.42876873236254,18.96445704311787],[-98.43003807357321,18.96468594425046],[-98.4311868533127,18.96479861335265],[-98.43251760512975,18.964968745479453],[-98.43372617085453,18.965256530319834],[-98.43487627065011,18.965773288628856],[-98.4365091791591,18.96640512120978],[-98.43850709036822,18.966747591199166],[-98.43905433616489,18.967961488247706],[-98.43778619590388,18.968486332139584],[-98.43682068591615,18.968719157296942],[-98.43658379400998,18.969703567262027],[-98.43864287580705,18.97021872374523],[-98.43924608075218,18.97033413207728],[-98.4402172663272,18.971025125324513],[-98.43985733394038,18.971952300837597],[-98.43859181737454,18.97276323971483],[-98.43660219820585,18.973925670509388],[-98.43551624338669,18.974680699349037],[-98.43546038684528,18.975663461875563],[-98.43607774671625,18.978380261193685],[-98.43566025210654,18.979654624655222],[-98.43521251897721,18.980588428856908],[-98.4359910385765,18.981655333834297],[-98.43663830167391,18.9819666255015],[-98.43760575804961,18.98196278553402],[-98.43791044493483,18.982540370483903],[-98.43839895065959,18.983581646168933],[-98.43979053687164,18.983463565417505],[-98.44117657210977,18.982417019239893],[-98.44238722397027,18.982588882872637],[-98.4430498310721,18.98218240295548],[-98.44304406382227,18.98096783161814],[-98.44425172333028,18.980386102808392],[-98.44558329012914,18.980499331672725],[-98.44709675449229,18.980842407631222],[-98.44818450576112,18.980494016454266],[-98.44981061763097,18.97944815381162],[-98.45119514649485,18.97822875670745],[-98.45292648502124,18.977757757563953],[-98.45298148386293,18.977930580200027],[-98.45859849091806,18.983813964648945],[-98.45987506369073,18.985286702245],[-98.46166232547583,18.98700165995748],[-98.46268201920527,18.988716493470502],[-98.46370129101692,18.990186158270852],[-98.46548952473094,18.990924888841555],[-98.46753205745519,18.992642942226365],[-98.47264267171668,18.994370320945908],[-98.47315446087299,18.994371883792848],[-98.47392154759812,18.994374223974578],[-98.47585647444659,18.9951721946313]]]},"properties":{"CLAVE":"VSa/BQ","DESCRIPCIO":"VEGETACIÓN SECUNDARIA ARBUSTIVA DE BOSQUE DE ENCINO"}},
{"type":"Feature","geometry":{"type":"MultiPolygon","coordinates":[[[[-98.57535811122925,18.732450254762682],[-98.57538971251826,18.73156210176668],[-98.57538998020856,18.73155456964161],[-98.57465460012625,18.731353430383116],[-98.57421988297175,18.731054766546094],[-98.57420849021241,18.73104694003107],[-98.57450077650653,18.730595591183228],[-98.57450091986077,18.73059536988448],[-98.57413962814115,18.730229659602966],[-98.57412972006462,18.730219630324342],[-98.57420877622492,18.73003305718203],[-98.57421075004972,18.730028399902924],[-98.57373082451232,18.729798982846606],[-98.57371946023541,18.72979355016197],[-98.57376286008719,18.72965891035546],[-98.5738981173292,18.72949255707061],[-98.57390135044298,18.729488580418526],[-98.57336859694009,18.7292307071916],[-98.57335657995297,18.729224890181662],[-98.57359573433135,18.72874275035481],[-98.57359936992323,18.728735419892875],[-98.57304676974177,18.72861385969526],[-98.57296012007437,18.72875240029411],[-98.57238303016126,18.728283289680604],[-98.57212559958991,18.72814388966036],[-98.57188455004375,18.728775890035084],[-98.57069818032672,18.732388059995092],[-98.57039725958076,18.73321699996097],[-98.5702509697595,18.734434569583737],[-98.56948677964503,18.735871540021915],[-98.56901197041722,18.736592419922697],[-98.56793024965835,18.738329320404905],[-98.56816571998473,18.738809279952235],[-98.56723302974012,18.739816090047306],[-98.56649391997182,18.741086260086625],[-98.56538671038943,18.742576820121368],[-98.56492549013343,18.743303199555594],[-98.56432150974034,18.744428970334354],[-98.56402214971465,18.74502503004781],[-98.56322351982055,18.74590995044022],[-98.56294091626981,18.74611379941133],[-98.56369767643841,18.747034639212696],[-98.56409224405662,18.748641923729334],[-98.56409771935185,18.75012997664083],[-98.56436061813004,18.75149212307752],[-98.56487898301297,18.752237826884354],[-98.566308678026,18.75322110086267],[-98.56667468318014,18.751235619540275],[-98.56745301275764,18.750291219862316],[-98.56663387743113,18.747866456948294],[-98.56715174170695,18.747276940972746],[-98.56874616527334,18.74887751764883],[-98.57026944974714,18.748311165861058],[-98.57187721349585,18.749428166759007],[-98.57251866563111,18.749290342455993],[-98.5738793676228,18.749092780533488],[-98.57469165871981,18.748501102005726],[-98.5751130491331,18.74759524438073],[-98.5755534823986,18.745926865214713],[-98.57557634397737,18.74501184329191],[-98.5756011108677,18.74402057510311],[-98.57537724346399,18.743405062807312],[-98.57484029374326,18.742553463009845],[-98.57462406068338,18.741632955107743],[-98.57448562418705,18.74079053251724],[-98.57438721149762,18.738346864006488],[-98.57500417111866,18.735995975281657],[-98.57535811122925,18.732450254762682]]],[[[-98.57052873971821,18.716434872386078],[-98.57085624979383,18.716525820198623],[-98.57165567977611,18.715412880187117],[-98.5719239403709,18.71503940015951],[-98.57253543023953,18.714219949812183],[-98.57301744984534,18.71354597977494],[-98.5736894304184,18.712656650140364],[-98.57400834959347,18.712213550023222],[-98.57638585955021,18.71450736955262],[-98.57716251028711,18.715256659878193],[-98.57716250385755,18.715257485522045],[-98.5771612819334,18.715424118835703],[-98.5771608998834,18.71547623996568],[-98.57716052661478,18.715527176036353],[-98.57715992479872,18.715609236131552],[-98.57715950931068,18.71566584041121],[-98.57715518629018,18.716255133064237],[-98.577154647179,18.716328620743276],[-98.57715330825954,18.71651115174068],[-98.57715317823049,18.716528897865743],[-98.57715123766206,18.716793481896918],[-98.5771424186231,18.71799584780254],[-98.57714235869805,18.718003967643277],[-98.57714223763683,18.718020407407582],[-98.57714208681193,18.718040804325835],[-98.57714162825324,18.718103413825162],[-98.57714147307914,18.718124629196186],[-98.57714127755607,18.7181512484305],[-98.57713919493091,18.718435233234924],[-98.57713886038802,18.71848079186373],[-98.57713668016036,18.71877807963405],[-98.57714650098491,18.718785459885584],[-98.57720122954412,18.718826588146996],[-98.57724876389896,18.718862310060608],[-98.57781644985879,18.71928891970876],[-98.57781596856127,18.719291479411204],[-98.57766854972267,18.720075709823977],[-98.57767888863089,18.720083126280365],[-98.57825127986119,18.72049373972862],[-98.57847441166173,18.72057599673888],[-98.57850316498164,18.72058659622544],[-98.57854344278837,18.720601444535507],[-98.57863490145978,18.720635160313947],[-98.57863552481585,18.720635389989308],[-98.57866645800765,18.72064679326618],[-98.57888311007399,18.720726660400974],[-98.57889122795693,18.72073632620152],[-98.57916515611643,18.72106247024643],[-98.57929376971256,18.721215599862717],[-98.57929462093497,18.72121523076082],[-98.57934421961545,18.721193720265095],[-98.57934774904324,18.721195430348867],[-98.57988203003507,18.72145425018563],[-98.57988040486624,18.72145900051731],[-98.57953785039892,18.72246009022805],[-98.57940097024719,18.722776429775774],[-98.57921418004274,18.7229948797564],[-98.57907449460022,18.723031023286296],[-98.5787479867412,18.72311550640239],[-98.57871968020785,18.7231228302224],[-98.5786813596418,18.72320250248018],[-98.5785916504205,18.723389015859055],[-98.57852801980069,18.72352130972319],[-98.57855527717311,18.72361341471753],[-98.57872413881823,18.724184015449236],[-98.57872854957942,18.724198920352418],[-98.57906816966107,18.72457009037639],[-98.5790685611373,18.72457009293666],[-98.58006452037847,18.724577140034366],[-98.58006173532954,18.724587336766064],[-98.57991642015733,18.725119380299247],[-98.57967248960041,18.72565891957389],[-98.57953965936849,18.725921640275335],[-98.57992480402532,18.725548906617426],[-98.58019111187934,18.72418750742386],[-98.58040794596515,18.722256310459613],[-98.58043209251244,18.721288785387227],[-98.58045825100868,18.720240632895372],[-98.57998885982659,18.718777738364004],[-98.57954363414034,18.71634733941737],[-98.57955772301051,18.715782961040976],[-98.57958187495274,18.714815461667715],[-98.57977656693546,18.713771207592394],[-98.58074574096302,18.712099388616046],[-98.58111096356626,18.71097839429926],[-98.58172494853824,18.71002445630961],[-98.58208814823459,18.708984092945155],[-98.58199564089384,18.707699837972008],[-98.58104303484845,18.70694336320219],[-98.58027457398957,18.706068253954577],[-98.57981937500433,18.70530188160251],[-98.57968708182194,18.70384681760823],[-98.57961892430845,18.703199910281196],[-98.57887670074192,18.702537512374104],[-98.57761282465026,18.7025084591684],[-98.57659567424824,18.702727072449957],[-98.57655705038867,18.702754419651413],[-98.57642291007468,18.702990029759608],[-98.57636731039086,18.70428914040385],[-98.57541691980596,18.704636019753284],[-98.575394695805,18.70466531459849],[-98.5753616457675,18.70487671678358],[-98.57516609047092,18.70509944637191],[-98.57567001986708,18.705765290152083],[-98.57537437983012,18.706257170404363],[-98.57533367995835,18.706628379621293],[-98.57542019958206,18.707030199570895],[-98.5760724601574,18.707776370323447],[-98.57569072040063,18.708459520315728],[-98.57520563026601,18.708886850435977],[-98.57395436996313,18.709398460418704],[-98.5731357329789,18.709602576177783],[-98.57312407444206,18.710068700836732],[-98.57309786046928,18.711116808832756],[-98.57236324698707,18.713520013693337],[-98.5720019799553,18.71447974557416],[-98.5712173625949,18.715510403486427],[-98.5706915880953,18.716305010524252],[-98.57052873971821,18.716434872386078]]]]},"properties":{"CLAVE":"VSA/BQ","DESCRIPCIO":"VEGETACIÓN SECUNDARIA ARBÓREA DE BOSQUE DE ENCINO"}},
{"type":"Feature","geometry":{"type":"Polygon","coordinates":[[[-98.46289057770812,19.007759229092766],[-98.46101805779038,19.00822568914328],[-98.45950841542921,19.00886571189806],[-98.45987755056628,19.010194953335738],[-98.46012455357227,19.011178740378337],[-98.45885997035447,19.01204859055591],[-98.45850544274538,19.013843481096853],[-98.45815122882304,19.015635875035787],[-98.45730947573503,19.016911294992795],[-98.45578766212873,19.017189141656683],[-98.45537707345197,19.017264102437228],[-98.45344026683463,19.016746881084188],[-98.45265519029871,19.016989772292686],[-98.45458768045432,19.017508714051072],[-98.45970060210445,19.02108714799804],[-98.46272162631361,19.02243365737278],[-98.46186937576266,19.02318716549615],[-98.46426311073775,19.022540858963936],[-98.46499058851423,19.022195727780645],[-98.46488514669078,19.022040741659932],[-98.46500251147849,19.020999256125673],[-98.46596351738673,19.01989866373981],[-98.46517118814428,19.01805066617598],[-98.46444084249178,19.01672021256883],[-98.46485871390686,19.015447956696715],[-98.4655737707909,19.012900669405713],[-98.46435801775712,19.01174587818269],[-98.464044769078,19.009027427691308],[-98.46289057770812,19.007759229092766]]]},"properties":{"CLAVE":"VSa/BQP","DESCRIPCIO":"VEGETACIÓN SECUNDARIA ARBUSTIVA DE BOSQUE DE ENCINO-PINO"}},
{"type":"Feature","geometry":{"type":"MultiPolygon","coordinates":[[[[-98.48502602625724,19.055541792728075],[-98.4850285495229,19.055536120402675],[-98.48568593959685,19.055022851115883],[-98.48653454007044,19.054322570692374],[-98.48815014002695,19.05318837956537],[-98.48896437955847,19.052650680408615],[-98.4895819438488,19.051675399439215],[-98.48860130522088,19.05131062414971],[-98.48721120153579,19.05073674114175],[-98.48648447644639,19.049521719941822],[-98.48437183787229,19.048834478588933],[-98.48171735012255,19.048667417097057],[-98.4797266559175,19.049077015931474],[-98.47815823659111,19.049660260715324],[-98.47671227700049,19.05012615600776],[-98.47508428236432,19.050073241200018],[-98.47351556436644,19.05025007384624],[-98.47188585571531,19.049847732126963],[-98.47158490751116,19.048577608534416],[-98.47019451422833,19.048175990282235],[-98.46960776512489,19.04866434626346],[-98.46887091979313,19.049277622504423],[-98.4674238028307,19.04905063368572],[-98.46549225745595,19.048881286361762],[-98.46458543671133,19.04818822353994],[-98.46386156301406,19.047323113832764],[-98.4627158138054,19.046921966402888],[-98.4619928187717,19.04778959956852],[-98.46048394345074,19.047794045398426],[-98.45885291659401,19.046642127019638],[-98.45782717502848,19.046355343520883],[-98.45646227857765,19.047466869563312],[-98.45685762985464,19.04777822012276],[-98.45758345000895,19.048349821235792],[-98.4584062203573,19.04981440003807],[-98.45885216963946,19.050608229548263],[-98.4588740911149,19.05061745193744],[-98.45930833679202,19.050553198120372],[-98.46091162258446,19.050558350318052],[-98.46214309389602,19.050798340610573],[-98.46325199433768,19.05080197015907],[-98.46411513620045,19.050922570151148],[-98.46583936719796,19.051164071315423],[-98.46657998580969,19.051048307865628],[-98.46781290782593,19.051052243561468],[-98.46842810840056,19.051053789487717],[-98.46892303421527,19.050937506166335],[-98.46929051774303,19.051292838762745],[-98.46916043059989,19.052354998074783],[-98.46860127449764,19.053638400659327],[-98.46990075320763,19.05453926806087],[-98.47116566180681,19.05366902589693],[-98.4725540256321,19.05430222836497],[-98.47423118805739,19.053946365459705],[-98.4744828956769,19.053892740482954],[-98.47458030825715,19.05389277677629],[-98.47450388243026,19.053729232325548],[-98.47457710745655,19.053672475124593],[-98.47519534513646,19.053438453785223],[-98.47618436547472,19.052969141741173],[-98.47669966045167,19.052382725326183],[-98.47754502185201,19.052498946518966],[-98.47816040909589,19.05250045333204],[-98.47853059914125,19.05250182463422],[-98.47914540610807,19.05286016122112],[-98.47938642813057,19.053805422850616],[-98.47987610785611,19.054515179610455],[-98.48073382878773,19.055462440400724],[-98.48233693566536,19.055585353090915],[-98.48269153565657,19.05502591160975],[-98.4830838700785,19.054406939395175],[-98.48382531226532,19.054408958557996],[-98.48456112458224,19.05488388340632],[-98.48480901396155,19.055120781236226],[-98.48502602625724,19.055541792728075]]],[[[-98.44217853053712,19.046844229147055],[-98.44330302970846,19.046929799648282],[-98.4443007401575,19.047215660308446],[-98.44482954977032,19.047367180533417],[-98.44664117990412,19.046811859865855],[-98.44806362899718,19.04599027636264],[-98.44792909854942,19.045914745687075],[-98.4482836135077,19.043427680417768],[-98.44809952680804,19.042212413691573],[-98.44634824682286,19.04285386314741],[-98.4444213544243,19.04465037891149],[-98.44303493457691,19.04482753705694],[-98.44158335836805,19.04465709680077],[-98.44031584227925,19.045179725350756],[-98.43995714580504,19.045875583397756],[-98.44201060480168,19.046390823540463],[-98.44217853053712,19.046844229147055]]]]},"properties":{"CLAVE":"VSa/BQP","DESCRIPCIO":"VEGETACIÓN SECUNDARIA ARBUSTIVA DE BOSQUE DE ENCINO-PINO"}},
{"type":"Feature","geometry":{"type":"MultiPolygon","coordinates":[[[[-98.5731357329789,18.709602576177783],[-98.57256900038824,18.709743880143137],[-98.5722396302981,18.710002597572387],[-98.57168402023697,18.710439020201637],[-98.57148805937884,18.710596281988025],[-98.57120975437985,18.7108196262825],[-98.57109899999041,18.710908509593047],[-98.57044268006864,18.711034520119057],[-98.56996421739858,18.710897510644063],[-98.56994271866877,18.710891354198534],[-98.56968944566312,18.710818828130243],[-98.56962337960844,18.710799909987532],[-98.56848377923008,18.710665556828808],[-98.56776154023024,18.710580403257385],[-98.56735792371764,18.710532814230266],[-98.56695435010904,18.71048522962367],[-98.56683312496256,18.710493306073044],[-98.56585729042573,18.71055831976265],[-98.56583549596532,18.71054261506761],[-98.56530127772812,18.71015767535742],[-98.56510934003367,18.71001937033499],[-98.56461813984059,18.709610109745743],[-98.56392594023855,18.71017811023109],[-98.56318119953983,18.710249550208847],[-98.56288479996715,18.71058777014629],[-98.56250211375388,18.710894328352456],[-98.56177804967105,18.711474349557523],[-98.56178953868448,18.711483281018005],[-98.56197274026714,18.711625710074387],[-98.56197110952583,18.711627111608642],[-98.5618853939158,18.711700785341733],[-98.56181877027561,18.711758049882622],[-98.56181596962037,18.71234392003526],[-98.56170302357239,18.712709541828005],[-98.56157437976988,18.713125979572354],[-98.56158884126847,18.71312116873474],[-98.56191022043863,18.71301426006746],[-98.5630154001264,18.712849739810302],[-98.56350998012287,18.712789509941427],[-98.56377474028211,18.712849690253062],[-98.56398751963334,18.712930229816653],[-98.56480458005228,18.713480830389624],[-98.56562777998633,18.714014229828358],[-98.56612822006834,18.714334309919145],[-98.56730191001455,18.71508348021198],[-98.56807374047052,18.715553369663304],[-98.56868397002674,18.715855709873892],[-98.56887585961304,18.715936078751685],[-98.56897251600306,18.715976556851665],[-98.5693017503654,18.71611445011053],[-98.56940544772118,18.716140127306875],[-98.56997679965274,18.716281599693172],[-98.57052873971821,18.716434872386078],[-98.5706915880953,18.716305010524252],[-98.5712173625949,18.715510403486427],[-98.5720019799553,18.71447974557416],[-98.57236324698707,18.713520013693337],[-98.57309786046928,18.711116808832756],[-98.57312407444206,18.710068700836732],[-98.5731357329789,18.709602576177783]]],[[[-98.575394695805,18.70466531459849],[-98.5751157796842,18.705032970126574],[-98.57516609047092,18.70509944637191],[-98.5753616457675,18.70487671678358],[-98.575394695805,18.70466531459849]]],[[[-98.58577833894648,18.680505455349195],[-98.58552463024955,18.68059462965724],[-98.58528342002839,18.680749429821287],[-98.58435681991348,18.680233450225227],[-98.58336391960492,18.680078690195085],[-98.58296057964013,18.679598150254336],[-98.58232439994102,18.679135889741875],[-98.58186864981144,18.679086309713988],[-98.58155142006221,18.679314779615574],[-98.58132679955904,18.679399249847428],[-98.58133544548997,18.679407691123355],[-98.58141872010523,18.67948900012779],[-98.58141880919511,18.67948980617163],[-98.58143445031983,18.67963165997498],[-98.58104183032265,18.67972822997521],[-98.58081997980938,18.6795322898991],[-98.58054017977948,18.679546029725014],[-98.57991882973155,18.67924490977848],[-98.57912484959509,18.678591179714783],[-98.57907978008616,18.678705170432647],[-98.57949477978146,18.679950579664986],[-98.5795018919537,18.679952809353164],[-98.58063308013058,18.680307430417685],[-98.58063607020196,18.6803155811333],[-98.5809326897,18.68112404957678],[-98.58081819982526,18.68130228022242],[-98.5805788595884,18.68258701983597],[-98.58070965957613,18.682848819998444],[-98.58071413583482,18.68284845542748],[-98.58136397967603,18.68279547963878],[-98.58203620029445,18.68300415033555],[-98.58204031937792,18.6830126725722],[-98.58218679974134,18.683315749641814],[-98.58211650979165,18.68374807955569],[-98.58211817003544,18.683994779783717],[-98.58228422972829,18.684402619584073],[-98.58264467996916,18.68497440033663],[-98.58301677025732,18.68582010989686],[-98.58302071354605,18.685817088374517],[-98.58306679980744,18.685781779963815],[-98.58307427836394,18.685793840876382],[-98.58309631045819,18.685829369778236],[-98.58326401999659,18.686117849806422],[-98.58363092003583,18.686555340287622],[-98.58416859985654,18.687368480370264],[-98.58442866020421,18.68789310982357],[-98.58433814047464,18.6887111996066],[-98.58352517045317,18.689717619559467],[-98.58298065019439,18.690350339939076],[-98.58309927966307,18.690840479773946],[-98.58310727421161,18.69084331516818],[-98.58393204976115,18.691135799947737],[-98.58432867986033,18.691196649780903],[-98.5843267755149,18.69120513943002],[-98.58420466007168,18.691749399826286],[-98.58409611004716,18.692359769743593],[-98.58406288994665,18.692815079990016],[-98.58405634007869,18.693551630214916],[-98.5839291195925,18.69441335027211],[-98.58372822041493,18.695355059772254],[-98.58340891022216,18.69599711028827],[-98.58270138045003,18.69629821987513],[-98.58220375005638,18.696612579987384],[-98.58199904987593,18.697363849553724],[-98.58117508966077,18.698138399862973],[-98.57962931965972,18.698659920440335],[-98.57893616990606,18.698850250024563],[-98.57826224993056,18.69930707992654],[-98.5774326795912,18.700546570171046],[-98.57728117046933,18.701396849613385],[-98.57681473994744,18.702301799661047],[-98.57655705038867,18.702754419651413],[-98.57659567424824,18.702727072449957],[-98.57761282465026,18.7025084591684],[-98.57887670074192,18.702537512374104],[-98.57961892430845,18.703199910281196],[-98.57968708182194,18.70384681760823],[-98.57981937500433,18.70530188160251],[-98.58027457398957,18.706068253954577],[-98.58104303484845,18.70694336320219],[-98.58199564089384,18.707699837972008],[-98.58208814823459,18.708984092945155],[-98.58172494853824,18.71002445630961],[-98.58111096356626,18.71097839429926],[-98.58074574096302,18.712099388616046],[-98.57977656693546,18.713771207592394],[-98.57958187495274,18.714815461667715],[-98.57955772301051,18.715782961040976],[-98.57954363414034,18.71634733941737],[-98.57998885982659,18.718777738364004],[-98.58045825100868,18.720240632895372],[-98.58043209251244,18.721288785387227],[-98.58040794596515,18.722256310459613],[-98.58019111187934,18.72418750742386],[-98.57992480402532,18.725548906617426],[-98.58148457236592,18.727403893796133],[-98.58292060566136,18.72731157875464],[-98.58373306288462,18.727124132461356],[-98.584113664699,18.726978297639057],[-98.58511068260124,18.725867658318318],[-98.58604488350367,18.725116240142725],[-98.58648058034993,18.724920139563586],[-98.58696624934002,18.724879754916625],[-98.58863596993125,18.724866507018593],[-98.59105021010109,18.725230953772268],[-98.5918485556324,18.725609897694138],[-98.59220737230027,18.726339439680906],[-98.59264566109961,18.72820432190118],[-98.59285070638869,18.728621204213784],[-98.59327103884851,18.72904301689376],[-98.59406429386921,18.729627931917157],[-98.59576614078334,18.730491248479574],[-98.59907091946083,18.732057414061842],[-98.60089917682133,18.731560385501307],[-98.60192779114129,18.730437533146002],[-98.60257374812332,18.72956807820057],[-98.60619694632737,18.72601311735434],[-98.60504744873745,18.722923983935516],[-98.60456817258876,18.719437932006546],[-98.60449230533636,18.7182179795788],[-98.60440135758765,18.717606797491065],[-98.60399730477826,18.71678543651256],[-98.60337614322282,18.71616216034159],[-98.60296204667154,18.71574663831677],[-98.60255046019624,18.715229660006262],[-98.60246706409806,18.71431410926805],[-98.602492227472,18.713299514211023],[-98.60259058498642,18.712713595585807],[-98.60251417043027,18.712842089667237],[-98.60231613952426,18.71298178042307],[-98.60195349008059,18.713237600361367],[-98.60150861996699,18.713311030105928],[-98.60115945024761,18.713223510384438],[-98.60101791016214,18.71279072008835],[-98.59890584974133,18.712479849952373],[-98.59757303003266,18.712607139987696],[-98.59698268045305,18.7118466296909],[-98.59676583037312,18.711714830358865],[-98.5961818897384,18.711902370239027],[-98.59596677995465,18.711908770310174],[-98.59569594006473,18.712184920410913],[-98.59515243033083,18.712407799631276],[-98.59471324961827,18.712360829560733],[-98.59445075033013,18.71212828033255],[-98.59390338038315,18.710590569600242],[-98.59391970962787,18.710380140116126],[-98.59389061976415,18.710314849732523],[-98.59385873952189,18.709626420223184],[-98.59382631971874,18.709033749775678],[-98.59371367959531,18.70806089008947],[-98.59313967955248,18.70749611042058],[-98.59303180042733,18.707365690348944],[-98.59298614958635,18.707240940225443],[-98.59279209040385,18.706670830054286],[-98.59277686011124,18.706272860326795],[-98.59349210988373,18.70578511011871],[-98.59373603036224,18.705773169969934],[-98.59382094043973,18.70564275031323],[-98.59385111028767,18.705370060292676],[-98.59383333991667,18.7053493097165],[-98.59348243025455,18.70471699957356],[-98.59347547968042,18.704677660416547],[-98.59399835019359,18.704093509795623],[-98.59452217030227,18.703687019680032],[-98.59468598017727,18.703536820302705],[-98.59529560032685,18.70303075002285],[-98.59633793965703,18.70224231986615],[-98.59645001971296,18.702154569574343],[-98.5971203502996,18.701619339888317],[-98.59824058031948,18.700755109888675],[-98.5987184197922,18.700383049952897],[-98.59969880038632,18.699655480120306],[-98.59971273991422,18.699638539968607],[-98.60063538034278,18.698933909933743],[-98.60091758025101,18.69969185979415],[-98.60109040002406,18.700195280063618],[-98.60124231039998,18.700473250063105],[-98.60133745038247,18.700376199664376],[-98.60137231039627,18.70057446023106],[-98.60142945040822,18.701273319840016],[-98.6015262598655,18.701366770331376],[-98.60155842028672,18.70136800009815],[-98.60195604970467,18.701470520240523],[-98.60225703044152,18.70164045001919],[-98.6024858897616,18.70189280028666],[-98.60255937970604,18.701922370100956],[-98.60278151014786,18.701877030309642],[-98.60345695008158,18.70244504979314],[-98.6038832002922,18.70344795018767],[-98.60388244954846,18.703528199866234],[-98.60408731031067,18.703960090450792],[-98.6042600497941,18.704429689941836],[-98.60476833977022,18.70493537000604],[-98.60540099966798,18.705356150053102],[-98.60577711989494,18.70573540023725],[-98.60621425968577,18.706163279763015],[-98.60654986015426,18.70680789028682],[-98.60656811595688,18.706997051909287],[-98.60752835176004,18.70701893978878],[-98.61024006129934,18.708907966053776],[-98.61249850132555,18.710097694892912],[-98.61432501964538,18.70895513958929],[-98.61498377038065,18.709109580002284],[-98.616224430152,18.70923431970987],[-98.6172544498283,18.70870826004225],[-98.61817213970083,18.708679339668965],[-98.61936976983203,18.708674110322633],[-98.61940618410273,18.708685289462228],[-98.61967345655952,18.707922057353628],[-98.61968589580228,18.707419241895614],[-98.61970544300841,18.706629103611288],[-98.61904300843472,18.70596738677363],[-98.61838413661123,18.705162005919583],[-98.61839480267872,18.704731022772428],[-98.61840546867893,18.70430003987282],[-98.61842324520393,18.70358173528868],[-98.61905116295804,18.70258966098831],[-98.61957703823744,18.702673345633297],[-98.62070416962234,18.7028424031616],[-98.62145796079017,18.702859329304353],[-98.62155574486513,18.70162568264858],[-98.62177114005577,18.701658152765425],[-98.62262689453777,18.701373037508553],[-98.62401939316587,18.69986669972213],[-98.62419311993253,18.699630856075725],[-98.62553360378364,18.697852636699963],[-98.62567878897163,18.696472894495866],[-98.62558862598347,18.69561975076216],[-98.62504612421613,18.695075520860303],[-98.6233897928723,18.694612410667762],[-98.62251131402174,18.69416693528417],[-98.62165120750122,18.692977167013062],[-98.6216748158321,18.692020232437027],[-98.6220370206605,18.690858215068232],[-98.62664262527005,18.68894134596161],[-98.62777735673603,18.68800960131965],[-98.62836697194203,18.68663997043933],[-98.62840624444966,18.685045119254053],[-98.62733963424185,18.683212459794138],[-98.62658804797934,18.68213161441631],[-98.6252809223475,18.681038179375438],[-98.6223071785723,18.67990692913683],[-98.62065366506675,18.679337499128447],[-98.61957408170946,18.6780364289878],[-98.61916109848546,18.67541788823024],[-98.62077669607282,18.673970087838022],[-98.62154222082198,18.673715015500985],[-98.6222218481663,18.673094729048913],[-98.62242946173677,18.672372920046392],[-98.62035249836195,18.664243366708558],[-98.62037938732418,18.66315423383121],[-98.62087376598612,18.662348152922704],[-98.6217295935661,18.662276767505226],[-98.62248833556754,18.662293983934315],[-98.62350474670563,18.66340677839701],[-98.62411045807686,18.665781635467987],[-98.62422436904937,18.665990737974873],[-98.62417014012223,18.665830740208616],[-98.62408449040795,18.664924020072572],[-98.62365268001444,18.663557539559896],[-98.62374731973739,18.663232829851463],[-98.62366975015556,18.6630066201108],[-98.62331249014345,18.663021710319303],[-98.62317552004059,18.66263218003097],[-98.62281316996662,18.662489979930925],[-98.62246638001362,18.661717999730552],[-98.6216007396886,18.66087403010327],[-98.62196257989397,18.660141420143585],[-98.62133924978254,18.659457080424065],[-98.62126845030409,18.65890580041654],[-98.62148451983177,18.65870283018662],[-98.62106931894434,18.657093791622735],[-98.62100595390508,18.656993335037317],[-98.6209968523073,18.656768947929468],[-98.62090737961428,18.656326859763354],[-98.62039011000122,18.655832449915394],[-98.62037364997494,18.655163919552255],[-98.6201365398836,18.654421400050968],[-98.61989468971879,18.653581940161377],[-98.61985205032843,18.65270476957326],[-98.61974952029044,18.65339338022421],[-98.61958164971037,18.65361519956789],[-98.61777113966986,18.654128849644852],[-98.61636218037438,18.654599289830603],[-98.61605714960328,18.654800449675072],[-98.61436566012081,18.6561286301759],[-98.6125269700691,18.65777461973539],[-98.61210681977875,18.658242000023492],[-98.61123381964518,18.659293370249937],[-98.61096351999886,18.659563339986168],[-98.61062557986085,18.66002865998074],[-98.61037556984182,18.6602205399695],[-98.61002118042835,18.660397830181832],[-98.60911933997289,18.660443769894513],[-98.60855258022717,18.6606777102722],[-98.60759691954094,18.661011350088092],[-98.60668483029453,18.661135030081287],[-98.60575182968071,18.662248280177497],[-98.60545272042343,18.662348290134172],[-98.6046337699731,18.663705860092215],[-98.60426942984616,18.663945419834118],[-98.60397777047116,18.66419567987623],[-98.60396906144545,18.66423502147537],[-98.60420668593626,18.664706779737756],[-98.60418734419484,18.665486614368724],[-98.60411555591564,18.666289489272735],[-98.60372291392927,18.666807084647008],[-98.60264488786144,18.667532672134023],[-98.60290208018473,18.668932880176445],[-98.60284145044668,18.6693151702764],[-98.60282027753357,18.669390663978604],[-98.60508956658683,18.671281596602057],[-98.60839122217169,18.67299408925012],[-98.61048005143245,18.6741967765876],[-98.61197130689496,18.675693160808184],[-98.61553421467586,18.680772088803295],[-98.61724189897515,18.6851894082559],[-98.61721646192738,18.68621907955966],[-98.61651529873505,18.68736217796025],[-98.61569233711863,18.687987378632098],[-98.61494776069095,18.688163623330432],[-98.6132711582593,18.687932314033414],[-98.6116104832757,18.687057439964526],[-98.61074891572294,18.686522702241],[-98.60851805474175,18.68421822361664],[-98.60681093181512,18.68250518237376],[-98.60522080648487,18.68150308477809],[-98.60208072705382,18.6805943806588],[-98.59855796412802,18.678839809025416],[-98.59495253838257,18.67641896498228],[-98.59489213982569,18.676642979613067],[-98.59451562039175,18.67681420022816],[-98.59394870983925,18.676812980192143],[-98.59279085995328,18.676982969642573],[-98.59109501981347,18.677397349654058],[-98.59082844996185,18.677891080039412],[-98.5904406001763,18.67801951004035],[-98.59021705996534,18.67822647999915],[-98.58996981954861,18.67823041971221],[-98.58974004286952,18.678324112212945],[-98.59034218468527,18.67910257017961],[-98.59160233304048,18.679839709972455],[-98.5978663768568,18.682301023924587],[-98.60099688345146,18.683595949156775],[-98.60158299777399,18.684382010407646],[-98.6015606400321,18.68528296427842],[-98.60100823431908,18.685849869363015],[-98.60005549490948,18.686278846123],[-98.59884652101032,18.686186835585126],[-98.59784889871635,18.68571330325812],[-98.5957191752306,18.684763146694866],[-98.59497938408312,18.684746225468867],[-98.59430524857585,18.684795192835196],[-98.59355425877467,18.685228741703668],[-98.59307227722022,18.68566844835455],[-98.59135408283666,18.689814536292214],[-98.59053099229955,18.690439602342963],[-98.58951894791484,18.690545200957292],[-98.58857896473057,18.69045927185953],[-98.58764699884124,18.690051560667346],[-98.58705773186422,18.689394134243557],[-98.58668146235516,18.68829085097709],[-98.5866318531089,18.687581410350912],[-98.58591795641853,18.681126007487872],[-98.58577833894648,18.680505455349195]],[[-98.58169281341057,18.718187941396643],[-98.58235424969448,18.716880082723478],[-98.58460388270706,18.717412841718225],[-98.5860664826954,18.719250570208665],[-98.58855542940307,18.72026987715571],[-98.59067346941694,18.721040091877086],[-98.59255827222982,18.72108326260746],[-98.59402703248206,18.72268051864163],[-98.59436191206458,18.724372104183473],[-98.5916064936147,18.723948177249508],[-98.58898276880993,18.723286658497024],[-98.58659832946941,18.72311170315267],[-98.58434256453401,18.722819383623083],[-98.58247693889173,18.722552412510737],[-98.58200339283904,18.7208412002357],[-98.58190489316769,18.719756428331795],[-98.58169281341057,18.718187941396643]]],[[[-98.66397554358957,18.658325725619292],[-98.66363997954018,18.658650179828985],[-98.66328616966885,18.659063689566068],[-98.6627096601316,18.659326580311745],[-98.66229557960602,18.659317400238653],[-98.66189504975189,18.659381659901463],[-98.66152303027962,18.659534339746546],[-98.66116528971698,18.659731219954377],[-98.66071408959489,18.659984550340738],[-98.66025257000477,18.660032829873096],[-98.65983420035738,18.660199109729515],[-98.65936694014856,18.660481320310357],[-98.65869094015362,18.660805249706517],[-98.658322850468,18.660797080235998],[-98.65798579960179,18.660774950128783],[-98.65770723032799,18.660871179574695],[-98.65751674981112,18.66113029038468],[-98.65703631007695,18.661324429811536],[-98.65665289040906,18.66131592015497],[-98.65630228988726,18.661220340178552],[-98.65599842013768,18.661096550282412],[-98.65584827965172,18.660961539622633],[-98.65551156998441,18.66092480030697],[-98.65520628018314,18.66085948018378],[-98.65497622032998,18.660854370428037],[-98.65484994993895,18.66099785993542],[-98.65473793954344,18.661185569935363],[-98.65468441989555,18.661491620016516],[-98.6541443498168,18.66224036973611],[-98.65393637999344,18.66258688035048],[-98.65364102967654,18.662741229781815],[-98.65337499956775,18.662683830350105],[-98.65314962961293,18.66240728029418],[-98.65292521957912,18.662268910208766],[-98.65272054961646,18.66224000044048],[-98.65242082984295,18.662301279607625],[-98.65209133967123,18.66225534958452],[-98.65178722975767,18.66224134028059],[-98.6515043500227,18.66229309010456],[-98.65119847984857,18.6623515798667],[-98.65093682021259,18.662469119910856],[-98.65077191022907,18.66267588998378],[-98.65063868012058,18.662832569769858],[-98.6505822298153,18.662961940030975],[-98.65051835041903,18.66308386006683],[-98.65045483028481,18.66319130988776],[-98.65029570979253,18.663343450130466],[-98.65007154981063,18.66348357964093],[-98.64985234009741,18.66373268958201],[-98.6499246297589,18.664198709871275],[-98.64982762026644,18.66474078043943],[-98.649623080435,18.665011980293265],[-98.64947213960193,18.66526986013317],[-98.64914077009246,18.665436629960382],[-98.64896878047166,18.665621480037323],[-98.64884337994413,18.666005859701375],[-98.64901919958933,18.66628534026472],[-98.6492569402979,18.666522689862536],[-98.64921112030353,18.666737779682887],[-98.6486464303478,18.666726030018623],[-98.648459170132,18.666853940308926],[-98.64831465011582,18.66708184998201],[-98.64834166582217,18.66710478581749],[-98.64944884886704,18.667274730975755],[-98.65146688673698,18.667535387408744],[-98.65367818653984,18.669091870555757],[-98.65959221424473,18.666806560016866],[-98.66324061225568,18.664057245991284],[-98.66404777005395,18.662883285128824],[-98.66417822631065,18.660725638824562],[-98.66397554358957,18.658325725619292]]],[[[-98.67129761175036,18.659181504922117],[-98.67120661997626,18.658738369608844],[-98.67113335027983,18.658381619593342],[-98.67122173961931,18.658026179774968],[-98.67143671988468,18.657756020073094],[-98.67167769030092,18.65762765027273],[-98.67179877028003,18.65753639962181],[-98.6722106200379,18.657264290146742],[-98.67228910984267,18.657150480011232],[-98.67244861977257,18.656919180022808],[-98.67246887956559,18.656572510313335],[-98.67237517964391,18.656368919639256],[-98.67209411042434,18.655926349795973],[-98.6719638301128,18.65555668987765],[-98.6720638501132,18.65512119981301],[-98.6721337795486,18.654673769558503],[-98.6723349995717,18.654205280124845],[-98.67237984982602,18.653997569668107],[-98.67227437004618,18.653801119623232],[-98.67149034036973,18.654028490134056],[-98.67116611007627,18.653724090420017],[-98.67094625967992,18.65321964981366],[-98.67084458010623,18.65275591019908],[-98.67085545984177,18.65268020032558],[-98.67075814037284,18.65245111001752],[-98.67067066030532,18.652269950146145],[-98.67056696990429,18.652411029609134],[-98.67044467969899,18.65282688989919],[-98.67037604974809,18.65312358015464],[-98.67033137017103,18.653249619973636],[-98.67024491984355,18.65343882002093],[-98.67009706018715,18.654046770261573],[-98.6700647399789,18.65438050983971],[-98.66997501006189,18.654490239690052],[-98.67046824181094,18.658184384381908],[-98.67099297397675,18.659015635432404],[-98.67129761175036,18.659181504922117]]]]},"properties":{"CLAVE":"VSa/SBC","DESCRIPCIO":"VEGETACIÓN SECUNDARIA ARBUSTIVA DE SELVA BAJA CADUCIFOLIA"}},
{"type":"Feature","geometry":{"type":"Polygon","coordinates":[[[-98.56294091626981,18.74611379941133],[-98.56288419988957,18.746154710216665],[-98.56255217982132,18.746357830408606],[-98.5621465397749,18.74682768019943],[-98.56166036962699,18.74688292010352],[-98.56114487974062,18.74703614956069],[-98.55948948964382,18.747380310086054],[-98.55813709015054,18.74812490965219],[-98.55771909043763,18.74774342993191],[-98.5576762795507,18.74774649034662],[-98.55764604313606,18.747782354437895],[-98.5576836164284,18.747830721496868],[-98.55851650467635,18.748806960969194],[-98.56065761346474,18.75459840352124],[-98.56307976308139,18.754160022246673],[-98.56323275561326,18.753080894178733],[-98.56487898301297,18.752237826884354],[-98.56436061813004,18.75149212307752],[-98.56409771935185,18.75012997664083],[-98.56409224405662,18.748641923729334],[-98.56369767643841,18.747034639212696],[-98.56294091626981,18.74611379941133]]]},"properties":{"CLAVE":"VSa/SBC","DESCRIPCIO":"VEGETACIÓN SECUNDARIA ARBUSTIVA DE SELVA BAJA CADUCIFOLIA"}},
{"type":"Feature","geometry":{"type":"Polygon","coordinates":[[[-98.57501880119568,18.787282272065045],[-98.57529206046702,18.78655107983709],[-98.57575611014947,18.78593594976857],[-98.57603494002134,18.785408429885372],[-98.57603747995911,18.78439615035293],[-98.57636494986433,18.783315919712734],[-98.57662675028547,18.782547110256775],[-98.57697574036762,18.781558650012688],[-98.5772077702611,18.781146980090142],[-98.57755605979891,18.780433309844316],[-98.57756526002795,18.78039294041534],[-98.57773122995265,18.779664289887492],[-98.57790534109768,18.779232410032588],[-98.57625841949192,18.779973411194014],[-98.57498823412885,18.780926071877115],[-98.57380707927638,18.781249563033093],[-98.57116391053212,18.781399102558932],[-98.56786476826596,18.781393205004907],[-98.56713376964856,18.781306208400476],[-98.56648833586176,18.780730240115275],[-98.56586748665634,18.7791729572271],[-98.56589382026908,18.77812155150382],[-98.56629354178654,18.776798228043912],[-98.56809069230573,18.775296735812333],[-98.57090658768676,18.774099239308917],[-98.57150853663477,18.7734819104738],[-98.57167786644784,18.772574084654856],[-98.57170766373854,18.771382518782485],[-98.57051817735241,18.76911089591477],[-98.57017112522901,18.76833145362728],[-98.57018866087279,18.767630544609236],[-98.57027770896106,18.767001416437584],[-98.57092521567255,18.764561760796514],[-98.57094450068843,18.763790770819096],[-98.57096378537304,18.763019786148433],[-98.57050528301389,18.76083520210917],[-98.57044779825641,18.76020271661958],[-98.57057191468594,18.7581718404797],[-98.570833643572,18.753586291290144],[-98.56786371642039,18.75347009753383],[-98.5680919560008,18.754877168295184],[-98.56806468510297,18.755959208462794],[-98.5682766666451,18.757527959816922],[-98.5662656802565,18.75748157507648],[-98.56475440897572,18.75756699699313],[-98.56173509503542,18.757220892550997],[-98.56170767953019,18.758313987431062],[-98.5614780152793,18.7589239103939],[-98.56010057599784,18.759712384555417],[-98.55929615610191,18.760445740886517],[-98.55898134529396,18.761600569689854],[-98.55910017045753,18.762560348354196],[-98.55951494882882,18.763116814323148],[-98.56316180203949,18.765867106795884],[-98.56540608865912,18.767559564005467],[-98.56589061611797,18.768185995366764],[-98.56615404539511,18.76908076593538],[-98.56613179774718,18.76996895194615],[-98.56501770656175,18.771652289396375],[-98.56435266469828,18.772525649483462],[-98.5635636055699,18.772644157032648],[-98.56285110983625,18.772559342177743],[-98.56214375214113,18.77226955858042],[-98.56093988073481,18.771831575996178],[-98.56015425541106,18.77181342253801],[-98.55936691025788,18.771863584135957],[-98.55885496317805,18.772330285075295],[-98.55855727544835,18.772801940880093],[-98.55854870124142,18.773143554064266],[-98.55882066728884,18.773696737906622],[-98.55963315419281,18.775492956290023],[-98.56037252303568,18.77735585516154],[-98.55999483777461,18.77816748794857],[-98.55941487309008,18.77849590193529],[-98.55760525609877,18.7794111565397],[-98.55681272534882,18.779666280701157],[-98.55638589518429,18.77958804096277],[-98.55596935826631,18.77909985234774],[-98.55529287593687,18.77758019398217],[-98.5551586120425,18.77723527411553],[-98.55466723185842,18.776882079384954],[-98.55438154059405,18.776875466513378],[-98.55265879383369,18.777177396849382],[-98.5515771330985,18.777562518053102],[-98.55155648250425,18.777565272399627],[-98.55144685621975,18.780235949869237],[-98.55082644028465,18.782239129429698],[-98.54986494143077,18.786470122543655],[-98.5502294706869,18.78784181446932],[-98.55122619453276,18.789010044369086],[-98.55329583803336,18.79058483466133],[-98.554146334321,18.790768118769098],[-98.55494396491893,18.790786582599218],[-98.55637925782695,18.79038355297274],[-98.55746312090756,18.7903540940458],[-98.55860259180989,18.790380444183445],[-98.55967688602264,18.790732463172265],[-98.5602858234155,18.791455434894637],[-98.56077628614668,18.794629566369945],[-98.56079635581911,18.796102381816336],[-98.56018832078551,18.797615220159763],[-98.55867410663043,18.798888989839895],[-98.55758744171645,18.799027459986828],[-98.55599756075148,18.798772551573133],[-98.55532068161335,18.798484226420673],[-98.55516070315396,18.79804426512851],[-98.55517439390037,18.797499260980718],[-98.55492647740256,18.796021164875544],[-98.55428248057585,18.794424843132212],[-98.5524880486161,18.793238135343373],[-98.5515369951494,18.79314771183352],[-98.55015412964747,18.793076721639668],[-98.5484145740112,18.79334838110631],[-98.54652552723198,18.79388954150382],[-98.54647025093284,18.793902697500055],[-98.54675518990514,18.79456790908827],[-98.54684045894987,18.79487211279036],[-98.54668604423934,18.795099644908476],[-98.54621675233358,18.79528431440781],[-98.54562045228515,18.795421409345174],[-98.54608591320833,18.796994573781184],[-98.54687852479573,18.79822271628139],[-98.54803167608348,18.79914974979903],[-98.54965092424112,18.80025638623755],[-98.55025903249283,18.800636225446375],[-98.55200226104333,18.80149250771208],[-98.55264331067232,18.80173243116769],[-98.552985457946,18.80216236940607],[-98.55317992309598,18.80261702103547],[-98.55379059719615,18.804066015782826],[-98.55425642258616,18.80542725647144],[-98.55429373954073,18.80549638959318],[-98.55613734597479,18.80816591723563],[-98.55691955516026,18.809774464173543],[-98.55756978271025,18.81150975097785],[-98.55822046881273,18.812745741378],[-98.55952729352225,18.814101671273985],[-98.56044491299632,18.815052115886004],[-98.56044552033245,18.81481777972596],[-98.56057825001814,18.81425615010509],[-98.56067748042693,18.813944219680604],[-98.56071110982774,18.813632110406836],[-98.56071215039854,18.813226259943015],[-98.56045030980488,18.81297588993992],[-98.56035284977018,18.812601050275543],[-98.56002621984467,18.812038339638132],[-98.5598957696136,18.81172584968418],[-98.55979831034286,18.811351000273056],[-98.55979920008997,18.81100759961594],[-98.5597674499869,18.810601679589904],[-98.5596371102745,18.8102579696254],[-98.55930972006176,18.809976219948418],[-98.55901507984203,18.809725779814574],[-98.55891738033633,18.8094445801124],[-98.55891908977314,18.80878899995398],[-98.55865741976308,18.808476180002046],[-98.55810102995022,18.807944150051902],[-98.55777425000167,18.807443879546536],[-98.55764293341616,18.807150367744438],[-98.55761777201059,18.807094128045033],[-98.5575785099785,18.80700637040597],[-98.55744858014539,18.80650655032587],[-98.55748294001587,18.805913489752076],[-98.55753184979956,18.805784419593554],[-98.55764791991682,18.805477539729957],[-98.55776975083162,18.80543571422296],[-98.55800916985508,18.805353519914064],[-98.55824084708905,18.80542760478634],[-98.55840257001942,18.805479319919474],[-98.5586364300229,18.805520349613246],[-98.55876329036803,18.805542620356384],[-98.55925552016471,18.805512570338202],[-98.55974718005488,18.805701029911667],[-98.55991051039048,18.80598237971186],[-98.56036919960256,18.80623322034536],[-98.56092655007855,18.80639063012928],[-98.5613858200162,18.80642292034249],[-98.56171376956199,18.806486120036627],[-98.56213868016829,18.80651091025581],[-98.56227145987484,18.806518659954953],[-98.56250646923992,18.806612486995885],[-98.56279867852699,18.804855795491154],[-98.56271028242855,18.80408015291705],[-98.56251024178623,18.80345665142826],[-98.56198559353722,18.802877229642668],[-98.56044358908457,18.80201643142337],[-98.56018191306279,18.80170094779806],[-98.56013966315932,18.801235815372632],[-98.56015129862189,18.800771928793512],[-98.56049012852127,18.800160883940137],[-98.56297566596712,18.797794397520704],[-98.56557792310366,18.7950695857284],[-98.56629776257908,18.794312620044227],[-98.56669429928502,18.793548196340105],[-98.5667662476126,18.79282785882766],[-98.56667913380417,18.79200071379906],[-98.56621613701188,18.791113327494593],[-98.56510046781781,18.788302777897208],[-98.56489785644878,18.78778239947671],[-98.56534826421911,18.78701924424283],[-98.5662335755099,18.786111414237535],[-98.569825729681,18.784750289004567],[-98.57296488448867,18.784255336649725],[-98.57376276587067,18.78468626080236],[-98.57448745488684,18.7858890397118],[-98.57501880119568,18.787282272065045]]]},"properties":{"CLAVE":"VSa/SBC","DESCRIPCIO":"VEGETACIÓN SECUNDARIA ARBUSTIVA DE SELVA BAJA CADUCIFOLIA"}},
{"type":"Feature","geometry":{"type":"Polygon","coordinates":[[[-98.64998980487012,18.675158809334004],[-98.65033328025189,18.675493030456824],[-98.65021308987892,18.67557944980844],[-98.65009411993671,18.676186180026207],[-98.65187915006085,18.676665280051175],[-98.65218582978585,18.676496350083152],[-98.65240911987273,18.676719259597252],[-98.65230557970872,18.676794769767312],[-98.65177225965546,18.677478629629793],[-98.65196556969403,18.677861259907218],[-98.65158802023504,18.678298650048962],[-98.65153587962882,18.678338679717182],[-98.65016585955674,18.677914680348003],[-98.6497232802353,18.67746268988367],[-98.64956168011516,18.67735477035158],[-98.64869417968974,18.67674545988784],[-98.64839930773321,18.67641459293403],[-98.64248241556207,18.68309054733214],[-98.64016249514007,18.684904496423453],[-98.64012053287023,18.686614331747176],[-98.64058115231994,18.687713410297825],[-98.64153675712646,18.688512606259334],[-98.64283251687418,18.688697363528185],[-98.6454164021995,18.68937772021928],[-98.6460319266851,18.690791333835847],[-98.64633396933945,18.691731314118968],[-98.64630731649713,18.692819419502985],[-98.64677438333304,18.700295471850595],[-98.64756384249371,18.701246464048232],[-98.64934329289589,18.701597602054715],[-98.65093645267282,18.70117906912746],[-98.65098934054875,18.70115604598153],[-98.65185775175397,18.70013786266728],[-98.65208912006625,18.699772230038615],[-98.65216935014676,18.69944402964755],[-98.65226436017764,18.69939901394037],[-98.65268371794376,18.697939935941776],[-98.65329848690133,18.695085657923933],[-98.65443798066816,18.69583427541555],[-98.65509877920303,18.696567657475466],[-98.65590330501243,18.69759170899598],[-98.65657466502235,18.697894105357324],[-98.65747215842732,18.69820152213649],[-98.65842480419894,18.697854051197385],[-98.6583837495658,18.69767963397586],[-98.65916703340291,18.696494565099822],[-98.65922894029823,18.696511858045668],[-98.65935847184359,18.695081167407782],[-98.65915166391031,18.694286016644664],[-98.65788434615486,18.6936829220656],[-98.65774765229875,18.693104934067428],[-98.6577021449515,18.691882154174532],[-98.65771444283482,18.691379346385293],[-98.65735866090812,18.690509019088644],[-98.65629992812491,18.690629232435267],[-98.65548137550209,18.690179828366563],[-98.65448211723478,18.68958992691495],[-98.65451720715635,18.689426992909432],[-98.65525814215465,18.685711010721697],[-98.65609312929146,18.684796623482548],[-98.65773272328279,18.684211342488],[-98.65984445372975,18.684258738186195],[-98.66112502223685,18.68506508834091],[-98.66167243602656,18.689276566733135],[-98.66219715446246,18.69442078083959],[-98.66330779213301,18.69553440625704],[-98.66347883300855,18.695568139178086],[-98.66350051968469,18.695423259561174],[-98.66382965992194,18.695022769721923],[-98.6640858500604,18.69467979963596],[-98.66406388032281,18.694426710195216],[-98.66403944981131,18.69444924987555],[-98.6637393401125,18.69427473960391],[-98.66347906039562,18.693675519599225],[-98.6636245698953,18.69357302957842],[-98.66395131971585,18.69345947964843],[-98.66415791962126,18.69330059964635],[-98.6643644203941,18.693008089976995],[-98.6644196903978,18.691719819645645],[-98.66400156993394,18.69175823010022],[-98.66404944981713,18.691124950258978],[-98.66403719991075,18.69050937990859],[-98.66389411976085,18.689799849596945],[-98.66426018020883,18.689775599949375],[-98.66440254005481,18.689764779727792],[-98.66456228990852,18.689767830303],[-98.66483912024289,18.689692380378233],[-98.66523202955452,18.68947405028765],[-98.66535627999208,18.688919060154298],[-98.66534084963305,18.68841073968288],[-98.66484072035226,18.6880501396482],[-98.66382943020562,18.68770797016789],[-98.66381099983361,18.687690649986536],[-98.66365117962556,18.68706145043737],[-98.6640121099849,18.686842259596887],[-98.66419427990185,18.68675112026836],[-98.66478509034822,18.686812020260717],[-98.66541528971004,18.686471980104244],[-98.66592284964368,18.686382510365394],[-98.6663093102625,18.686385459732502],[-98.66701131031263,18.68565015009433],[-98.66755028967893,18.68587931008164],[-98.66805626025798,18.685968340152925],[-98.66825671997626,18.686224000409453],[-98.6685280895714,18.68658490963019],[-98.66850857969135,18.687070660190546],[-98.6688690796141,18.6873289796971],[-98.66937406006457,18.687536029938038],[-98.67007629006142,18.687806550066522],[-98.67037843032007,18.687879044410714],[-98.67019415185588,18.686718127289293],[-98.66965298363309,18.682017299627187],[-98.66958003641702,18.680621450035506],[-98.66930349040727,18.680652280345594],[-98.66911674995434,18.680516890029107],[-98.66909764972729,18.680326369739763],[-98.66914623036386,18.680087569921632],[-98.66919381957214,18.679889480121513],[-98.66920517981586,18.67961814973018],[-98.66922914998979,18.679402579667066],[-98.66912630986124,18.678797420397395],[-98.66912962038849,18.678028979894925],[-98.66914395030011,18.67783014983021],[-98.66923483043809,18.677610380099438],[-98.6693592596244,18.677377780038203],[-98.66950835767688,18.677105544067427],[-98.66950802346392,18.677014856488196],[-98.66947084975591,18.67686129011122],[-98.66938714000788,18.676592399637133],[-98.6693004498906,18.676251030302804],[-98.66921817994829,18.67631256964857],[-98.66908887966396,18.676354970408422],[-98.66893682022135,18.676356139989558],[-98.66888082997185,18.676314149628737],[-98.66882793985565,18.676145520211698],[-98.66876498023606,18.67599929044145],[-98.6686988302675,18.67578963033927],[-98.66860784953865,18.675624680079746],[-98.66869585977018,18.67542258023999],[-98.66871939964732,18.675248479653163],[-98.66871512032888,18.675027800048696],[-98.66865100016275,18.6748885200106],[-98.66852699953816,18.674830630389398],[-98.66825791962738,18.67478790960137],[-98.66795251958726,18.67465248043867],[-98.6677175201267,18.674399119554582],[-98.66775451025555,18.674069080001832],[-98.66783970998154,18.673740110140077],[-98.66774844955576,18.67352668982368],[-98.66735199999538,18.673168660435735],[-98.66696671022326,18.673006780225126],[-98.66679585040298,18.672892710077146],[-98.66661445010705,18.672815170251308],[-98.66643798029274,18.67253554044869],[-98.66614737964935,18.67218904971413],[-98.6659619402944,18.671893020367726],[-98.6656551101219,18.671742349803143],[-98.66551663028984,18.671699769690644],[-98.66539322973271,18.67165752005094],[-98.66530375013984,18.671616020356172],[-98.66519086046414,18.67160634007885],[-98.66509699957717,18.67158987991882],[-98.66503677002888,18.671561510345096],[-98.66479922034759,18.671243910454987],[-98.66452438003377,18.670843999864445],[-98.66494757996934,18.670600140044773],[-98.66567899973636,18.670435030240867],[-98.66577156969898,18.670278260377906],[-98.66586379973054,18.670122059704617],[-98.66508301974004,18.66969671009097],[-98.66513751991334,18.669648829921996],[-98.66539128046641,18.6689200001775],[-98.66545887997931,18.668725800359265],[-98.66626624985035,18.66850025029728],[-98.666307420197,18.66826182968993],[-98.6662847495305,18.668012800179287],[-98.66625357021611,18.66767007967803],[-98.66618670967236,18.66688656969024],[-98.666169489629,18.666684720430382],[-98.66658777006647,18.665483260054934],[-98.66679891982429,18.664876749873603],[-98.66647004995696,18.66433733976377],[-98.66578567993251,18.663297690436305],[-98.66585597043557,18.662862910355376],[-98.66640682976312,18.66230594970536],[-98.66705960014453,18.661922019745674],[-98.6676274301105,18.66162759974429],[-98.66791433997106,18.661668059969998],[-98.66812964988438,18.6618509104194],[-98.66851558024773,18.66225580041598],[-98.66886903034765,18.66178637979946],[-98.6691529096061,18.66141618040241],[-98.66925737971566,18.661321090379843],[-98.66930214046405,18.661280350031348],[-98.66949069013886,18.66116437969666],[-98.66952647976689,18.661146260187195],[-98.66976603020034,18.661025030145606],[-98.67023527980794,18.660893600047192],[-98.67039381987856,18.660849200207515],[-98.66998955042908,18.660018149842667],[-98.67003462992116,18.65964736994904],[-98.6700826598865,18.659591480423696],[-98.67020528963761,18.65944878005764],[-98.67058378004927,18.659431860438445],[-98.67077928037534,18.659575320064278],[-98.67087034026909,18.659568449696557],[-98.67103842971915,18.659555750076958],[-98.67132902970216,18.65933452003542],[-98.67130796992195,18.659231949660597],[-98.67129761175036,18.659181504922117],[-98.67099297397675,18.659015635432404],[-98.67046824181094,18.658184384381908],[-98.66997501006189,18.654490239690052],[-98.6698023197715,18.6547014203805],[-98.66920116973863,18.654790619939526],[-98.66877885956329,18.655103420139618],[-98.66842937957885,18.655578920221775],[-98.66812811003447,18.65596762987984],[-98.66792248041487,18.656212020391205],[-98.66756585022075,18.656350549848877],[-98.66725338030022,18.656459690161693],[-98.66692584991588,18.656803550023692],[-98.66624105962211,18.656694750163556],[-98.66581763036642,18.65694286009041],[-98.66539249020029,18.657261150184933],[-98.66489488011426,18.657531019557453],[-98.66449028008006,18.65801362007948],[-98.66404230972726,18.658261169715928],[-98.66397554358957,18.658325725619292],[-98.66417822631065,18.660725638824562],[-98.66404777005395,18.662883285128824],[-98.66324061225568,18.664057245991284],[-98.65959221424473,18.666806560016866],[-98.65367818653984,18.669091870555757],[-98.65381707683389,18.67152624888713],[-98.65314076461023,18.672599661230798],[-98.65246824973644,18.673517646350945],[-98.64998980487012,18.675158809334004]]]},"properties":{"CLAVE":"VSA/SBC","DESCRIPCIO":"VEGETACIÓN SECUNDARIA ARBÓREA DE SELVA BAJA CADUCIFOLIA"}},
{"type":"Feature","geometry":{"type":"Polygon","coordinates":[[[-98.6041656383637,18.941537405643288],[-98.60630354148199,18.941991210384966],[-98.60679334820233,18.942164957206074],[-98.60764164604683,18.942278052290703],[-98.60824896349082,18.94273837927779],[-98.6066172376673,18.944132963942153],[-98.60533487411847,18.944424827031725],[-98.6033895650571,18.94472029703661],[-98.60212286747392,18.944955291752922],[-98.60170478442902,18.9458238701095],[-98.60237408039248,18.946921556850018],[-98.60370662375385,18.947381413412828],[-98.60437278016643,18.94772534120716],[-98.60534790356911,18.9478367256688],[-98.60705654123998,18.947831515480797],[-98.60838650224939,18.947307754387232],[-98.60862565633595,18.94678650613306],[-98.60874437192862,18.94586037896942],[-98.60952653702913,18.94556936743786],[-98.61001195809237,18.94608837701053],[-98.61019512831011,18.9467239184816],[-98.61085913278424,18.947299911416287],[-98.61128503389027,18.948281704939426],[-98.61237203291775,18.94856758677916],[-98.61303404983241,18.948217517030145],[-98.61309206800333,18.947697831256956],[-98.61296956658019,18.94717744441233],[-98.61248329951452,18.946311464723195],[-98.61187908062357,18.94590861693851],[-98.61097056891364,18.944984627393154],[-98.6106655194233,18.94365635949491],[-98.61066246725052,18.94267342193839],[-98.61126303993899,18.942207076148897],[-98.6122261205077,18.94220461249779],[-98.61337445325185,18.94283601916087],[-98.61403736984072,18.94318273952894],[-98.6146486639246,18.944741488071113],[-98.61579529093528,18.94456450880698],[-98.61639862281775,18.944157313685047],[-98.61657877521978,18.9438104687612],[-98.61639095853336,18.942654428105996],[-98.6157243291772,18.941903846672968],[-98.61542030054714,18.94132701222516],[-98.61650489211588,18.940802790298104],[-98.61692563424185,18.939993305760517],[-98.6168601079888,18.93872174929713],[-98.61667721180889,18.938142565255912],[-98.61643387751757,18.936880037219826],[-98.61644903954532,18.93680051975081],[-98.61645545861725,18.936766854922986],[-98.61677711220224,18.935079903765313],[-98.61677483524421,18.935065940714434],[-98.61676807137074,18.93502445883197],[-98.61675422871913,18.934747364118675],[-98.61661473810811,18.933696387006332],[-98.61662039286033,18.93262894446009],[-98.61682148746881,18.93202065209909],[-98.61703447425461,18.931768485454995],[-98.61745021109802,18.93167908674],[-98.6179432480257,18.931808908928513],[-98.61884735674272,18.93287724739649],[-98.61898373323987,18.933216433480368],[-98.61899757840516,18.933493525597793],[-98.61896814652866,18.933848714571727],[-98.61899441004562,18.935066414185087],[-98.6189947108432,18.935080395352898],[-98.6183387652969,18.936003619637304],[-98.61858644300077,18.936750916347044],[-98.61864605887703,18.93677272984676],[-98.61873898223382,18.93680673002326],[-98.6192112637021,18.93697953496046],[-98.61979574224318,18.93680958421924],[-98.61981544773107,18.936803854626415],[-98.6198739915345,18.936776008895254],[-98.62090881614864,18.936283803570195],[-98.62122796504879,18.93569896814557],[-98.62166886485414,18.935080943882657],[-98.62166939522913,18.93506694150893],[-98.62168264880151,18.934716999860367],[-98.6218028212021,18.934028861043775],[-98.62187969719425,18.9337016233936],[-98.62209068292633,18.933517246551364],[-98.62240978748717,18.93348336488888],[-98.62285804926725,18.93344418861894],[-98.62308855074751,18.933515214846214],[-98.62370541291263,18.93396511192654],[-98.62424146453397,18.934552991905495],[-98.62448390236341,18.934838126452952],[-98.62455571239715,18.935067455594425],[-98.62456010442698,18.935081482191016],[-98.62474496752014,18.935498364918146],[-98.62558739403329,18.936358092794304],[-98.62619412894763,18.93664542186504],[-98.62691944510023,18.936757981369887],[-98.62752391986474,18.93675518432275],[-98.6284301277406,18.936580059064585],[-98.630092961805,18.936116069559866],[-98.63067153515463,18.935715111599553],[-98.63203616474974,18.935082616272748],[-98.63203787826872,18.93506852983216],[-98.63209725663316,18.934580544289773],[-98.6323468574437,18.93428323677925],[-98.63369245458688,18.934135466510334],[-98.63537204381252,18.934048696614635],[-98.63558044905197,18.933910840180115],[-98.63597994040472,18.93358127344253],[-98.6363734709716,18.93273476665921],[-98.63680265771224,18.93119405971048],[-98.6369755490653,18.930984118533004],[-98.63721989312647,18.930900535206288],[-98.63787404560411,18.930826209084234],[-98.6382825446715,18.930888898070712],[-98.63855628449224,18.93112674877484],[-98.63859776063829,18.93171576970891],[-98.63844844636655,18.933244984875394],[-98.63819358105475,18.935069132110176],[-98.63819160620601,18.935083266213983],[-98.6372783485672,18.93682141342803],[-98.6372603509235,18.936855665687002],[-98.63666479769492,18.937989126327768],[-98.63632921600194,18.938959814990433],[-98.63594724207866,18.94035262806581],[-98.63752708335561,18.94063780726912],[-98.63813034061637,18.94005761226235],[-98.63854904294129,18.939246362628005],[-98.63933429319206,18.938491648142826],[-98.64080569205869,18.938948727176964],[-98.64144751081064,18.940278045070748],[-98.64260595444085,18.93975389139053],[-98.64395145235335,18.93928445111626],[-98.64488990459697,18.93980430079365],[-98.64546802017024,18.940899038679206],[-98.64480609078736,18.941481336010394],[-98.6441471153677,18.94246750324347],[-98.64384651752779,18.94356533618714],[-98.64463886406294,18.944547837298458],[-98.64602919214303,18.9443692175889],[-98.64723964520324,18.944307702162558],[-98.64851151873962,18.944072377533672],[-98.65002524020208,18.944238931958623],[-98.65092915846309,18.943832088543353],[-98.65189301522453,18.942265708905033],[-98.65242952846627,18.94099290537819],[-98.65321335681286,18.94029557952336],[-98.65448073416317,18.940060152207174],[-98.65647417963669,18.939995736484608],[-98.65852585202218,18.939466798170393],[-98.66057730825419,18.938824089940386],[-98.66196400182203,18.938125492855047],[-98.66274847655207,18.938122058252798],[-98.66334961859484,18.93812133597173],[-98.66444045697388,18.93881126246755],[-98.66560892247844,18.9382116389231],[-98.66376864970249,18.93688666382692],[-98.66372552024777,18.9368556100727],[-98.66272458589081,18.936592416883382],[-98.66110914732958,18.935713530265218],[-98.65959890882718,18.935679661065866],[-98.65910140333297,18.935427737743783],[-98.6581152617388,18.934562937890735],[-98.65864525610719,18.933491399788988],[-98.65688925196449,18.933211225801525],[-98.65518569265532,18.934117773633783],[-98.65494225703773,18.933155270418787],[-98.65449097313788,18.93250710758802],[-98.65403191160563,18.932177779538875],[-98.65337277908186,18.931843954328922],[-98.65244221525046,18.931695422548486],[-98.65043524964129,18.931905478844854],[-98.64922545583352,18.932261063802272],[-98.6484918498449,18.93224454604396],[-98.64789162729951,18.932231030020425],[-98.64682612331333,18.932143227589837],[-98.64642909481954,18.93200667696091],[-98.64603830404604,18.93161506224304],[-98.64429381934815,18.929278891331],[-98.64346274813522,18.927792731959943],[-98.64327360698756,18.92734186219999],[-98.64248114319076,18.927004983781366],[-98.64181893769944,18.926798645325363],[-98.64088685584748,18.926713812009503],[-98.63942282929956,18.926553160485803],[-98.63789211401952,18.92639099491826],[-98.6372981732234,18.926122374087914],[-98.63677561073318,18.925663964743066],[-98.63645311645452,18.92521007701068],[-98.63626087268082,18.924886731006552],[-98.63587169566365,18.924431335645725],[-98.63508082971543,18.924030660826084],[-98.63408208114417,18.923944277379423],[-98.63121451982809,18.9238794032324],[-98.63060650362851,18.92418464072788],[-98.63020010949168,18.924430641309762],[-98.62992552138701,18.924743422520184],[-98.62949875543855,18.925818365706853],[-98.62908452052714,18.92638318594378],[-98.62860672742089,18.92681896753956],[-98.62800339073345,18.926932903585293],[-98.62673787028231,18.9268404270693],[-98.6242845114197,18.92621059774423],[-98.62315865533625,18.925866059701157],[-98.62249648651373,18.92565963578099],[-98.62162953820506,18.92563996135718],[-98.62115800519788,18.925820656896438],[-98.62067862011567,18.926320178165458],[-98.62066762251389,18.92676653282604],[-98.62065819637412,18.927149121710507],[-98.62166396288984,18.929660192506557],[-98.6216451145908,18.930425381522884],[-98.62123082823682,18.93099019151714],[-98.62102604506688,18.931176950869073],[-98.62056078328332,18.93110258500264],[-98.62009865995552,18.93090068582633],[-98.61939335028715,18.929736242242182],[-98.61908190654016,18.928835948114983],[-98.61828791918872,18.92856270973633],[-98.61775125920826,18.928678115335977],[-98.61747349358473,18.929118410688567],[-98.61746248520792,18.92956476941709],[-98.61744990460038,18.93007489645629],[-98.61710701648836,18.93044991042065],[-98.61649893652515,18.930755097102196],[-98.61583202890382,18.930739935897922],[-98.61543345762526,18.930667072750477],[-98.6145727762394,18.930392290819633],[-98.61403767572013,18.930443921651225],[-98.61369949979293,18.930627632878302],[-98.61362651516372,18.93088117839761],[-98.61361234708039,18.93145507412033],[-98.61346794177757,18.931898399101705],[-98.61325684844472,18.932340209071302],[-98.61285039956951,18.932586170866195],[-98.61137688758956,18.93280783949345],[-98.61024470319765,18.932718254874782],[-98.6096381792218,18.932959651185747],[-98.60909360859607,18.933393861310748],[-98.6088288210566,18.933738213923743],[-98.60846973027088,18.934336681473255],[-98.60841989344956,18.935063860780726],[-98.6084189418488,18.935077753122034],[-98.60847009914565,18.935325444031125],[-98.60877853209641,18.935844641779013],[-98.60879729935418,18.935910111609154],[-98.60858860082354,18.936723899576368],[-98.60859704961555,18.936745516524137],[-98.6086101349665,18.936778994167465],[-98.60901746224788,18.937821161154318],[-98.60799069394007,18.938343213428723],[-98.60671441639161,18.937366077561755],[-98.60592233935017,18.937655302128174],[-98.6053746387414,18.93800354487068],[-98.60556200528576,18.938929763518377],[-98.60617404847925,18.93933319533602],[-98.60654087027372,18.940083179696764],[-98.60550435260585,18.94020083263981],[-98.60483419589451,18.94060775576904],[-98.6041656383637,18.941537405643288]]]},"properties":{"CLAVE":"VW","DESCRIPCIO":"PRADERA DE ALTA MONTAÑA"}},
{"type":"Feature","geometry":{"type":"Polygon","coordinates":[[[-98.66695397780956,18.957629745989323],[-98.66698323034262,18.95755783022735],[-98.66722458009743,18.95729111965803],[-98.66754613987435,18.957062720071004],[-98.66834911004284,18.95694968035636],[-98.66887157006275,18.956607119578816],[-98.66931353964239,18.956378939653323],[-98.6697551101342,18.95634157031031],[-98.6699560196745,18.95622743013433],[-98.67039797045653,18.95599922958135],[-98.6706394800248,18.955656180212827],[-98.67084135028696,18.955045919555307],[-98.67105530983395,18.95440839987331],[-98.67120078912355,18.954098707991445],[-98.67014099744574,18.953885925413896],[-98.67032534825316,18.952728372074787],[-98.67050640821658,18.951398982999276],[-98.66996564981024,18.95082083923667],[-98.66924098207085,18.950592403690393],[-98.66839675532196,18.950307244738045],[-98.6665874507061,18.94979280530101],[-98.66588774173951,18.95087443409139],[-98.66667218818122,18.95156614337626],[-98.66715367888725,18.95243197433103],[-98.6666644672937,18.95381992263318],[-98.66557492316767,18.95497997010948],[-98.66502271424173,18.956370575652727],[-98.66471322583924,18.957586871344],[-98.66652210254314,18.957869814199125],[-98.66695397780956,18.957629745989323]]]},"properties":{"CLAVE":"VW","DESCRIPCIO":"PRADERA DE ALTA MONTAÑA"}},
{"type":"Feature","geometry":{"type":"Polygon","coordinates":[[[-98.60040586196646,18.949529728493925],[-98.6001150862858,18.951093401781268],[-98.59963877294489,18.951963476879794],[-98.59916209923075,18.952600371450256],[-98.59868631413399,18.953990983854204],[-98.59863029229746,18.95497374200525],[-98.59802925151834,18.95601630623569],[-98.59706115031341,18.95659771753303],[-98.59712715130952,18.958102609223577],[-98.59719311056969,18.959258241689838],[-98.59658939197318,18.960591425057153],[-98.59544756550875,18.961694422291288],[-98.59430540966544,18.96291287253451],[-98.59460972502644,18.963894216548862],[-98.59516019262249,18.964932955297513],[-98.59450166537057,18.966613562819337],[-98.59263043285053,18.96708099243485],[-98.59094201931259,18.967665213725383],[-98.58991862002821,18.968884107973526],[-98.58992185819609,18.970271004458024],[-98.58944150840203,18.97091018264189],[-98.5881774414929,18.97137668186605],[-98.587087216134,18.971842034294863],[-98.5868530890078,18.973289492816637],[-98.58733887312809,18.97404012892713],[-98.58860983759007,18.974151738208032],[-98.59042563509253,18.97437649876524],[-98.59103016501064,18.974954637438653],[-98.59067605119357,18.976631461744713],[-98.59122023485371,18.977150198408413],[-98.59170686787535,18.97749639126246],[-98.59345595841057,18.97592998045977],[-98.59478364777557,18.975404012202883],[-98.59587193732459,18.975690563248712],[-98.59581542170159,18.976904899983797],[-98.59449492470847,18.979048862376033],[-98.59316800667177,18.97992242427686],[-98.59153875489224,18.98050406044807],[-98.58990982895753,18.981262603401863],[-98.5888859452889,18.982016216993188],[-98.58882985173682,18.9831173868515],[-98.58962275517501,18.98426986148181],[-98.59168258463805,18.985248813552662],[-98.59283567774702,18.985823576622412],[-98.59380754105261,18.98709274977183],[-98.5950160554797,18.9866823478779],[-98.59670672508722,18.986041753223333],[-98.59791227988505,18.985458896792423],[-98.59821906608788,18.986267992319128],[-98.59822285766961,18.98719418275522],[-98.59835490537324,18.989332701040745],[-98.60090215523329,18.989960811685453],[-98.60144671725983,18.989612571830342],[-98.60204609079732,18.98926444172502],[-98.60283514231071,18.988857491700024],[-98.60350116828565,18.98931751514416],[-98.60476796719036,18.988966380360583],[-98.60603373730467,18.987748277234502],[-98.60694017964627,18.987514069343312],[-98.60821440067669,18.987855371455602],[-98.60948174212672,18.987678850479462],[-98.61123252531432,18.98680452486508],[-98.61152322825049,18.98477977597811],[-98.61024801574523,18.984089203730978],[-98.60837488550936,18.98409607361617],[-98.60674033735327,18.984389933438404],[-98.60613563773778,18.984565590766735],[-98.6050473302638,18.984338288884302],[-98.60503673251355,18.98260191423993],[-98.60509149490838,18.981619051208334],[-98.60436354588369,18.98098582811851],[-98.60345684700452,18.98133605042358],[-98.602492664829,18.982089411738496],[-98.6017089516957,18.982671108790484],[-98.60068461056979,18.983251864916625],[-98.60002130640555,18.983486457486872],[-98.59911191715463,18.98296909160822],[-98.59934799957496,18.98169626399098],[-98.59989116293902,18.981404893591385],[-98.6006714746636,18.98018715388701],[-98.60066425846483,18.979029378108226],[-98.60132886352586,18.979028614818894],[-98.60259855296069,18.978155384597976],[-98.60349798837099,18.977227059551147],[-98.60434306051972,18.976184861969962],[-98.60343408036137,18.975667535391363],[-98.60246135587741,18.97561065095307],[-98.60100849164466,18.975037099054518],[-98.5994337851611,18.974579637998943],[-98.5984679138459,18.974062116914897],[-98.59737626372485,18.973719193713222],[-98.5971890172318,18.972446966862],[-98.59821552898849,18.97215471251586],[-98.59905979750329,18.97134178377147],[-98.59984169910618,18.9703562099628],[-98.60086505868661,18.969427342072283],[-98.60134745621716,18.969657922487848],[-98.60183133762939,18.969829377420954],[-98.60316189313059,18.968899541569954],[-98.603096402963,18.968089168678713],[-98.60394056138482,18.967278498926735],[-98.60460546936822,18.967447814456122],[-98.6059320764039,18.96686542624542],[-98.60532594654084,18.96605809664548],[-98.60489847108009,18.96524858267495],[-98.60404721431476,18.964152389174703],[-98.60434713316037,18.963399847895737],[-98.60531160224535,18.962818321641418],[-98.60548652228884,18.96148845698044],[-98.60457783160614,18.96120265076786],[-98.60433226664539,18.960335309623098],[-98.60505275218604,18.959637346279628],[-98.60468704435476,18.959003328598833],[-98.60328963154812,18.957676838455345],[-98.60232067163972,18.95698690925628],[-98.60261891264922,18.956174702266882],[-98.60327718145557,18.955422478366856],[-98.60412840792641,18.956459464050074],[-98.60502609291261,18.955531256014226],[-98.60435744059338,18.954723686402456],[-98.60483448888544,18.95391213890069],[-98.60562085287508,18.95362119547429],[-98.6054919561094,18.952406193810496],[-98.60494166267414,18.951830603184654],[-98.60421219317756,18.951138845079054],[-98.60330607611128,18.95096684831571],[-98.60263976452295,18.950333912643867],[-98.60227659139899,18.950045187953062],[-98.60040586196646,18.949529728493925]]]},"properties":{"CLAVE":"VW","DESCRIPCIO":"PRADERA DE ALTA MONTAÑA"}},
{"type":"Feature","geometry":{"type":"MultiPolygon","coordinates":[[[[-98.6502313499642,18.99640288543926],[-98.6501928899501,18.99627665014494],[-98.65019457009645,18.995475220094928],[-98.65031660016423,18.994712180418027],[-98.65027708984486,18.994406800272348],[-98.65015761988133,18.993948619713716],[-98.65031978023296,18.99318565990856],[-98.65072244985635,18.992613969775437],[-98.65088388985579,18.99219447997196],[-98.65109099023054,18.991705132465803],[-98.6506708299926,18.99146294482614],[-98.64902814413394,18.99166681358175],[-98.6473973131636,18.99138929637333],[-98.64575739705006,18.992010786104455],[-98.64403351359084,18.989868644135413],[-98.64317297592562,18.98900639869888],[-98.64230947835942,18.98826449043682],[-98.64208143357142,18.987296092577076],[-98.64248289083756,18.986341891516485],[-98.6420089921434,18.985127148531873],[-98.64113661402806,18.984746260855257],[-98.63953483772382,18.98457176689794],[-98.63924111858921,18.98567209130033],[-98.63767358528368,18.987038914980527],[-98.63605254185997,18.9873876134654],[-98.63391836144959,18.988110000884483],[-98.63198798473827,18.988740644611447],[-98.63016546454638,18.989084725119987],[-98.63134552197592,18.990267337447452],[-98.63265014898742,18.99048949101926],[-98.63516583399728,18.990642672052612],[-98.63633166859687,18.99240289237372],[-98.63701056315918,18.993477825819813],[-98.63860551171729,18.994188124572208],[-98.64141394472936,18.99473311942534],[-98.64392021892617,18.995271254393288],[-98.64633053324307,18.99561452875831],[-98.64874560378163,18.995765215204077],[-98.6502313499642,18.99640288543926]]],[[[-98.64982459954717,18.999130069508933],[-98.65033754023315,18.998052249794615],[-98.65041997001806,18.997021979948556],[-98.65039763127653,18.996948659328574],[-98.6493176375542,18.99859513090427],[-98.64982459954717,18.999130069508933]]]]},"properties":{"CLAVE":"VW","DESCRIPCIO":"PRADERA DE ALTA MONTAÑA"}}
]}